family,seed,alpha,images,scope,dice,dice_images,bf1,bf1_images,moved_fraction,moved_fraction_images,mean_abs_offset,mean_abs_offset_images,correct_to_incorrect_rate,correct_to_incorrect_rate_images
S64,17,0.0,100,exploratory_dev100_sensitivity_not_selection,0.8082970545836051,100,0.48569583923065385,100,0.7810527146464646,99,3.461647727272727,99,0.20749082329124247,92
S64,17,0.02,100,exploratory_dev100_sensitivity_not_selection,0.8434950565212307,100,0.5361768258092382,100,0.7069917929292929,99,1.926333648989899,99,0.17023340414173865,92
S64,17,0.05,100,exploratory_dev100_sensitivity_not_selection,0.856046185558224,100,0.5510643269921444,100,0.5750078914141414,99,1.1642203282828283,99,0.1147181376477923,92
S64,17,0.1,100,exploratory_dev100_sensitivity_not_selection,0.856632069044621,100,0.546093665097495,100,0.3955965909090909,99,0.6120186237373737,99,0.06427737650896119,92
S64,17,0.2,100,exploratory_dev100_sensitivity_not_selection,0.8548096035624636,100,0.5292777061617788,100,0.17084911616161616,99,0.20750473484848486,99,0.02515969936008485,92
S64,17,0.5,100,exploratory_dev100_sensitivity_not_selection,0.8531051649199445,100,0.5139631933541883,100,0.003630050505050505,99,0.005326704545454545,99,0.0,92
S64,17,1.0,100,exploratory_dev100_sensitivity_not_selection,0.8530754761528805,100,0.5134825194984042,100,0.0,99,0.0,99,0.0,92
S64,17,2.0,100,exploratory_dev100_sensitivity_not_selection,0.8530754761528805,100,0.5134825194984042,100,0.0,99,0.0,99,0.0,92
S64,23,0.0,100,exploratory_dev100_sensitivity_not_selection,0.8223479676101482,100,0.47917797349477964,100,0.772885101010101,99,2.689078282828283,99,0.22733484491042116,92
S64,23,0.02,100,exploratory_dev100_sensitivity_not_selection,0.8430482693706962,100,0.5192926088168681,100,0.6767676767676768,99,1.6565656565656566,99,0.18355459123759438,92
S64,23,0.05,100,exploratory_dev100_sensitivity_not_selection,0.8529554435757393,100,0.5338641517853304,100,0.5181502525252525,99,0.9626736111111112,99,0.1207441345060862,92
S64,23,0.1,100,exploratory_dev100_sensitivity_not_selection,0.8535186700349017,100,0.5336993702270091,100,0.3293087121212121,99,0.48879419191919193,99,0.06465149306679333,92
S64,23,0.2,100,exploratory_dev100_sensitivity_not_selection,0.8535434545294409,100,0.5208418728928838,100,0.09485479797979798,99,0.1291824494949495,99,0.01194910100360413,92
S64,23,0.5,100,exploratory_dev100_sensitivity_not_selection,0.8530971674946308,100,0.5134864194764541,100,0.002840909090909091,99,0.004971590909090909,99,0.0,92
S64,23,1.0,100,exploratory_dev100_sensitivity_not_selection,0.8530787344605786,100,0.5134825194984042,100,0.0005918560606060606,99,0.0006313131313131314,99,0.0,92
S64,23,2.0,100,exploratory_dev100_sensitivity_not_selection,0.8530757724081356,100,0.5134825194984042,100,3.945707070707071e-05,99,3.945707070707071e-05,99,0.0,92
S64,42,0.0,100,exploratory_dev100_sensitivity_not_selection,0.7920220885592508,100,0.44951294783553714,100,0.791311553030303,99,4.072403724747475,99,0.24295044844061545,92
S64,42,0.02,100,exploratory_dev100_sensitivity_not_selection,0.8403344294719273,100,0.5155932838091912,100,0.7043087121212122,99,2.091500946969697,99,0.19943691941360106,92
S64,42,0.05,100,exploratory_dev100_sensitivity_not_selection,0.8534839308939784,100,0.5339414310595825,100,0.5531881313131313,99,1.2130681818181819,99,0.14160735556380855,92
S64,42,0.1,100,exploratory_dev100_sensitivity_not_selection,0.8536480688498517,100,0.53461088376106,100,0.3613873106060606,99,0.6069681186868687,99,0.07558916665087319,92
S64,42,0.2,100,exploratory_dev100_sensitivity_not_selection,0.85353716947425,100,0.5233738300345796,100,0.13151041666666666,99,0.17522885101010102,99,0.02126822530558858,92
S64,42,0.5,100,exploratory_dev100_sensitivity_not_selection,0.8530904415510098,100,0.5134825194984042,100,0.002170138888888889,99,0.0038667929292929295,99,0.0,92
S64,42,1.0,100,exploratory_dev100_sensitivity_not_selection,0.8530778459403092,100,0.5134825194984042,100,0.0004734848484848485,99,0.0004734848484848485,99,0.0,92
S64,42,2.0,100,exploratory_dev100_sensitivity_not_selection,0.8530754761528805,100,0.5134825194984042,100,0.0,99,0.0,99,0.0,92
S96,17,0.0,100,exploratory_dev100_sensitivity_not_selection,0.8125095537486895,100,0.4663999543895799,100,0.7194602272727273,99,3.054095643939394,99,0.19004902260735987,92
S96,17,0.02,100,exploratory_dev100_sensitivity_not_selection,0.8497162680677508,100,0.5294825368821043,100,0.6313920454545454,99,1.5780460858585859,99,0.1545138993619126,92
S96,17,0.05,100,exploratory_dev100_sensitivity_not_selection,0.856319108500045,100,0.5391867585648865,100,0.4782986111111111,99,0.8968986742424242,99,0.10025977659970675,92
S96,17,0.1,100,exploratory_dev100_sensitivity_not_selection,0.8547158271634184,100,0.5327297116539443,100,0.2750157828282828,99,0.428543244949495,99,0.046102199884500594,92
S96,17,0.2,100,exploratory_dev100_sensitivity_not_selection,0.8533516325530575,100,0.5196623997942666,100,0.059501262626262624,99,0.09161931818181818,99,0.005321276173335083,92
S96,17,0.5,100,exploratory_dev100_sensitivity_not_selection,0.8530848872527856,100,0.5136030708498616,100,0.0020912247474747475,99,0.0031960227272727275,99,0.0,92
S96,17,1.0,100,exploratory_dev100_sensitivity_not_selection,0.8530757724081356,100,0.5134825194984042,100,3.945707070707071e-05,99,3.945707070707071e-05,99,0.0,92
S96,17,2.0,100,exploratory_dev100_sensitivity_not_selection,0.8530754761528805,100,0.5134825194984042,100,0.0,99,0.0,99,0.0,92
S96,23,0.0,100,exploratory_dev100_sensitivity_not_selection,0.8236779689149054,100,0.4864519412800158,100,0.7377683080808081,99,2.6666666666666665,99,0.20693272770467272,92
S96,23,0.02,100,exploratory_dev100_sensitivity_not_selection,0.847026639848105,100,0.5250671984824988,100,0.6402698863636364,99,1.5632102272727273,99,0.16382015602481143,92
S96,23,0.05,100,exploratory_dev100_sensitivity_not_selection,0.8537263807337738,100,0.5375198803718506,100,0.47419507575757575,99,0.8545217803030303,99,0.10579837899030729,92
S96,23,0.1,100,exploratory_dev100_sensitivity_not_selection,0.8536975536502829,100,0.5347112340489977,100,0.2848800505050505,99,0.42278251262626265,99,0.05310485011016047,92
S96,23,0.2,100,exploratory_dev100_sensitivity_not_selection,0.853463046398588,100,0.521127231479351,100,0.08092645202020202,99,0.10823074494949494,99,0.011314863461825666,92
S96,23,0.5,100,exploratory_dev100_sensitivity_not_selection,0.8530812472179435,100,0.5134864194764541,100,0.0010258838383838385,99,0.0013020833333333333,99,0.0,92
S96,23,1.0,100,exploratory_dev100_sensitivity_not_selection,0.8530754761528805,100,0.5134825194984042,100,0.0,99,0.0,99,0.0,92
S96,23,2.0,100,exploratory_dev100_sensitivity_not_selection,0.8530754761528805,100,0.5134825194984042,100,0.0,99,0.0,99,0.0,92
S96,42,0.0,100,exploratory_dev100_sensitivity_not_selection,0.8094362416326082,100,0.4804663861102682,100,0.7797506313131313,99,3.32556029040404,99,0.25225968354085565,92
S96,42,0.02,100,exploratory_dev100_sensitivity_not_selection,0.8416395382671008,100,0.5213007651819431,100,0.7084517045454546,99,2.054766414141414,99,0.22250172794196366,92
S96,42,0.05,100,exploratory_dev100_sensitivity_not_selection,0.8525897734684021,100,0.5318166186081967,100,0.5896859217171717,99,1.297466856060606,99,0.17284012964784418,92
S96,42,0.1,100,exploratory_dev100_sensitivity_not_selection,0.8539447036704076,100,0.5318285651823489,100,0.42223011363636365,99,0.7205255681818182,99,0.10269016849634512,92
S96,42,0.2,100,exploratory_dev100_sensitivity_not_selection,0.8537581876987101,100,0.5240185286665136,100,0.1732559974747475,99,0.23997790404040403,99,0.028921757850111123,92
S96,42,0.5,100,exploratory_dev100_sensitivity_not_selection,0.8530931507879989,100,0.5136866329531447,100,0.004103535353535354,99,0.007181186868686869,99,0.0,92
S96,42,1.0,100,exploratory_dev100_sensitivity_not_selection,0.8530778459403092,100,0.5134825194984042,100,0.00027619949494949494,99,0.00039457070707070706,99,0.0,92
S96,42,2.0,100,exploratory_dev100_sensitivity_not_selection,0.8530754761528805,100,0.5134825194984042,100,0.0,99,0.0,99,0.0,92
N0,17,0.0,100,exploratory_dev100_sensitivity_not_selection,0.8223580603245721,100,0.4769847064720145,100,0.30934343434343436,99,1.4187184343434343,99,0.09033294827973179,92
N0,17,0.02,100,exploratory_dev100_sensitivity_not_selection,0.8509782716156923,100,0.5247226188908359,100,0.2645596590909091,99,0.5748895202020202,99,0.07550415704300041,92
N0,17,0.05,100,exploratory_dev100_sensitivity_not_selection,0.8530879484445864,100,0.5286757842133912,100,0.2165798611111111,99,0.39752998737373735,99,0.05447910393211809,92
N0,17,0.1,100,exploratory_dev100_sensitivity_not_selection,0.8537009188158333,100,0.5298948372200782,100,0.15380366161616163,99,0.23188920454545456,99,0.028075632226563996,92
N0,17,0.2,100,exploratory_dev100_sensitivity_not_selection,0.8536450697705494,100,0.5225326587736885,100,0.07532354797979798,99,0.08487215909090909,99,0.009532542333774487,92
N0,17,0.5,100,exploratory_dev100_sensitivity_not_selection,0.8531244890094599,100,0.5142302667397448,100,0.002051767676767677,99,0.002051767676767677,99,0.0,92
N0,17,1.0,100,exploratory_dev100_sensitivity_not_selection,0.8530754761528805,100,0.5134825194984042,100,0.0,99,0.0,99,0.0,92
N0,17,2.0,100,exploratory_dev100_sensitivity_not_selection,0.8530754761528805,100,0.5134825194984042,100,0.0,99,0.0,99,0.0,92
N0,23,0.0,100,exploratory_dev100_sensitivity_not_selection,0.8302715776569142,100,0.4936600807046231,100,0.6236584595959596,99,1.549084595959596,99,0.14064536107699444,92
N0,23,0.02,100,exploratory_dev100_sensitivity_not_selection,0.8510430560701974,100,0.5371027151338361,100,0.5664457070707071,99,0.9350142045454546,99,0.11758707268363121,92
N0,23,0.05,100,exploratory_dev100_sensitivity_not_selection,0.85589070414989,100,0.5433667033424228,100,0.4901751893939394,99,0.6629971590909091,99,0.08944383588772385,92
N0,23,0.1,100,exploratory_dev100_sensitivity_not_selection,0.8561493765832192,100,0.5411385569824296,100,0.3709753787878788,99,0.43134469696969696,99,0.050504251262379805,92
N0,23,0.2,100,exploratory_dev100_sensitivity_not_selection,0.8550632961808969,100,0.5304289312851245,100,0.17791193181818182,99,0.18225220959595959,99,0.018221412997952085,92
N0,23,0.5,100,exploratory_dev100_sensitivity_not_selection,0.8530943100446935,100,0.5137147644657457,100,0.0005523989898989899,99,0.0005523989898989899,99,0.0,92
N0,23,1.0,100,exploratory_dev100_sensitivity_not_selection,0.8530754761528805,100,0.5134825194984042,100,0.0,99,0.0,99,0.0,92
N0,23,2.0,100,exploratory_dev100_sensitivity_not_selection,0.8530754761528805,100,0.5134825194984042,100,0.0,99,0.0,99,0.0,92
N0,42,0.0,100,exploratory_dev100_sensitivity_not_selection,0.8338122182128823,100,0.4934842915288967,100,0.2342171717171717,99,0.9882023358585859,99,0.0743948517300661,92
N0,42,0.02,100,exploratory_dev100_sensitivity_not_selection,0.8541278259734828,100,0.5293794029265366,100,0.17124368686868688,99,0.36671401515151514,99,0.05453325491657361,92
N0,42,0.05,100,exploratory_dev100_sensitivity_not_selection,0.8540723915807108,100,0.5284579614129455,100,0.11308396464646464,99,0.21894728535353536,99,0.033625045011444095,92
N0,42,0.1,100,exploratory_dev100_sensitivity_not_selection,0.8537894112542831,100,0.5230057703962725,100,0.04955808080808081,99,0.08641098484848485,99,0.014013270099921656,92
N0,42,0.2,100,exploratory_dev100_sensitivity_not_selection,0.8532023988146484,100,0.5153186485222873,100,0.003472222222222222,99,0.005721275252525253,99,0.00010351966873706005,92
N0,42,0.5,100,exploratory_dev100_sensitivity_not_selection,0.8530754761528805,100,0.5134825194984042,100,0.0,99,0.0,99,0.0,92
N0,42,1.0,100,exploratory_dev100_sensitivity_not_selection,0.8530754761528805,100,0.5134825194984042,100,0.0,99,0.0,99,0.0,92
N0,42,2.0,100,exploratory_dev100_sensitivity_not_selection,0.8530754761528805,100,0.5134825194984042,100,0.0,99,0.0,99,0.0,92
T8,17,0.0,100,exploratory_dev100_sensitivity_not_selection,0.8134921644562924,100,0.47354292492738276,100,0.4501657196969697,99,1.8686474116161615,99,0.11581494278059039,92
T8,17,0.02,100,exploratory_dev100_sensitivity_not_selection,0.8480471965849228,100,0.5145821739777322,100,0.3925189393939394,99,0.7768702651515151,99,0.09600099997782906,92
T8,17,0.05,100,exploratory_dev100_sensitivity_not_selection,0.8540045064840798,100,0.531734854069393,100,0.3245344065656566,99,0.4955018939393939,99,0.070395348460193,92
T8,17,0.1,100,exploratory_dev100_sensitivity_not_selection,0.8545012797675235,100,0.5293317401924984,100,0.2215909090909091,99,0.27118844696969696,99,0.039672307115451326,92
T8,17,0.2,100,exploratory_dev100_sensitivity_not_selection,0.8538658134298196,100,0.5202517409547697,100,0.07674400252525253,99,0.07674400252525253,99,0.00868353794787925,92
T8,17,0.5,100,exploratory_dev100_sensitivity_not_selection,0.8530507327630091,100,0.5131245917658235,100,0.00043402777777777775,99,0.00043402777777777775,99,0.0006992117976099669,92
T8,17,1.0,100,exploratory_dev100_sensitivity_not_selection,0.8530754761528805,100,0.5134825194984042,100,0.0,99,0.0,99,0.0,92
T8,17,2.0,100,exploratory_dev100_sensitivity_not_selection,0.8530754761528805,100,0.5134825194984042,100,0.0,99,0.0,99,0.0,92
T8,23,0.0,100,exploratory_dev100_sensitivity_not_selection,0.8226120551326642,100,0.4899260733456004,100,0.6616556186868687,99,1.735519255050505,99,0.14111634005571252,92
T8,23,0.02,100,exploratory_dev100_sensitivity_not_selection,0.8525994972305841,100,0.5311193864086862,100,0.6150962752525253,99,0.9399857954545454,99,0.12183047066295,92
T8,23,0.05,100,exploratory_dev100_sensitivity_not_selection,0.8554971558790275,100,0.5401320310235923,100,0.5499921085858586,99,0.7084517045454546,99,0.0975185838641741,92
T8,23,0.1,100,exploratory_dev100_sensitivity_not_selection,0.8558054733441014,100,0.5379707088713527,100,0.4311474116161616,99,0.4850457702020202,99,0.06546091131455099,92
T8,23,0.2,100,exploratory_dev100_sensitivity_not_selection,0.8549414561073805,100,0.5281981247698316,100,0.1907354797979798,99,0.19231376262626262,99,0.02318847619743382,92
T8,23,0.5,100,exploratory_dev100_sensitivity_not_selection,0.8530770652993509,100,0.5135196971342533,100,7.891414141414142e-05,99,7.891414141414142e-05,99,0.0,92
T8,23,1.0,100,exploratory_dev100_sensitivity_not_selection,0.8530754761528805,100,0.5134825194984042,100,0.0,99,0.0,99,0.0,92
T8,23,2.0,100,exploratory_dev100_sensitivity_not_selection,0.8530754761528805,100,0.5134825194984042,100,0.0,99,0.0,99,0.0,92
T8,42,0.0,100,exploratory_dev100_sensitivity_not_selection,0.8022375452454851,100,0.452695681663174,100,0.6292613636363636,99,2.958688446969697,99,0.15678696898417185,92
T8,42,0.02,100,exploratory_dev100_sensitivity_not_selection,0.8481376139403082,100,0.5177743948482803,100,0.5924873737373737,99,1.1328125,99,0.1309867064872838,92
T8,42,0.05,100,exploratory_dev100_sensitivity_not_selection,0.8542149697567857,100,0.5353639671604205,100,0.5442313762626263,99,0.859927398989899,99,0.10837815221591787,92
T8,42,0.1,100,exploratory_dev100_sensitivity_not_selection,0.8551848174913832,100,0.5369900004825727,100,0.46949968434343436,99,0.6231060606060606,99,0.07526017458964686,92
T8,42,0.2,100,exploratory_dev100_sensitivity_not_selection,0.8548872528910385,100,0.5316992174319242,100,0.31175031565656564,99,0.3312026515151515,99,0.040485124169772665,92
T8,42,0.5,100,exploratory_dev100_sensitivity_not_selection,0.8529271589415616,100,0.5151864573515201,100,0.034919507575757576,99,0.03495896464646465,99,0.004400504995173537,92
T8,42,1.0,100,exploratory_dev100_sensitivity_not_selection,0.8530754761528805,100,0.5134825194984042,100,0.0,99,0.0,99,0.0,92
T8,42,2.0,100,exploratory_dev100_sensitivity_not_selection,0.8530754761528805,100,0.5134825194984042,100,0.0,99,0.0,99,0.0,92
T32,17,0.0,100,exploratory_dev100_sensitivity_not_selection,0.811218487189974,100,0.4715125097928261,100,0.45813604797979796,99,2.0930792297979797,99,0.11033778563298267,92
T32,17,0.02,100,exploratory_dev100_sensitivity_not_selection,0.8452988006102993,100,0.5157189619637288,100,0.4006076388888889,99,0.7629813762626263,99,0.08645151152778001,92
T32,17,0.05,100,exploratory_dev100_sensitivity_not_selection,0.8537788970146964,100,0.5324750729174414,100,0.33672664141414144,99,0.47632575757575757,99,0.06601922802726332,92
T32,17,0.1,100,exploratory_dev100_sensitivity_not_selection,0.854487885502829,100,0.529744952931822,100,0.23192866161616163,99,0.27079387626262624,99,0.04047300828502615,92
T32,17,0.2,100,exploratory_dev100_sensitivity_not_selection,0.8538529184482556,100,0.5174399056226705,100,0.07757260101010101,99,0.07765151515151515,99,0.011746892441134756,92
T32,17,0.5,100,exploratory_dev100_sensitivity_not_selection,0.8530452535216254,100,0.5130475044199375,100,0.000670770202020202,99,0.000670770202020202,99,0.0008263412153572336,92
T32,17,1.0,100,exploratory_dev100_sensitivity_not_selection,0.8530754761528805,100,0.5134825194984042,100,0.0,99,0.0,99,0.0,92
T32,17,2.0,100,exploratory_dev100_sensitivity_not_selection,0.8530754761528805,100,0.5134825194984042,100,0.0,99,0.0,99,0.0,92
T32,23,0.0,100,exploratory_dev100_sensitivity_not_selection,0.8207454972625142,100,0.48192100584004954,100,0.5874763257575758,99,1.9563210227272727,99,0.11885293318382958,92
T32,23,0.02,100,exploratory_dev100_sensitivity_not_selection,0.8499900780362334,100,0.5287682425207677,100,0.5266729797979798,99,0.840396148989899,99,0.09599446440509012,92
T32,23,0.05,100,exploratory_dev100_sensitivity_not_selection,0.8549875024342568,100,0.538077850899495,100,0.44535195707070707,99,0.5353535353535354,99,0.07111896828389142,92
T32,23,0.1,100,exploratory_dev100_sensitivity_not_selection,0.8544744895838587,100,0.5319015316654994,100,0.3266256313131313,99,0.3422506313131313,99,0.043757624903590475,92
T32,23,0.2,100,exploratory_dev100_sensitivity_not_selection,0.8536147435402869,100,0.5225741016739955,100,0.1314315025252525,99,0.13154987373737373,99,0.01603712056374037,92
T32,23,0.5,100,exploratory_dev100_sensitivity_not_selection,0.8530754761528805,100,0.5134825194984042,100,0.0,99,0.0,99,0.0,92
T32,23,1.0,100,exploratory_dev100_sensitivity_not_selection,0.8530754761528805,100,0.5134825194984042,100,0.0,99,0.0,99,0.0,92
T32,23,2.0,100,exploratory_dev100_sensitivity_not_selection,0.8530754761528805,100,0.5134825194984042,100,0.0,99,0.0,99,0.0,92
T32,42,0.0,100,exploratory_dev100_sensitivity_not_selection,0.8298928168455426,100,0.48816726068220573,100,0.34047506313131315,99,1.131668244949495,99,0.09177668288823349,92
T32,42,0.02,100,exploratory_dev100_sensitivity_not_selection,0.8537574768613196,100,0.5277590695721692,100,0.2903645833333333,99,0.5314472853535354,99,0.07277177627958907,92
T32,42,0.05,100,exploratory_dev100_sensitivity_not_selection,0.853862182355675,100,0.5279810457292274,100,0.23319128787878787,99,0.39172979797979796,99,0.05472542053021457,92
T32,42,0.1,100,exploratory_dev100_sensitivity_not_selection,0.8535910973004813,100,0.5235625585233808,100,0.15258049242424243,99,0.23078440656565657,99,0.0338033810879212,92
T32,42,0.2,100,exploratory_dev100_sensitivity_not_selection,0.8535296308018471,100,0.5186733824924074,100,0.061710858585858584,99,0.06841856060606061,99,0.010318735522067966,92
T32,42,0.5,100,exploratory_dev100_sensitivity_not_selection,0.8530754761528805,100,0.5134825194984042,100,0.0,99,0.0,99,0.0,92
T32,42,1.0,100,exploratory_dev100_sensitivity_not_selection,0.8530754761528805,100,0.5134825194984042,100,0.0,99,0.0,99,0.0,92
T32,42,2.0,100,exploratory_dev100_sensitivity_not_selection,0.8530754761528805,100,0.5134825194984042,100,0.0,99,0.0,99,0.0,92
TG,17,0.0,100,exploratory_dev100_sensitivity_not_selection,0.8232847407587708,100,0.49112530825008494,100,0.5052477904040404,99,1.476010101010101,99,0.10083906997020191,92
TG,17,0.02,100,exploratory_dev100_sensitivity_not_selection,0.8503463540867192,100,0.5226407594994892,100,0.4573074494949495,99,0.6891966540404041,99,0.082817265113624,92
TG,17,0.05,100,exploratory_dev100_sensitivity_not_selection,0.8542795062630623,100,0.5331099262299944,100,0.3992660984848485,99,0.49384469696969696,99,0.06657804844134195,92
TG,17,0.1,100,exploratory_dev100_sensitivity_not_selection,0.8542550240437392,100,0.5308539891706389,100,0.30634469696969696,99,0.32911142676767674,99,0.045659863580285474,92
TG,17,0.2,100,exploratory_dev100_sensitivity_not_selection,0.8540793943505552,100,0.5230130943693133,100,0.16560132575757575,99,0.16564078282828282,99,0.02236912616593042,92
TG,17,0.5,100,exploratory_dev100_sensitivity_not_selection,0.8532079340095183,100,0.5139146927366413,100,0.006470959595959596,99,0.006470959595959596,99,0.0008205933427463199,92
TG,17,1.0,100,exploratory_dev100_sensitivity_not_selection,0.8530754761528805,100,0.5134825194984042,100,0.0,99,0.0,99,0.0,92
TG,17,2.0,100,exploratory_dev100_sensitivity_not_selection,0.8530754761528805,100,0.5134825194984042,100,0.0,99,0.0,99,0.0,92
TG,23,0.0,100,exploratory_dev100_sensitivity_not_selection,0.8223951259019862,100,0.4853858593560183,100,0.39662247474747475,99,1.7456597222222223,99,0.11183004656096872,92
TG,23,0.02,100,exploratory_dev100_sensitivity_not_selection,0.8428439628972016,100,0.5137710199374996,100,0.33763415404040403,99,0.8405934343434344,99,0.08943384479573431,92
TG,23,0.05,100,exploratory_dev100_sensitivity_not_selection,0.8550072906586176,100,0.5360868390826519,100,0.2621133207070707,99,0.39997632575757575,99,0.06214728752977274,92
TG,23,0.1,100,exploratory_dev100_sensitivity_not_selection,0.8546131477748969,100,0.5288475286128785,100,0.1587752525252525,99,0.2068734217171717,99,0.03237040462255341,92
TG,23,0.2,100,exploratory_dev100_sensitivity_not_selection,0.8534508743412905,100,0.5179337945333292,100,0.040995896464646464,99,0.04265309343434343,99,0.001991181214507359,92
TG,23,0.5,100,exploratory_dev100_sensitivity_not_selection,0.8530754761528805,100,0.5134825194984042,100,0.0,99,0.0,99,0.0,92
TG,23,1.0,100,exploratory_dev100_sensitivity_not_selection,0.8530754761528805,100,0.5134825194984042,100,0.0,99,0.0,99,0.0,92
TG,23,2.0,100,exploratory_dev100_sensitivity_not_selection,0.8530754761528805,100,0.5134825194984042,100,0.0,99,0.0,99,0.0,92
TG,42,0.0,100,exploratory_dev100_sensitivity_not_selection,0.8284166976745324,100,0.48016931024861675,100,0.6258680555555556,99,1.7368607954545454,99,0.1372589665475731,92
TG,42,0.02,100,exploratory_dev100_sensitivity_not_selection,0.8542428781369311,100,0.5309318617357717,100,0.5849116161616161,99,0.8740924873737373,99,0.11572036059922572,92
TG,42,0.05,100,exploratory_dev100_sensitivity_not_selection,0.8558227808101752,100,0.540352436545895,100,0.5223721590909091,99,0.6566051136363636,99,0.09120604775496721,92
TG,42,0.1,100,exploratory_dev100_sensitivity_not_selection,0.8560626727937775,100,0.5386126080582108,100,0.41919191919191917,99,0.4745501893939394,99,0.0629293206580325,92
TG,42,0.2,100,exploratory_dev100_sensitivity_not_selection,0.8552864722316431,100,0.5305247598512277,100,0.21693497474747475,99,0.2230902777777778,99,0.022240404803906225,92
TG,42,0.5,100,exploratory_dev100_sensitivity_not_selection,0.8530799245875725,100,0.5134825194984042,100,0.00011837121212121212,99,0.00011837121212121212,99,0.0,92
TG,42,1.0,100,exploratory_dev100_sensitivity_not_selection,0.8530754761528805,100,0.5134825194984042,100,0.0,99,0.0,99,0.0,92
TG,42,2.0,100,exploratory_dev100_sensitivity_not_selection,0.8530754761528805,100,0.5134825194984042,100,0.0,99,0.0,99,0.0,92
