method,seed,images,dice,iou,bf1,hd95,assd,delta_dice_vs_CNN,delta_dice_vs_G1
CNN,17,100,0.8530507408537263,0.7801278692964201,0.5137836627358982,16.178161313798118,8.564328713154719,0.0,-2.4735299154143853e-05
CNN,23,100,0.8530507408537263,0.7801278692964201,0.5137836627358982,16.178161313798118,8.564328713154719,0.0,-2.4735299154143853e-05
CNN,42,100,0.8530507408537263,0.7801278692964201,0.5137836627358982,16.178161313798118,8.564328713154719,0.0,-2.4735299154143853e-05
CNN,mean,100,0.8530507408537263,0.7801278692964201,0.5137836627358982,16.178161313798118,8.564328713154719,0.0,-2.4735299154143853e-05
CNN,sample_std,100,0.0,0.0,0.0,0.0,0.0,0.0,0.0
G1,17,100,0.8530754761528805,0.7801713486431501,0.5134825194984042,16.19072334998319,8.566704868136538,2.4735299154143853e-05,0.0
G1,23,100,0.8530754761528805,0.7801713486431501,0.5134825194984042,16.19072334998319,8.566704868136538,2.4735299154143853e-05,0.0
G1,42,100,0.8530754761528805,0.7801713486431501,0.5134825194984042,16.19072334998319,8.566704868136538,2.4735299154143853e-05,0.0
G1,mean,100,0.8530754761528806,0.7801713486431501,0.5134825194984042,16.19072334998319,8.566704868136538,2.4735299154143853e-05,0.0
G1,sample_std,100,1.3597399555105182e-16,0.0,0.0,0.0,0.0,0.0,0.0
S64_A,17,100,0.856632069044621,0.7866180091821939,0.546093665097495,16.05888582219121,8.462137491379291,0.003581328190894628,0.0035565928917404843
S64_A,23,100,0.8535434545294409,0.781126872372095,0.5208418728928838,16.17627691931638,8.569562925673122,0.0004927136757145734,0.0004679783765604295
S64_A,42,100,0.8534839308939784,0.7812666232639458,0.5339414310595825,16.361765892740824,8.561700129062705,0.00043319004025210717,0.0004084547410979633
S64_A,mean,100,0.8545531514893469,0.7830038349394116,0.5336256563499872,16.198976211416138,8.531133515371707,0.0015024106356204363,0.0014776753364662925
S64_A,sample_std,100,0.0018006413904537138,0.0031307465836181696,0.012628857336933997,0.15271060107408124,0.05988150288449354,0.0018006413904537138,0.0018006413904537138
S64_D,17,100,0.8600465799052291,0.7896326852221265,0.5494518346907968,15.972404844762288,8.368667246721577,0.006995839051502806,0.006971103752348662
S64_D,23,100,0.8534294623535591,0.7807405201047252,0.5148687720535897,16.177056673984467,8.559928787273854,0.00037872149983275705,0.0003539862006786132
S64_D,42,100,0.8533832293770537,0.7806343474455564,0.527660912084886,16.36026814950601,8.582474195301723,0.0003324885233273456,0.0003077532241732017
S64_D,mean,100,0.8556197572119473,0.7836691842574693,0.5306605062764241,16.169909889417585,8.503690076432385,0.0025690163582209693,0.0025442810590668254
S64_D,sample_std,100,0.003833810603087407,0.005164816160812382,0.01748557203318439,0.1940303924361187,0.11747530490754694,0.003833810603087407,0.003833810603087407
S96_A,17,100,0.856319108500045,0.7846960447828211,0.5391867585648865,16.300706019667455,8.485458867687383,0.0032683676463186595,0.0032436323471645157
S96_A,23,100,0.8536975536502829,0.7820811863644096,0.5347112340489977,16.1793905083798,8.553693948407677,0.0006468127965565396,0.0006220774974023957
S96_A,42,100,0.8539447036704076,0.782022693132541,0.5318285651823489,16.286441507809016,8.558096510346457,0.0008939628166813041,0.0008692275175271602
S96_A,mean,100,0.8546537886069118,0.7829333080932573,0.5352421859320776,16.255512678618757,8.532416442147174,0.001603047753185501,0.0015783124540313571
S96_A,sample_std,100,0.001447493883565901,0.0015268548857355322,0.0037077196348044962,0.0663084283938056,0.04072598663342868,0.0014474938835659008,0.0014474938835659008
S96_D,17,100,0.8585789467894732,0.7871133013292017,0.5314036241948983,15.985664811133024,8.434845332052285,0.005528205935746877,0.005503470636592733
S96_D,23,100,0.8540609724599527,0.781654257139284,0.5351231724147518,16.31267180381327,8.542618386816077,0.001010231606226375,0.0009854963070722311
S96_D,42,100,0.8543477037269283,0.7821896472045033,0.5329406060028571,16.2033254535839,8.532362088248881,0.0012969628732019123,0.0012722275740477684
S96_D,mean,100,0.855662540992118,0.7836524018909964,0.5331558008708357,16.167220689510064,8.503275269039081,0.0026118001383917213,0.0025870648392375775
S96_D,sample_std,100,0.0025297471782769953,0.0030091575767166507,0.0018690883776208045,0.1664663894216042,0.05948352815769671,0.0025297471782769953,0.0025297471782769953
N0_A,17,100,0.8536450697705494,0.7812649282611521,0.5225326587736885,16.145810911298778,8.543200492632904,0.0005943289168230947,0.0005695936176689509
N0_A,23,100,0.8561493765832192,0.7858836499296706,0.5411385569824296,16.024123402642523,8.475520074013074,0.0030986357294928712,0.0030739004303387274
N0_A,42,100,0.8541278259734828,0.7822707243568351,0.5293794029265366,16.04679857174386,8.551277794859647,0.0010770851197564602,0.0010523498206023163
N0_A,mean,100,0.8546407574424171,0.7831397675158859,0.5310168728942183,16.072244295228387,8.523332787168542,0.0015900165886908086,0.0015652812895366648
N0_A,sample_std,100,0.0013286128750932024,0.002428903965172445,0.009410411412887518,0.06471148332003956,0.04160351376122937,0.0013286128750932024,0.0013286128750932024
N0_D,17,100,0.8534213350995001,0.7808270919753286,0.518351494973793,16.160136336385257,8.55541528370501,0.0003705942457737921,0.0003458589466196482
N0_D,23,100,0.85588133206296,0.7853403256322672,0.536407170260925,16.025727618417992,8.490704109575143,0.0028305912092336794,0.0028058559100795355
N0_D,42,100,0.8541234204104802,0.7822710106746465,0.5247670587220604,16.108414278324574,8.537848391321791,0.0010726795567538305,0.0010479442575996867
N0_D,mean,100,0.8544753625243134,0.7828128094274142,0.5265085746522594,16.098092744375943,8.52798926153398,0.0014246216705871007,0.0013998863714329568
N0_D,sample_std,100,0.0012671991570684694,0.0023048815429227883,0.009152950935077734,0.06779621238454639,0.033463201347841066,0.0012671991570684694,0.0012671991570684694
T8_A,17,100,0.8545012797675235,0.7829754638472941,0.5293317401924984,16.111813504639724,8.522053605513076,0.0014505389137972058,0.001425803614643062
T8_A,23,100,0.8530754761528805,0.7801713486431501,0.5134825194984042,16.19072334998319,8.566704868136538,2.4735299154143853e-05,0.0
T8_A,42,100,0.8530754761528805,0.7801713486431501,0.5134825194984042,16.19072334998319,8.566704868136538,2.4735299154143853e-05,0.0
T8_A,mean,100,0.8535507440244281,0.7811060537111981,0.5187655930631022,16.164420068202034,8.551821113928717,0.0005000031707018312,0.0004752678715476873
T8_A,sample_std,100,0.0008231881007257133,0.0016189566679512787,0.009150551834181087,0.04555862045076274,0.025779418495312765,0.0008231881007257132,0.0008231881007257133
T8_D,17,100,0.8536691181498736,0.781865096687612,0.5251895158750538,16.121084833107886,8.549527266099766,0.0006183772961472211,0.0005936419969930773
T8_D,23,100,0.8556464985276326,0.7850393922382763,0.5337408974340545,16.052864875010478,8.50142626356089,0.002595757673906296,0.002571022374752152
T8_D,42,100,0.8530754761528805,0.7801713486431501,0.5134825194984042,16.19072334998319,8.566704868136538,2.4735299154143853e-05,0.0
T8_D,mean,100,0.8541303642767956,0.7823586125230128,0.5241376442691709,16.121557686033853,8.539219465932398,0.0010796234230692203,0.0010548881239150765
T8_D,sample_std,100,0.0013461426391989289,0.00247126091719511,0.010170068561831731,0.06893045388554861,0.03383802760288668,0.0013461426391989289,0.0013461426391989289
T32_A,17,100,0.8537788970146964,0.7820954222682442,0.5324750729174414,16.090541587842505,8.529001122179846,0.0007281561609701059,0.0007034208618159621
T32_A,23,100,0.8530754761528805,0.7801713486431501,0.5134825194984042,16.19072334998319,8.566704868136538,2.4735299154143853e-05,0.0
T32_A,42,100,0.8535296308018471,0.7810530688126649,0.5186733824924074,16.170196467727187,8.553322739826246,0.00047888994812073093,0.0004541546489665871
T32_A,mean,100,0.8534613346564747,0.7811066132413531,0.521543658302751,16.150487135184296,8.549676243380876,0.0004105938027483269,0.00038585850359418306
T32_A,sample_std,100,0.0003566489868400359,0.0009631537172634551,0.009816217895112606,0.05291918091172599,0.019114544646322843,0.0003566489868400359,0.0003566489868400359
T32_D,17,100,0.8529062649563953,0.7809476145575012,0.5290824185780778,16.14184086802944,8.5521997817723,-0.00014447589733102006,-0.00016921119648516392
T32_D,23,100,0.8530754761528805,0.7801713486431501,0.5134825194984042,16.19072334998319,8.566704868136538,2.4735299154143853e-05,0.0
T32_D,42,100,0.8532093141662781,0.7804419862725228,0.516826971968623,16.1824011459894,8.562796749963178,0.00015857331255175744,0.0001338380133976136
T32_D,mean,100,0.8530636850918513,0.780520316491058,0.5197973033483683,16.171655121334013,8.560567133290673,1.2944238124960409e-05,-1.1791061029183444e-05
T32_D,sample_std,100,0.00015186829077457013,0.00039401638265136184,0.008213182343228796,0.026153050393985657,0.007505183241483179,0.00015186829077457013,0.00015186829077457013
TG_A,17,100,0.8542795062630623,0.7828976462698064,0.5331099262299944,16.06284651898743,8.51922198303463,0.001228765409335919,0.0012040301101817752
TG_A,23,100,0.8550072906586176,0.7839354541009125,0.5360868390826519,16.06743838168958,8.496658839816579,0.001956549804891239,0.001931814505737095
TG_A,42,100,0.8558227808101752,0.7855881001239541,0.540352436545895,16.04371375170036,8.517713928045644,0.002772039956448813,0.002747304657294669
TG_A,mean,100,0.8550365259106183,0.784140400164891,0.5365164006195138,16.057999550792456,8.511198250298952,0.00198578505689199,0.0019610497577378463
TG_A,sample_std,100,0.0007720525285958771,0.0013568852759831013,0.0036403133456400557,0.012583097494006941,0.012614055665947924,0.0007720525285958771,0.0007720525285958771
TG_D,17,100,0.8542795062630623,0.7828976462698064,0.5331099262299944,16.06284651898743,8.51922198303463,0.001228765409335919,0.0012040301101817752
TG_D,23,100,0.8550113422930963,0.7839511638868372,0.5356505032199991,16.079646660278968,8.508153691025354,0.0019606014393699356,0.0019358661402157917
TG_D,42,100,0.8546367102172971,0.7838813790759276,0.5301346772551124,16.103867452830603,8.549572099937054,0.001585969363570805,0.0015612340644166611
TG_D,mean,100,0.8546425195911519,0.7835767297441905,0.5329650355683686,16.082120210699,8.525649257999012,0.0015917787374255532,0.0015670434382714094
TG_D,sample_std,100,0.00036595259984378533,0.0005891377206091014,0.0027607660162714243,0.020622029291555957,0.02144419610978741,0.00036595259984378533,0.00036595259984378533
