layer,family,seed,mode,alpha,smooth_lambda,cal_macro_dice,mean_abs_offset,images
controlled,N0,23,A,0.0,0.0,0.7866781503749276,1.447421875,50
controlled,N0,23,A,0.02,0.0,0.8096466845767379,0.719921875,50
controlled,N0,23,A,0.05,0.0,0.8108593966335148,0.546953125,50
controlled,N0,23,A,0.1,0.0,0.8109350355634055,0.354921875,50
controlled,N0,23,A,0.2,0.0,0.810914644368478,0.145,50
controlled,N0,23,A,0.5,0.0,0.810707420809871,0.001171875,50
controlled,N0,23,A,1.0,0.0,0.8107349863209565,0.0,50
controlled,N0,23,A,2.0,0.0,0.8107349863209565,0.0,50
controlled,N0,23,D,0.0,0.0,0.7866781503749276,1.447421875,50
controlled,N0,23,D,0.0,0.002,0.7946250807284899,0.992421875,50
controlled,N0,23,D,0.0,0.01,0.8099559457686175,0.79125,50
controlled,N0,23,D,0.0,0.05,0.8097212195470226,0.75421875,50
controlled,N0,23,D,0.0,0.2,0.8094467193411511,0.69359375,50
controlled,N0,23,D,0.0,0.5,0.810002987762568,0.63828125,50
controlled,N0,23,D,0.0,1.0,0.8099525152511824,0.57921875,50
controlled,N0,23,D,0.02,0.0,0.8096466845767379,0.719921875,50
controlled,N0,23,D,0.02,0.002,0.8104646198693021,0.70390625,50
controlled,N0,23,D,0.02,0.01,0.8103222278217899,0.681171875,50
controlled,N0,23,D,0.02,0.05,0.8101099808745835,0.640859375,50
controlled,N0,23,D,0.02,0.2,0.8103726689150446,0.586328125,50
controlled,N0,23,D,0.02,0.5,0.8105479539948404,0.5403125,50
controlled,N0,23,D,0.02,1.0,0.8108677921484787,0.492421875,50
controlled,N0,23,D,0.05,0.0,0.8108593966335148,0.546953125,50
controlled,N0,23,D,0.05,0.002,0.8107870779907177,0.545078125,50
controlled,N0,23,D,0.05,0.01,0.8105715372588387,0.5309375,50
controlled,N0,23,D,0.05,0.05,0.810564460013531,0.496171875,50
controlled,N0,23,D,0.05,0.2,0.8107439414352018,0.465546875,50
controlled,N0,23,D,0.05,0.5,0.8112026692211991,0.435,50
controlled,N0,23,D,0.05,1.0,0.8109849904166029,0.38890625,50
controlled,N0,23,D,0.1,0.0,0.8109350355634055,0.354921875,50
controlled,N0,23,D,0.1,0.002,0.8109219383037355,0.352109375,50
controlled,N0,23,D,0.1,0.01,0.8109559867877756,0.34421875,50
controlled,N0,23,D,0.1,0.05,0.8109722185968483,0.333046875,50
controlled,N0,23,D,0.1,0.2,0.8111402115287771,0.3115625,50
controlled,N0,23,D,0.1,0.5,0.8112142697854131,0.2846875,50
controlled,N0,23,D,0.1,1.0,0.8110651795998652,0.263359375,50
controlled,N0,23,D,0.2,0.0,0.810914644368478,0.145,50
controlled,N0,23,D,0.2,0.002,0.8109156069179833,0.14390625,50
controlled,N0,23,D,0.2,0.01,0.8108981823856949,0.14203125,50
controlled,N0,23,D,0.2,0.05,0.8107422483213764,0.136796875,50
controlled,N0,23,D,0.2,0.2,0.8105909413256646,0.125078125,50
controlled,N0,23,D,0.2,0.5,0.8105526299043173,0.11,50
controlled,N0,23,D,0.2,1.0,0.8104556112873178,0.097421875,50
controlled,N0,23,D,0.5,0.0,0.810707420809871,0.001171875,50
controlled,N0,23,D,0.5,0.002,0.810707420809871,0.001171875,50
controlled,N0,23,D,0.5,0.01,0.8107004407705638,0.001015625,50
controlled,N0,23,D,0.5,0.05,0.8106879077256227,0.0009375,50
controlled,N0,23,D,0.5,0.2,0.8106973027848561,0.000703125,50
controlled,N0,23,D,0.5,0.5,0.8107349863209565,0.0,50
controlled,N0,23,D,0.5,1.0,0.8107349863209565,0.0,50
controlled,N0,23,D,1.0,0.0,0.8107349863209565,0.0,50
controlled,N0,23,D,1.0,0.002,0.8107349863209565,0.0,50
controlled,N0,23,D,1.0,0.01,0.8107349863209565,0.0,50
controlled,N0,23,D,1.0,0.05,0.8107349863209565,0.0,50
controlled,N0,23,D,1.0,0.2,0.8107349863209565,0.0,50
controlled,N0,23,D,1.0,0.5,0.8107349863209565,0.0,50
controlled,N0,23,D,1.0,1.0,0.8107349863209565,0.0,50
controlled,N0,23,D,2.0,0.0,0.8107349863209565,0.0,50
controlled,N0,23,D,2.0,0.002,0.8107349863209565,0.0,50
controlled,N0,23,D,2.0,0.01,0.8107349863209565,0.0,50
controlled,N0,23,D,2.0,0.05,0.8107349863209565,0.0,50
controlled,N0,23,D,2.0,0.2,0.8107349863209565,0.0,50
controlled,N0,23,D,2.0,0.5,0.8107349863209565,0.0,50
controlled,N0,23,D,2.0,1.0,0.8107349863209565,0.0,50
