family,seed,epoch,fit_ce,fit_candidate_acc,stop_ce,stop_candidate_acc,grad_norm_mean,invalid_target_count,keep_target_fraction,updates,samples_seen,elapsed_seconds,peak_cuda_bytes
S96,23,1,3.3631366293413003,0.10902782633396718,3.356812906265259,0.112734375,1.9591868963506487,0,0.01892424189491336,450,1800,16.32,1727184384
S96,23,2,3.292401095486807,0.11467431181840819,3.3085350227355956,0.10048828125,1.2111032044887542,0,0.01892424189491336,900,3600,31.54,1727184384
S96,23,3,3.264848612219745,0.11751720590372203,3.2743604516983034,0.10125,1.0260508853859371,0,0.01892424189491336,1350,5400,46.75,1727184384
S96,23,4,3.2468712185933777,0.11967666999188598,3.257908353805542,0.11828125,0.9594118749433094,0,0.01892424189491336,1800,7200,62.19,1727184384
S96,23,5,3.229564418734086,0.12194749167997988,3.268739881515503,0.11578125,0.8834372756878535,0,0.01892424189491336,2250,9000,77.23,1727184384
S96,23,6,3.2206817178369036,0.12082299824164792,3.2498862409591673,0.1194921875,0.8331208549936613,0,0.01892424189491336,2700,10800,93.56,1727184384
S96,23,7,3.2160059223633497,0.12414625842726017,3.27134850025177,0.11447265625,0.7932315001222823,0,0.01892424189491336,3150,12600,108.96,1727184384
S96,23,8,3.2084285006834983,0.12405455220113792,3.256976704597473,0.1228125,0.7746137354109023,0,0.01892424189491336,3600,14400,124.21,1727184384
S96,23,9,3.20283740695593,0.12598911761537884,3.2478611993789674,0.11818359375,0.7607744130161074,0,0.01892424189491336,4050,16200,139.2,1727184384
S96,23,10,3.2001132587936088,0.12685596008774397,3.263968939781189,0.1176953125,0.7409483774171935,0,0.01892424189491336,4500,18000,154.26,1727184384
S96,23,11,3.1929171601109427,0.12660704310327486,3.22849871635437,0.12380859375,0.7320317198170556,0,0.01892424189491336,4950,19800,169.67,1727184384
S96,23,12,3.19149549477856,0.12741711506252518,3.2406503343582154,0.12080078125,0.7182710301544931,0,0.01892424189491336,5400,21600,185.69,1727184384
S96,23,13,3.1905291067147936,0.1270677579130588,3.251575789451599,0.12453125,0.7202962068054412,0,0.01892424189491336,5850,23400,201.53,1727184384
S96,23,14,3.1876241381172363,0.12868790185654744,3.229549469947815,0.12166015625,0.6835243276755015,0,0.01892424189491336,6300,25200,216.82,1727184384
S96,23,15,3.182319588871759,0.12853724153399002,3.2418619441986083,0.112890625,0.6713460079828898,0,0.01892424189491336,6750,27000,231.5,1727184384
S96,23,16,3.1792481413362013,0.12974907426593554,3.2385694789886474,0.1240625,0.7019482695394093,0,0.01892424189491336,7200,28800,246.58,1727184384
S96,23,17,3.1785165947732343,0.13076657706704,3.253066086769104,0.11595703125,0.6735597413447169,0,0.01892424189491336,7650,30600,261.7,1727184384
S96,23,18,3.1741313026762996,0.1320701160407253,3.2419284868240354,0.11625,0.6652348717053731,0,0.01892424189491336,8100,32400,276.95,1727184384
S96,23,19,3.1727632276834625,0.13178189636128468,3.2355451583862305,0.12251953125,0.6463356657822927,0,0.01892424189491336,8550,34200,292.19,1727184384
