G_plus,H_epsilon,H_minus,J,bce,bf1,checkpoint_sha256,checkpoint_view,dice,epoch,epoch_log_sha256,group,hd95,iou,loss,mean_gain,metric_source,metrics_only_available_in_best_detail,optimized_objective_loss,rho,soft_dice,split,subset,worst_tail_10pct
0.012552872267370662,0.0074222018819997725,0.009487957053778473,0.004395856695863598,0.14980114680215137,0.3803099174830215,6e0811712543811a10b6cde1ec29db65b7bb4f25142c6991f2738d3d5c073f0a,best,0.858316915574831,7,,F-Mean,186.71883120506132,0.7752951481186273,0.1539851270312574,0.0030649152135921896,selected_checkpoint_full_per_reference_export,,,0.4192825121462612,0.841830892524535,val,M,-0.06666460902230338
0.012187505292423304,0.007206338898290582,0.009326296324126682,0.00434264188607311,,,a0305829a9007e9bcac4100090f8d22305acc606e79eb3bcb3b7d59cb76674ca,epoch40,0.8581132093295353,40,7c5154a26e47c6af550054e2e6fd825a4beec39fcb61555b22fcc5e8e61bbb8d,F-Mean,,0.7750306125868369,0.15469105715441597,0.002861208968296622,actual_committed_epoch40_validation_log,"bce,soft_dice,bf1,hd95,worst_tail_10pct",0.15469105715441597,0.42862481734143243,,val,M,
0.00785694858417242,0.003259121028041759,0.005098726665555055,0.0027447796443418803,0.15347917223898577,0.38910959198274014,40c40abc702c65bb2f4b3381335796730c89eb4e152188b699dd6f3d0bb4b784,best,0.8580102222798561,1,,F-RSI,187.8662622620409,0.7752217180522288,0.15570228411474996,0.0027582219186173635,selected_checkpoint_full_per_reference_export,,,0.395366218993482,0.8420746035216882,val,M,-0.03846017709358078
0.005943074732858222,0.002131465559291944,0.00375062417589511,0.002242047611139548,,,e7072678fa0c024568ea1ff45efaa801935a4456f56fda6403f63e65184c4fde,epoch40,0.8574444509182021,40,232cc2af47a5085b6b59a0e629515fd5347cbdd2c97fbec8981fa3d1fd052e40,F-RSI,,0.7747286505413107,0.15555346640236176,0.002192450556963113,actual_committed_epoch40_validation_log,"bce,soft_dice,bf1,hd95,worst_tail_10pct",0.17214021955370368,0.3650971635040146,,val,M,
0.01360422627856904,0.008059758933401776,0.010068807227113568,0.004605557465186602,0.15578382969331012,0.3836909995658375,02fc8095c431dfc5451811632a802997c5ba97593e8a98ad29eaf0d9e1211df4,best,0.8587874194126943,22,,U-Mean,184.94646181529222,0.7762319463877323,0.15572728905882496,0.0035354190514554702,selected_checkpoint_full_per_reference_export,,,0.4013452924153195,0.844329251159985,val,M,-0.07527927644377266
0.013372428109032757,0.007933581127105632,0.009965071020959206,0.0046397453310247925,,,7cad4431d34f11cb9bc8a6088b2e6435adb68892592f3670c34d442a72bc55e4,epoch40,0.8586593574493122,40,7d7e52d3731eec5c6643e00e44d8f421857c3f04dd29845288a0e5d57db7eb1e,U-Mean,,0.7759884875159723,0.1555747843510367,0.0034073570880735525,actual_committed_epoch40_validation_log,"bce,soft_dice,bf1,hd95,worst_tail_10pct",0.1555747843510367,0.41031390562185793,,val,M,
0.006275742512351917,0.0019999237089377733,0.0035535337305791816,0.0022294431412696936,0.15415533581558583,0.39395107018645015,61ca07889b284f3ebfd21795be45e6087eaaa0be56cf36102f8a0ca50798e83b,best,0.8579742091430116,11,,U-RSI,185.94868244565822,0.7754929968443577,0.15582436277226214,0.002722208781772735,selected_checkpoint_full_per_reference_export,,,0.3632287004870684,0.8425066115531057,val,M,-0.027785963014720694
0.006244455879361646,0.0023199087583338895,0.0039475189368299605,0.002238052627781715,,,60bd71d3527d9c516d58aa97d488cc806750e1949216a15a6c676473de4b02fc,epoch40,0.8575489373037706,40,0468cfd9548e3282ab105811fb8046de1900a62620e4c11d83142d7ee4b18d7a,U-RSI,,0.7750626012298775,0.1560361835053149,0.0022969369425316862,actual_committed_epoch40_validation_log,"bce,soft_dice,bf1,hd95,worst_tail_10pct",0.17620307514485756,0.3434230238867447,,val,M,
0.005884918992400988,0.002837682422503053,0.004634347013095452,0.002096075467001062,0.1479217601292791,0.3823209722842232,ae691e55b306f8566cfbdcc2617533523582a1bb818d77bea975306117a83742,best,0.8565025723405442,31,,U-NoMessage,186.56013824281956,0.7728957965513957,0.15646436287198767,0.0012505719793055362,selected_checkpoint_full_per_reference_export,,,0.39760837145984973,0.8349930347518967,val,M,-0.03616733448171955
0.005786239431337168,0.0029970403617722544,0.004777100795245729,0.002154664414195603,,,7ccd3fbd7ddd5a74dd480c6486203cf1996e65af1c6fb3ef647d96442ddf82c1,epoch40,0.8562611389973303,40,c21c27a104faea2c736dab8422ebdc7e69dc21be94941774c8ba8e6a53ba805b,U-NoMessage,,0.7726209732394794,0.15656556396206397,0.0010091386360914392,actual_committed_epoch40_validation_log,"bce,soft_dice,bf1,hd95,worst_tail_10pct",0.15656556396206397,0.40358744621811427,,val,M,
