bootstrap_repeats,bootstrap_seed,bootstrap_unit,bootstrap_units,ci_high,ci_low,difference,expression,interpretation,metric,same_condition_mechanism_comparison,subset,weights
2000,17,known_group_else_image,222,0.0019059108161778302,-0.0009585043722874354,0.00047050383786327783,tail_Mean,same-condition exploratory factor,dice,True,M,"{""F-Mean"": -1, ""U-Mean"": 1}"
2000,17,known_group_else_image,222,0.002877196076546411,-0.00033242511687281494,0.0010513540111983782,tail_Mean,same-condition exploratory factor,G_plus,True,M,"{""F-Mean"": -1, ""U-Mean"": 1}"
2000,17,known_group_else_image,222,0.002099895926767019,-0.0005757496031850169,0.0005808501733350971,tail_Mean,same-condition exploratory factor,H_minus,True,M,"{""F-Mean"": -1, ""U-Mean"": 1}"
2000,17,known_group_else_image,222,0.0020958746047575003,-0.0004471260671106278,0.0006375570514020013,tail_Mean,same-condition exploratory factor,H_epsilon,True,M,"{""F-Mean"": -1, ""U-Mean"": 1}"
2000,17,image,223,0.001887739009610616,-0.0009886951081493468,0.00047050383786327783,tail_Mean,same-condition exploratory factor,dice,True,M,"{""F-Mean"": -1, ""U-Mean"": 1}"
2000,17,image,223,0.0026983403183866075,-0.00033836721266216984,0.0010513540111983782,tail_Mean,same-condition exploratory factor,G_plus,True,M,"{""F-Mean"": -1, ""U-Mean"": 1}"
2000,17,image,223,0.0020983831987000192,-0.0006225963850043365,0.0005808501733350971,tail_Mean,same-condition exploratory factor,H_minus,True,M,"{""F-Mean"": -1, ""U-Mean"": 1}"
2000,17,image,223,0.002058005345499432,-0.0004996390398967808,0.0006375570514020013,tail_Mean,same-condition exploratory factor,H_epsilon,True,M,"{""F-Mean"": -1, ""U-Mean"": 1}"
2000,17,known_group_else_image,222,0.0009535747665381699,-0.001072395797017868,-3.601313684462573e-05,tail_RSI,same-condition exploratory factor,dice,True,M,"{""F-RSI"": -1, ""U-RSI"": 1}"
2000,17,known_group_else_image,222,-0.0006518758001737427,-0.002658258508336496,-0.0015812060718205037,tail_RSI,same-condition exploratory factor,G_plus,True,M,"{""F-RSI"": -1, ""U-RSI"": 1}"
2000,17,known_group_else_image,222,-0.0009463794637899839,-0.0021661977710902437,-0.0015451929349758746,tail_RSI,same-condition exploratory factor,H_minus,True,M,"{""F-RSI"": -1, ""U-RSI"": 1}"
2000,17,known_group_else_image,222,-0.0007168712847846143,-0.0018158096756754878,-0.0012591973191039855,tail_RSI,same-condition exploratory factor,H_epsilon,True,M,"{""F-RSI"": -1, ""U-RSI"": 1}"
2000,17,image,223,0.0008818816846588098,-0.0010019883337821743,-3.601313684462573e-05,tail_RSI,same-condition exploratory factor,dice,True,M,"{""F-RSI"": -1, ""U-RSI"": 1}"
2000,17,image,223,-0.0007414809682824308,-0.0024673916736151335,-0.0015812060718205037,tail_RSI,same-condition exploratory factor,G_plus,True,M,"{""F-RSI"": -1, ""U-RSI"": 1}"
2000,17,image,223,-0.0009479990321825351,-0.0022626229951738445,-0.0015451929349758746,tail_RSI,same-condition exploratory factor,H_minus,True,M,"{""F-RSI"": -1, ""U-RSI"": 1}"
2000,17,image,223,-0.0007065673017121828,-0.0019304576255356543,-0.0012591973191039855,tail_RSI,same-condition exploratory factor,H_epsilon,True,M,"{""F-RSI"": -1, ""U-RSI"": 1}"
2000,17,known_group_else_image,222,0.0011828710836968006,-0.001831972135657271,-0.0003066932949748302,RSI_frozen,same-condition exploratory factor,dice,True,M,"{""F-Mean"": -1, ""F-RSI"": 1}"
2000,17,known_group_else_image,222,-0.0033829401646882466,-0.006134828810328283,-0.0046959236831982405,RSI_frozen,same-condition exploratory factor,G_plus,True,M,"{""F-Mean"": -1, ""F-RSI"": 1}"
2000,17,known_group_else_image,222,-0.003286931742936987,-0.005578358643746994,-0.004389230388223415,RSI_frozen,same-condition exploratory factor,H_minus,True,M,"{""F-Mean"": -1, ""F-RSI"": 1}"
2000,17,known_group_else_image,222,-0.0031132842569347647,-0.005296950429311993,-0.004163080853958015,RSI_frozen,same-condition exploratory factor,H_epsilon,True,M,"{""F-Mean"": -1, ""F-RSI"": 1}"
2000,17,image,223,0.0011604179167847913,-0.0017496493925956542,-0.0003066932949748302,RSI_frozen,same-condition exploratory factor,dice,True,M,"{""F-Mean"": -1, ""F-RSI"": 1}"
2000,17,image,223,-0.0034012336795540693,-0.006016637255985632,-0.0046959236831982405,RSI_frozen,same-condition exploratory factor,G_plus,True,M,"{""F-Mean"": -1, ""F-RSI"": 1}"
2000,17,image,223,-0.00328639039790776,-0.005587625030258834,-0.004389230388223415,RSI_frozen,same-condition exploratory factor,H_minus,True,M,"{""F-Mean"": -1, ""F-RSI"": 1}"
2000,17,image,223,-0.0031304379372838155,-0.0053109008249077804,-0.004163080853958015,RSI_frozen,same-condition exploratory factor,H_epsilon,True,M,"{""F-Mean"": -1, ""F-RSI"": 1}"
2000,17,known_group_else_image,222,0.001268870843443419,-0.003015756194870356,-0.0008132102696827337,RSI_unfrozen,same-condition exploratory factor,dice,True,M,"{""U-Mean"": -1, ""U-RSI"": 1}"
2000,17,known_group_else_image,222,-0.005339988889634992,-0.009467777239969444,-0.007328483766217122,RSI_unfrozen,same-condition exploratory factor,G_plus,True,M,"{""U-Mean"": -1, ""U-RSI"": 1}"
2000,17,known_group_else_image,222,-0.00515917531031435,-0.0079814509348378,-0.0065152734965343885,RSI_unfrozen,same-condition exploratory factor,H_minus,True,M,"{""U-Mean"": -1, ""U-RSI"": 1}"
2000,17,known_group_else_image,222,-0.004727764676317063,-0.00747173085293245,-0.006059835224464003,RSI_unfrozen,same-condition exploratory factor,H_epsilon,True,M,"{""U-Mean"": -1, ""U-RSI"": 1}"
2000,17,image,223,0.001207678298280895,-0.0029644057576677296,-0.0008132102696827337,RSI_unfrozen,same-condition exploratory factor,dice,True,M,"{""U-Mean"": -1, ""U-RSI"": 1}"
2000,17,image,223,-0.005502645919739577,-0.009383657144522155,-0.007328483766217122,RSI_unfrozen,same-condition exploratory factor,G_plus,True,M,"{""U-Mean"": -1, ""U-RSI"": 1}"
2000,17,image,223,-0.005171429354753345,-0.007974507108099228,-0.0065152734965343885,RSI_unfrozen,same-condition exploratory factor,H_minus,True,M,"{""U-Mean"": -1, ""U-RSI"": 1}"
2000,17,image,223,-0.004784547989595139,-0.007501420228346604,-0.006059835224464003,RSI_unfrozen,same-condition exploratory factor,H_epsilon,True,M,"{""U-Mean"": -1, ""U-RSI"": 1}"
2000,17,known_group_else_image,222,0.000912570807294358,-0.0018410460309804453,-0.0005065169747079033,difference_in_differences,same-condition exploratory factor,dice,True,M,"{""F-Mean"": 1, ""F-RSI"": -1, ""U-Mean"": -1, ""U-RSI"": 1}"
2000,17,known_group_else_image,222,-0.0011400924195096548,-0.004478835990821829,-0.002632560083018882,difference_in_differences,same-condition exploratory factor,G_plus,True,M,"{""F-Mean"": 1, ""F-RSI"": -1, ""U-Mean"": -1, ""U-RSI"": 1}"
2000,17,known_group_else_image,222,-0.0008499023377147938,-0.0038194659150426447,-0.002126043108310972,difference_in_differences,same-condition exploratory factor,H_minus,True,M,"{""F-Mean"": 1, ""F-RSI"": -1, ""U-Mean"": -1, ""U-RSI"": 1}"
2000,17,known_group_else_image,222,-0.0006922425199532272,-0.003528716158948806,-0.0018967543705059866,difference_in_differences,same-condition exploratory factor,H_epsilon,True,M,"{""F-Mean"": 1, ""F-RSI"": -1, ""U-Mean"": -1, ""U-RSI"": 1}"
2000,17,image,223,0.0009486125374756994,-0.0018268911662018949,-0.0005065169747079033,difference_in_differences,same-condition exploratory factor,dice,True,M,"{""F-Mean"": 1, ""F-RSI"": -1, ""U-Mean"": -1, ""U-RSI"": 1}"
2000,17,image,223,-0.0011433885412989902,-0.004439528103955339,-0.002632560083018882,difference_in_differences,same-condition exploratory factor,G_plus,True,M,"{""F-Mean"": 1, ""F-RSI"": -1, ""U-Mean"": -1, ""U-RSI"": 1}"
2000,17,image,223,-0.0008161548271049646,-0.0038462723570445697,-0.002126043108310972,difference_in_differences,same-condition exploratory factor,H_minus,True,M,"{""F-Mean"": 1, ""F-RSI"": -1, ""U-Mean"": -1, ""U-RSI"": 1}"
2000,17,image,223,-0.0006546228818144739,-0.003541412229401512,-0.0018967543705059866,difference_in_differences,same-condition exploratory factor,H_epsilon,True,M,"{""F-Mean"": 1, ""F-RSI"": -1, ""U-Mean"": -1, ""U-RSI"": 1}"
2000,17,known_group_else_image,47,0.0060266454587605996,-0.005668714866265894,-4.974326565663661e-05,tail_Mean,same-condition exploratory factor,dice,True,H,"{""F-Mean"": -1, ""U-Mean"": 1}"
2000,17,known_group_else_image,47,0.008715271228032518,-0.0002197921244125035,0.0034413871005319623,tail_Mean,same-condition exploratory factor,G_plus,True,H,"{""F-Mean"": -1, ""U-Mean"": 1}"
2000,17,known_group_else_image,47,0.00729612113709316,0.0007938415961323967,0.003491130366188597,tail_Mean,same-condition exploratory factor,H_minus,True,H,"{""F-Mean"": -1, ""U-Mean"": 1}"
2000,17,known_group_else_image,47,0.006819946069325683,0.0006186729049074982,0.0032083632808299705,tail_Mean,same-condition exploratory factor,H_epsilon,True,H,"{""F-Mean"": -1, ""U-Mean"": 1}"
2000,17,image,47,0.0060266454587605996,-0.005668714866265894,-4.974326565663661e-05,tail_Mean,same-condition exploratory factor,dice,True,H,"{""F-Mean"": -1, ""U-Mean"": 1}"
2000,17,image,47,0.008715271228032518,-0.0002197921244125035,0.0034413871005319623,tail_Mean,same-condition exploratory factor,G_plus,True,H,"{""F-Mean"": -1, ""U-Mean"": 1}"
2000,17,image,47,0.00729612113709316,0.0007938415961323967,0.003491130366188597,tail_Mean,same-condition exploratory factor,H_minus,True,H,"{""F-Mean"": -1, ""U-Mean"": 1}"
2000,17,image,47,0.006819946069325683,0.0006186729049074982,0.0032083632808299705,tail_Mean,same-condition exploratory factor,H_epsilon,True,H,"{""F-Mean"": -1, ""U-Mean"": 1}"
2000,17,known_group_else_image,47,0.002118827931193144,-0.005573519166541057,-0.001654007874037424,tail_RSI,same-condition exploratory factor,dice,True,H,"{""F-RSI"": -1, ""U-RSI"": 1}"
2000,17,known_group_else_image,47,0.00013245894772193414,-0.006585984770491293,-0.0030451364977882494,tail_RSI,same-condition exploratory factor,G_plus,True,H,"{""F-RSI"": -1, ""U-RSI"": 1}"
2000,17,known_group_else_image,47,-7.236063909898938e-05,-0.0025783693392904014,-0.0013911286237508224,tail_RSI,same-condition exploratory factor,H_minus,True,H,"{""F-RSI"": -1, ""U-RSI"": 1}"
2000,17,known_group_else_image,47,0.00027700091524721895,-0.0018806334560270835,-0.0008701635938823501,tail_RSI,same-condition exploratory factor,H_epsilon,True,H,"{""F-RSI"": -1, ""U-RSI"": 1}"
2000,17,image,47,0.002118827931193144,-0.005573519166541057,-0.001654007874037424,tail_RSI,same-condition exploratory factor,dice,True,H,"{""F-RSI"": -1, ""U-RSI"": 1}"
2000,17,image,47,0.00013245894772193414,-0.006585984770491293,-0.0030451364977882494,tail_RSI,same-condition exploratory factor,G_plus,True,H,"{""F-RSI"": -1, ""U-RSI"": 1}"
2000,17,image,47,-7.236063909898938e-05,-0.0025783693392904014,-0.0013911286237508224,tail_RSI,same-condition exploratory factor,H_minus,True,H,"{""F-RSI"": -1, ""U-RSI"": 1}"
2000,17,image,47,0.00027700091524721895,-0.0018806334560270835,-0.0008701635938823501,tail_RSI,same-condition exploratory factor,H_epsilon,True,H,"{""F-RSI"": -1, ""U-RSI"": 1}"
2000,17,known_group_else_image,47,-0.0020585753957867068,-0.009345020580570807,-0.005550942048354331,RSI_frozen,same-condition exploratory factor,dice,True,H,"{""F-Mean"": -1, ""F-RSI"": 1}"
2000,17,known_group_else_image,47,-0.004603976823901932,-0.01145106442324113,-0.00782390617878417,RSI_frozen,same-condition exploratory factor,G_plus,True,H,"{""F-Mean"": -1, ""F-RSI"": 1}"
2000,17,known_group_else_image,47,-0.00021102790600823818,-0.004401367759094865,-0.002272964130429846,RSI_frozen,same-condition exploratory factor,H_minus,True,H,"{""F-Mean"": -1, ""F-RSI"": 1}"
2000,17,known_group_else_image,47,-0.0009742983830588293,-0.004541232214587256,-0.002685563074058808,RSI_frozen,same-condition exploratory factor,H_epsilon,True,H,"{""F-Mean"": -1, ""F-RSI"": 1}"
2000,17,image,47,-0.0020585753957867068,-0.009345020580570807,-0.005550942048354331,RSI_frozen,same-condition exploratory factor,dice,True,H,"{""F-Mean"": -1, ""F-RSI"": 1}"
2000,17,image,47,-0.004603976823901932,-0.01145106442324113,-0.00782390617878417,RSI_frozen,same-condition exploratory factor,G_plus,True,H,"{""F-Mean"": -1, ""F-RSI"": 1}"
2000,17,image,47,-0.00021102790600823818,-0.004401367759094865,-0.002272964130429846,RSI_frozen,same-condition exploratory factor,H_minus,True,H,"{""F-Mean"": -1, ""F-RSI"": 1}"
2000,17,image,47,-0.0009742983830588293,-0.004541232214587256,-0.002685563074058808,RSI_frozen,same-condition exploratory factor,H_epsilon,True,H,"{""F-Mean"": -1, ""F-RSI"": 1}"
2000,17,known_group_else_image,47,0.00017849943706530464,-0.015400900392427265,-0.0071552066567351184,RSI_unfrozen,same-condition exploratory factor,dice,True,H,"{""U-Mean"": -1, ""U-RSI"": 1}"
2000,17,known_group_else_image,47,-0.00817078860463914,-0.021592831352486498,-0.014310429777104382,RSI_unfrozen,same-condition exploratory factor,G_plus,True,H,"{""U-Mean"": -1, ""U-RSI"": 1}"
2000,17,known_group_else_image,47,-0.003940663817277845,-0.011237980037328286,-0.007155223120369265,RSI_unfrozen,same-condition exploratory factor,H_minus,True,H,"{""U-Mean"": -1, ""U-RSI"": 1}"
2000,17,known_group_else_image,47,-0.0036868166860970844,-0.010587677867255556,-0.0067640899487711285,RSI_unfrozen,same-condition exploratory factor,H_epsilon,True,H,"{""U-Mean"": -1, ""U-RSI"": 1}"
2000,17,image,47,0.00017849943706530464,-0.015400900392427265,-0.0071552066567351184,RSI_unfrozen,same-condition exploratory factor,dice,True,H,"{""U-Mean"": -1, ""U-RSI"": 1}"
2000,17,image,47,-0.00817078860463914,-0.021592831352486498,-0.014310429777104382,RSI_unfrozen,same-condition exploratory factor,G_plus,True,H,"{""U-Mean"": -1, ""U-RSI"": 1}"
2000,17,image,47,-0.003940663817277845,-0.011237980037328286,-0.007155223120369265,RSI_unfrozen,same-condition exploratory factor,H_minus,True,H,"{""U-Mean"": -1, ""U-RSI"": 1}"
2000,17,image,47,-0.0036868166860970844,-0.010587677867255556,-0.0067640899487711285,RSI_unfrozen,same-condition exploratory factor,H_epsilon,True,H,"{""U-Mean"": -1, ""U-RSI"": 1}"
2000,17,known_group_else_image,47,0.004523765058265263,-0.007206946176690958,-0.0016042646083807874,difference_in_differences,same-condition exploratory factor,dice,True,H,"{""F-Mean"": 1, ""F-RSI"": -1, ""U-Mean"": -1, ""U-RSI"": 1}"
2000,17,known_group_else_image,47,-0.0026548042943955593,-0.011013272927114556,-0.00648652359832021,difference_in_differences,same-condition exploratory factor,G_plus,True,H,"{""F-Mean"": 1, ""F-RSI"": -1, ""U-Mean"": -1, ""U-RSI"": 1}"
2000,17,known_group_else_image,47,-0.002123632166879901,-0.008888026287067452,-0.004882258989939421,difference_in_differences,same-condition exploratory factor,H_minus,True,H,"{""F-Mean"": 1, ""F-RSI"": -1, ""U-Mean"": -1, ""U-RSI"": 1}"
2000,17,known_group_else_image,47,-0.0016317065843862557,-0.007537152312203544,-0.004078526874712321,difference_in_differences,same-condition exploratory factor,H_epsilon,True,H,"{""F-Mean"": 1, ""F-RSI"": -1, ""U-Mean"": -1, ""U-RSI"": 1}"
2000,17,image,47,0.004523765058265263,-0.007206946176690958,-0.0016042646083807874,difference_in_differences,same-condition exploratory factor,dice,True,H,"{""F-Mean"": 1, ""F-RSI"": -1, ""U-Mean"": -1, ""U-RSI"": 1}"
2000,17,image,47,-0.0026548042943955593,-0.011013272927114556,-0.00648652359832021,difference_in_differences,same-condition exploratory factor,G_plus,True,H,"{""F-Mean"": 1, ""F-RSI"": -1, ""U-Mean"": -1, ""U-RSI"": 1}"
2000,17,image,47,-0.002123632166879901,-0.008888026287067452,-0.004882258989939421,difference_in_differences,same-condition exploratory factor,H_minus,True,H,"{""F-Mean"": 1, ""F-RSI"": -1, ""U-Mean"": -1, ""U-RSI"": 1}"
2000,17,image,47,-0.0016317065843862557,-0.007537152312203544,-0.004078526874712321,difference_in_differences,same-condition exploratory factor,H_epsilon,True,H,"{""F-Mean"": 1, ""F-RSI"": -1, ""U-Mean"": -1, ""U-RSI"": 1}"
2000,17,known_group_else_image,20,0.011183143098477432,-0.01395310677143388,-0.0008048091637744669,tail_Mean,same-condition exploratory factor,dice,True,T1,"{""F-Mean"": -1, ""U-Mean"": 1}"
2000,17,known_group_else_image,20,0.012186510332284017,-0.002779420144564416,0.002872079444788781,tail_Mean,same-condition exploratory factor,G_plus,True,T1,"{""F-Mean"": -1, ""U-Mean"": 1}"
2000,17,known_group_else_image,20,0.01185820658069755,-0.0007072860462667054,0.003676888608563246,tail_Mean,same-condition exploratory factor,H_minus,True,T1,"{""F-Mean"": -1, ""U-Mean"": 1}"
2000,17,known_group_else_image,20,0.010710490338223633,-0.0007266574560353592,0.003266873873397176,tail_Mean,same-condition exploratory factor,H_epsilon,True,T1,"{""F-Mean"": -1, ""U-Mean"": 1}"
2000,17,image,20,0.011183143098477432,-0.01395310677143388,-0.0008048091637744669,tail_Mean,same-condition exploratory factor,dice,True,T1,"{""F-Mean"": -1, ""U-Mean"": 1}"
2000,17,image,20,0.012186510332284017,-0.002779420144564416,0.002872079444788781,tail_Mean,same-condition exploratory factor,G_plus,True,T1,"{""F-Mean"": -1, ""U-Mean"": 1}"
2000,17,image,20,0.01185820658069755,-0.0007072860462667054,0.003676888608563246,tail_Mean,same-condition exploratory factor,H_minus,True,T1,"{""F-Mean"": -1, ""U-Mean"": 1}"
2000,17,image,20,0.010710490338223633,-0.0007266574560353592,0.003266873873397176,tail_Mean,same-condition exploratory factor,H_epsilon,True,T1,"{""F-Mean"": -1, ""U-Mean"": 1}"
2000,17,known_group_else_image,20,0.008885369241941816,-0.0003266722250560766,0.0040015138325277975,tail_RSI,same-condition exploratory factor,dice,True,T1,"{""F-RSI"": -1, ""U-RSI"": 1}"
2000,17,known_group_else_image,20,0.004646761273608411,-0.0028032202798339905,0.0005668800851441683,tail_RSI,same-condition exploratory factor,G_plus,True,T1,"{""F-RSI"": -1, ""U-RSI"": 1}"
2000,17,known_group_else_image,20,-0.002058537566202913,-0.004873747369643212,-0.003434633747383635,tail_RSI,same-condition exploratory factor,H_minus,True,T1,"{""F-RSI"": -1, ""U-RSI"": 1}"
2000,17,known_group_else_image,20,-0.001130037316240467,-0.003267974536679911,-0.0021871020233949134,tail_RSI,same-condition exploratory factor,H_epsilon,True,T1,"{""F-RSI"": -1, ""U-RSI"": 1}"
2000,17,image,20,0.008885369241941816,-0.0003266722250560766,0.0040015138325277975,tail_RSI,same-condition exploratory factor,dice,True,T1,"{""F-RSI"": -1, ""U-RSI"": 1}"
2000,17,image,20,0.004646761273608411,-0.0028032202798339905,0.0005668800851441683,tail_RSI,same-condition exploratory factor,G_plus,True,T1,"{""F-RSI"": -1, ""U-RSI"": 1}"
2000,17,image,20,-0.002058537566202913,-0.004873747369643212,-0.003434633747383635,tail_RSI,same-condition exploratory factor,H_minus,True,T1,"{""F-RSI"": -1, ""U-RSI"": 1}"
2000,17,image,20,-0.001130037316240467,-0.003267974536679911,-0.0021871020233949134,tail_RSI,same-condition exploratory factor,H_epsilon,True,T1,"{""F-RSI"": -1, ""U-RSI"": 1}"
2000,17,known_group_else_image,20,-0.0017789374932408917,-0.013454931532968553,-0.007482517795321419,RSI_frozen,same-condition exploratory factor,dice,True,T1,"{""F-Mean"": -1, ""F-RSI"": 1}"
2000,17,known_group_else_image,20,-0.003665228699068007,-0.011968346824094464,-0.007555284861713037,RSI_frozen,same-condition exploratory factor,G_plus,True,T1,"{""F-Mean"": -1, ""F-RSI"": 1}"
2000,17,known_group_else_image,20,0.0029914956141260554,-0.00319971229538408,-7.276706639163018e-05,RSI_frozen,same-condition exploratory factor,H_minus,True,T1,"{""F-Mean"": -1, ""F-RSI"": 1}"
2000,17,known_group_else_image,20,0.001330351839473072,-0.0034571952753412604,-0.0010201271522592586,RSI_frozen,same-condition exploratory factor,H_epsilon,True,T1,"{""F-Mean"": -1, ""F-RSI"": 1}"
2000,17,image,20,-0.0017789374932408917,-0.013454931532968553,-0.007482517795321419,RSI_frozen,same-condition exploratory factor,dice,True,T1,"{""F-Mean"": -1, ""F-RSI"": 1}"
2000,17,image,20,-0.003665228699068007,-0.011968346824094464,-0.007555284861713037,RSI_frozen,same-condition exploratory factor,G_plus,True,T1,"{""F-Mean"": -1, ""F-RSI"": 1}"
2000,17,image,20,0.0029914956141260554,-0.00319971229538408,-7.276706639163018e-05,RSI_frozen,same-condition exploratory factor,H_minus,True,T1,"{""F-Mean"": -1, ""F-RSI"": 1}"
2000,17,image,20,0.001330351839473072,-0.0034571952753412604,-0.0010201271522592586,RSI_frozen,same-condition exploratory factor,H_epsilon,True,T1,"{""F-Mean"": -1, ""F-RSI"": 1}"
2000,17,known_group_else_image,20,0.009951517890802317,-0.014618039367458154,-0.002676194799019155,RSI_unfrozen,same-condition exploratory factor,dice,True,T1,"{""U-Mean"": -1, ""U-RSI"": 1}"
2000,17,known_group_else_image,20,-0.003092078627536853,-0.01917445743918785,-0.009860484221357652,RSI_unfrozen,same-condition exploratory factor,G_plus,True,T1,"{""U-Mean"": -1, ""U-RSI"": 1}"
2000,17,known_group_else_image,20,-0.0019788445426693895,-0.015731646103973308,-0.0071842894223385105,RSI_unfrozen,same-condition exploratory factor,H_minus,True,T1,"{""U-Mean"": -1, ""U-RSI"": 1}"
2000,17,known_group_else_image,20,-0.0015957623143358897,-0.014402479141202434,-0.006474103049051348,RSI_unfrozen,same-condition exploratory factor,H_epsilon,True,T1,"{""U-Mean"": -1, ""U-RSI"": 1}"
2000,17,image,20,0.009951517890802317,-0.014618039367458154,-0.002676194799019155,RSI_unfrozen,same-condition exploratory factor,dice,True,T1,"{""U-Mean"": -1, ""U-RSI"": 1}"
2000,17,image,20,-0.003092078627536853,-0.01917445743918785,-0.009860484221357652,RSI_unfrozen,same-condition exploratory factor,G_plus,True,T1,"{""U-Mean"": -1, ""U-RSI"": 1}"
2000,17,image,20,-0.0019788445426693895,-0.015731646103973308,-0.0071842894223385105,RSI_unfrozen,same-condition exploratory factor,H_minus,True,T1,"{""U-Mean"": -1, ""U-RSI"": 1}"
2000,17,image,20,-0.0015957623143358897,-0.014402479141202434,-0.006474103049051348,RSI_unfrozen,same-condition exploratory factor,H_epsilon,True,T1,"{""U-Mean"": -1, ""U-RSI"": 1}"
2000,17,known_group_else_image,20,0.017408497806587347,-0.004165730718881006,0.004806322996302265,difference_in_differences,same-condition exploratory factor,dice,True,T1,"{""F-Mean"": 1, ""F-RSI"": -1, ""U-Mean"": -1, ""U-RSI"": 1}"
2000,17,known_group_else_image,20,0.002237138017817221,-0.008270449109495048,-0.0023051993596446135,difference_in_differences,same-condition exploratory factor,G_plus,True,T1,"{""F-Mean"": 1, ""F-RSI"": -1, ""U-Mean"": -1, ""U-RSI"": 1}"
2000,17,known_group_else_image,20,-0.0018644785767095177,-0.016062577213164064,-0.007111522355946881,difference_in_differences,same-condition exploratory factor,H_minus,True,T1,"{""F-Mean"": 1, ""F-RSI"": -1, ""U-Mean"": -1, ""U-RSI"": 1}"
2000,17,known_group_else_image,20,-0.0009628033303083328,-0.013215671655303391,-0.005453975896792089,difference_in_differences,same-condition exploratory factor,H_epsilon,True,T1,"{""F-Mean"": 1, ""F-RSI"": -1, ""U-Mean"": -1, ""U-RSI"": 1}"
2000,17,image,20,0.017408497806587347,-0.004165730718881006,0.004806322996302265,difference_in_differences,same-condition exploratory factor,dice,True,T1,"{""F-Mean"": 1, ""F-RSI"": -1, ""U-Mean"": -1, ""U-RSI"": 1}"
2000,17,image,20,0.002237138017817221,-0.008270449109495048,-0.0023051993596446135,difference_in_differences,same-condition exploratory factor,G_plus,True,T1,"{""F-Mean"": 1, ""F-RSI"": -1, ""U-Mean"": -1, ""U-RSI"": 1}"
2000,17,image,20,-0.0018644785767095177,-0.016062577213164064,-0.007111522355946881,difference_in_differences,same-condition exploratory factor,H_minus,True,T1,"{""F-Mean"": 1, ""F-RSI"": -1, ""U-Mean"": -1, ""U-RSI"": 1}"
2000,17,image,20,-0.0009628033303083328,-0.013215671655303391,-0.005453975896792089,difference_in_differences,same-condition exploratory factor,H_epsilon,True,T1,"{""F-Mean"": 1, ""F-RSI"": -1, ""U-Mean"": -1, ""U-RSI"": 1}"
