G_plus,G_plus_change_vs_U_Mean,G_plus_overall_contribution,H_epsilon,H_epsilon_change_vs_U_Mean,H_epsilon_overall_contribution,H_minus,H_minus_change_vs_U_Mean,H_minus_overall_contribution,category,dice,dice_change_vs_U_Mean,dice_overall_contribution,fixed_grouping,image_fraction,mean_gain,mean_gain_change_vs_U_Mean,mean_gain_overall_contribution,n_images,run_id,subset
0.04176425696163398,-0.013594585892564303,0.008886012119496592,0.0,0.0,0.0,0.0,0.0,0.0,all-benefit,0.7918592869583123,-0.013594585892564338,0.1684806993528324,selected_U_Mean_M_GT_diagnostic_only,0.2127659574468085,0.04176425696163398,-0.013594585892564303,0.008886012119496592,10,F-Mean,H
0.005520033564586302,0.005520033564586302,0.00035234256795231713,0.00428408323173696,-0.030583955522838824,0.00027345212117469954,0.007617416565070294,-0.032250622189505494,0.0004862180786215081,all-harm,0.8455124453238488,0.037770655754091775,0.05396887948875631,selected_U_Mean_M_GT_diagnostic_only,0.06382978723404255,-0.0020973830004839913,0.037770655754091796,-0.00013387551066919095,3,F-Mean,H
0.01479936674334518,-0.001711906463497434,0.008501763873836592,0.00924445272646406,-0.001990683717200555,0.00531064305562829,0.011465743631401544,-0.00227942921798456,0.006586703788251951,conflict,0.8364975646248983,0.0005675227544871264,0.4805411541462182,selected_U_Mean_M_GT_diagnostic_only,0.574468085106383,0.0033336231119436323,0.0005675227544871264,0.00191506008558464,27,F-Mean,H
0.0019256966195873079,0.0005517198601875198,0.0002868058795130033,0.0013671978000361514,-0.0007561067522967355,0.0002036252042607034,0.0025977089923680903,-0.0008266673938234955,0.00038689282865056663,other,0.8227321168823156,0.001378387254011079,0.12253457059949381,selected_U_Mean_M_GT_diagnostic_only,0.14893617021276595,-0.0006720123727807821,0.0013783872540110154,-0.00010008694913756328,7,F-Mean,H
0.032795067198457886,-0.0027057864727045937,0.0045589555298304685,0.00024232677114132176,0.00024232677114132176,3.3686681190049215e-05,0.0005409666209804027,0.0005409666209804027,7.52016378941367e-05,all-benefit,0.8521803335090152,-0.0032467530936850114,0.11846453066717252,selected_U_Mean_M_GT_diagnostic_only,0.13901345291479822,0.0322541005774775,-0.003246753093684996,0.004483753891936333,31,F-Mean,M
0.0008715842470399424,0.0008715842470399424,7.426054122761841e-05,0.019712478887278628,-0.0035171103230985015,0.0016795385599026632,0.02434494745739685,-0.003884641752980279,0.0020742331914373998,all-harm,0.8740796526312721,0.00475622600002023,0.07447315426006354,selected_U_Mean_M_GT_diagnostic_only,0.08520179372197309,-0.023473363210356906,0.004756226000020221,-0.001999972650209781,19,F-Mean,M
0.01428376550667001,-0.0024102137463749953,0.006405276011959646,0.01088803502018299,-0.0011875666761234076,0.004882526914880264,0.013194998133728836,-0.0013601119759956701,0.005917039521851497,conflict,0.835464575844246,-0.0010501017703793208,0.3746477918584063,selected_U_Mean_M_GT_diagnostic_only,0.4484304932735426,0.001088767372941174,-0.0010501017703793253,0.00048823649010814983,100,F-Mean,M
0.00462612028918771,0.0010121741109636265,0.0015143801843529275,0.002524634094575014,0.0004917042655230826,0.0008264497260267984,0.004342337570942233,0.0008701347534530567,0.0014214827025954392,other,0.8881248061642336,0.0001420393575105769,0.2907314387891886,selected_U_Mean_M_GT_diagnostic_only,0.3273542600896861,0.0002837827182454777,0.00014203935751056987,9.28974817574882e-05,73,F-Mean,M
0.03244219547746517,-0.015951628122075963,0.008110548869366293,0.0,0.0,0.0,0.0,0.0,0.0,all-benefit,0.8801201309205474,-0.015951628122076,0.22003003273013685,selected_U_Mean_M_GT_diagnostic_only,0.25,0.03244219547746517,-0.015951628122075963,0.008110548869366293,5,F-Mean,T1
0.008280050346879453,0.008280050346879453,0.0008280050346879453,0.0025253215605556285,-0.03669158583028148,0.00025253215605556287,0.005025321560555629,-0.03919158583028148,0.0005025321560555629,all-harm,0.8382550843804434,0.04747163617716088,0.08382550843804434,selected_U_Mean_M_GT_diagnostic_only,0.1,0.003254728786323824,0.047471636177160936,0.0003254728786323824,2,F-Mean,T1
0.010554274277509962,0.0005273022273230268,0.005277137138754981,0.009512921953287035,0.0005138567600389072,0.0047564609766435175,0.011798967170902713,0.00010613701553989132,0.005899483585451356,conflict,0.826433069654159,0.0004211652117831477,0.4132165348270795,selected_U_Mean_M_GT_diagnostic_only,0.5,-0.0012446928933927493,0.00042116521178313555,-0.0006223464466963746,10,F-Mean,T1
0.002543104293463654,0.00016114291587167158,0.00038146564401954813,0.0012572226463926461,0.0009690421974101193,0.0001885833969588969,0.0023828568936155718,0.0012613431112997113,0.00035742853404233577,other,0.922751632517471,-0.0011002001954279657,0.13841274487762065,selected_U_Mean_M_GT_diagnostic_only,0.15,0.0001602473998480828,-0.0011002001954280398,2.4037109977212423e-05,3,F-Mean,T1
0.02049223925053239,-0.034866603603665905,0.004360050904368593,0.0010550037635929513,0.0010550037635929513,0.00022446888587084073,0.002441961142937719,0.002441961142937719,0.0005195662006250466,all-benefit,0.7681453081042731,-0.037308564746603656,0.16343517193707938,selected_U_Mean_M_GT_diagnostic_only,0.2127659574468085,0.01805027810759467,-0.03730856474660362,0.003840484703743547,10,F-RSI,H
0.0,0.0,0.0,0.0038753573499567206,-0.030992681404619065,0.00024736323510362045,0.008843611315860237,-0.031024427438715547,0.00056448582867193,all-harm,0.8387662170084728,0.031024427438715547,0.053538269170753584,selected_U_Mean_M_GT_diagnostic_only,0.06382978723404255,-0.008843611315860237,0.031024427438715547,-0.00056448582867193,3,F-RSI,H
0.009527064530531872,-0.006984208676310741,0.005472994517539586,0.004524307989365193,-0.006710828454299422,0.002599070547082132,0.0067747346601755055,-0.006970438189210602,0.0038918688473348647,conflict,0.8359162713833109,-1.3770487100141484e-05,0.4802072197308382,selected_U_Mean_M_GT_diagnostic_only,0.574468085106383,0.0027523298703563664,-1.3770487100139685e-05,0.0015811256702047212,27,F-RSI,H
0.0024841033549984743,0.0011101265955986864,0.0003699728401061558,0.0002098525757956761,-0.001913451976537211,3.1254638948292187e-05,0.0014162421939614225,-0.002008134192230163,0.00021092968846233952,other,0.8244719904161336,0.003118260787828873,0.12279370070027522,selected_U_Mean_M_GT_diagnostic_only,0.14893617021276595,0.001067861161037052,0.0031182607878288493,0.00015904315164381625,7,F-RSI,H
0.018722103583164194,-0.0167787500879983,0.0026026242649241707,0.0003403237947074037,0.0003403237947074037,4.730958581134311e-05,0.000946900438715621,0.000946900438715621,0.00013163189955239573,all-benefit,0.8377014360759863,-0.01772565052671393,0.11645176914060798,selected_U_Mean_M_GT_diagnostic_only,0.13901345291479822,0.017775203144448574,-0.017725650526713915,0.002470992365371775,31,F-RSI,M
0.00042693638626084844,0.00042693638626084844,3.637574591460144e-05,0.006397514293272975,-0.016832074917104152,0.0005450796931488185,0.010639405250152181,-0.017590183960224947,0.0009064964114479438,all-harm,0.8873405469777375,0.018017120346485792,0.07560300624473996,selected_U_Mean_M_GT_diagnostic_only,0.08520179372197309,-0.010212468863891334,0.018017120346485792,-0.0008701206655333424,19,F-RSI,M
0.009360765091016496,-0.007333214162028509,0.004197652507182285,0.0051704760939064575,-0.006905125602399939,0.0023185991452495326,0.007277010672889184,-0.007278099436835323,0.0032632334856005306,conflict,0.8364595628894321,-5.511472519318106e-05,0.37509397438987985,selected_U_Mean_M_GT_diagnostic_only,0.4484304932735426,0.0020837544181273133,-5.5114725193186177e-05,0.0009344190215817549,100,F-RSI,M
0.003116794832215807,-0.0004971513460082761,0.0010202960661513628,0.00106347357061028,-0.000969456258441652,0.0003481326038320648,0.002435785832558678,-0.0010364169849304975,0.0007973648689541861,other,0.8885220324456453,0.0005392656389222161,0.2908614725046283,selected_U_Mean_M_GT_diagnostic_only,0.3273542600896861,0.000681008999657129,0.0005392656389222212,0.00022293119719717674,73,F-RSI,M
0.012624949824309386,-0.035768873775231746,0.0031562374560773466,0.0021100075271859027,0.0021100075271859027,0.0005275018817964757,0.004110007527185903,0.004110007527185903,0.0010275018817964758,all-benefit,0.8561928777402056,-0.03987888130241768,0.2140482194350514,selected_U_Mean_M_GT_diagnostic_only,0.25,0.008514942297123485,-0.03987888130241765,0.002128735574280871,5,F-RSI,T1
0.0,0.0,0.0,0.0020478173417454483,-0.03716909004909166,0.00020478173417454482,0.007000198290600723,-0.03721670910023639,0.0007000198290600723,all-harm,0.8280001573035188,0.037216709100236334,0.08280001573035188,selected_U_Mean_M_GT_diagnostic_only,0.1,-0.007000198290600723,0.03721670910023639,-0.0007000198290600723,2,F-RSI,T1
0.007747952672921945,-0.0022790193772649907,0.0038739763364609727,0.006791566623925109,-0.002207498569323019,0.0033957833119625546,0.009335410246123802,-0.002357419909239017,0.004667705123061901,conflict,0.8260903049743501,7.840053197402108e-05,0.41304515248717505,selected_U_Mean_M_GT_diagnostic_only,0.5,-0.0015874575732018586,7.840053197402594e-05,-0.0007937287866009293,10,F-RSI,T1
7.77202171827381e-05,-0.0023042411604092448,1.1658032577410715e-05,0.00032921632976762387,4.103588078509709e-05,4.938244946514358e-05,0.0019430025015944967,0.0008214887192786365,0.0002914503752391745,other,0.9207261028332111,-0.003125729879687844,0.13810891542498166,selected_U_Mean_M_GT_diagnostic_only,0.15,-0.0018652822844117585,-0.003125729879687881,-0.00027979234266176377,3,F-RSI,T1
0.04176425696163398,-0.013594585892564303,0.008886012119496592,0.0,0.0,0.0,0.0,0.0,0.0,all-benefit,0.7918592869583123,-0.013594585892564338,0.1684806993528324,selected_U_Mean_M_GT_diagnostic_only,0.2127659574468085,0.04176425696163398,-0.013594585892564303,0.008886012119496592,10,Historical-D0,H
0.005520033564586302,0.005520033564586302,0.00035234256795231713,0.00428408323173696,-0.030583955522838824,0.00027345212117469954,0.007617416565070294,-0.032250622189505494,0.0004862180786215081,all-harm,0.8455124453238488,0.037770655754091775,0.05396887948875631,selected_U_Mean_M_GT_diagnostic_only,0.06382978723404255,-0.0020973830004839913,0.037770655754091796,-0.00013387551066919095,3,Historical-D0,H
0.01479936674334518,-0.001711906463497434,0.008501763873836592,0.00924445272646406,-0.001990683717200555,0.00531064305562829,0.011465743631401544,-0.00227942921798456,0.006586703788251951,conflict,0.8364975646248983,0.0005675227544871264,0.4805411541462182,selected_U_Mean_M_GT_diagnostic_only,0.574468085106383,0.0033336231119436323,0.0005675227544871264,0.00191506008558464,27,Historical-D0,H
0.0019256966195873079,0.0005517198601875198,0.0002868058795130033,0.0013671978000361514,-0.0007561067522967355,0.0002036252042607034,0.0025977089923680903,-0.0008266673938234955,0.00038689282865056663,other,0.8227321168823156,0.001378387254011079,0.12253457059949381,selected_U_Mean_M_GT_diagnostic_only,0.14893617021276595,-0.0006720123727807821,0.0013783872540110154,-0.00010008694913756328,7,Historical-D0,H
0.032795067198457886,-0.0027057864727045937,0.0045589555298304685,0.00024232677114132176,0.00024232677114132176,3.3686681190049215e-05,0.0005409666209804027,0.0005409666209804027,7.52016378941367e-05,all-benefit,0.8521803335090152,-0.0032467530936850114,0.11846453066717252,selected_U_Mean_M_GT_diagnostic_only,0.13901345291479822,0.0322541005774775,-0.003246753093684996,0.004483753891936333,31,Historical-D0,M
0.0008715842470399424,0.0008715842470399424,7.426054122761841e-05,0.019712478887278628,-0.0035171103230985015,0.0016795385599026632,0.02434494745739685,-0.003884641752980279,0.0020742331914373998,all-harm,0.8740796526312721,0.00475622600002023,0.07447315426006354,selected_U_Mean_M_GT_diagnostic_only,0.08520179372197309,-0.023473363210356906,0.004756226000020221,-0.001999972650209781,19,Historical-D0,M
0.01428376550667001,-0.0024102137463749953,0.006405276011959646,0.01088803502018299,-0.0011875666761234076,0.004882526914880264,0.013194998133728836,-0.0013601119759956701,0.005917039521851497,conflict,0.835464575844246,-0.0010501017703793208,0.3746477918584063,selected_U_Mean_M_GT_diagnostic_only,0.4484304932735426,0.001088767372941174,-0.0010501017703793253,0.00048823649010814983,100,Historical-D0,M
0.00462612028918771,0.0010121741109636265,0.0015143801843529275,0.002524634094575014,0.0004917042655230826,0.0008264497260267984,0.004342337570942233,0.0008701347534530567,0.0014214827025954392,other,0.8881248061642336,0.0001420393575105769,0.2907314387891886,selected_U_Mean_M_GT_diagnostic_only,0.3273542600896861,0.0002837827182454777,0.00014203935751056987,9.28974817574882e-05,73,Historical-D0,M
0.03244219547746517,-0.015951628122075963,0.008110548869366293,0.0,0.0,0.0,0.0,0.0,0.0,all-benefit,0.8801201309205474,-0.015951628122076,0.22003003273013685,selected_U_Mean_M_GT_diagnostic_only,0.25,0.03244219547746517,-0.015951628122075963,0.008110548869366293,5,Historical-D0,T1
0.008280050346879453,0.008280050346879453,0.0008280050346879453,0.0025253215605556285,-0.03669158583028148,0.00025253215605556287,0.005025321560555629,-0.03919158583028148,0.0005025321560555629,all-harm,0.8382550843804434,0.04747163617716088,0.08382550843804434,selected_U_Mean_M_GT_diagnostic_only,0.1,0.003254728786323824,0.047471636177160936,0.0003254728786323824,2,Historical-D0,T1
0.010554274277509962,0.0005273022273230268,0.005277137138754981,0.009512921953287035,0.0005138567600389072,0.0047564609766435175,0.011798967170902713,0.00010613701553989132,0.005899483585451356,conflict,0.826433069654159,0.0004211652117831477,0.4132165348270795,selected_U_Mean_M_GT_diagnostic_only,0.5,-0.0012446928933927493,0.00042116521178313555,-0.0006223464466963746,10,Historical-D0,T1
0.002543104293463654,0.00016114291587167158,0.00038146564401954813,0.0012572226463926461,0.0009690421974101193,0.0001885833969588969,0.0023828568936155718,0.0012613431112997113,0.00035742853404233577,other,0.922751632517471,-0.0011002001954279657,0.13841274487762065,selected_U_Mean_M_GT_diagnostic_only,0.15,0.0001602473998480828,-0.0011002001954280398,2.4037109977212423e-05,3,Historical-D0,T1
0.02049223925053239,-0.034866603603665905,0.004360050904368593,0.0010550037635929513,0.0010550037635929513,0.00022446888587084073,0.002441961142937719,0.002441961142937719,0.0005195662006250466,all-benefit,0.7681453081042731,-0.037308564746603656,0.16343517193707938,selected_U_Mean_M_GT_diagnostic_only,0.2127659574468085,0.01805027810759467,-0.03730856474660362,0.003840484703743547,10,Historical-RSI-3,H
0.0,0.0,0.0,0.0038753573499567206,-0.030992681404619065,0.00024736323510362045,0.008843611315860237,-0.031024427438715547,0.00056448582867193,all-harm,0.8387662170084728,0.031024427438715547,0.053538269170753584,selected_U_Mean_M_GT_diagnostic_only,0.06382978723404255,-0.008843611315860237,0.031024427438715547,-0.00056448582867193,3,Historical-RSI-3,H
0.009527064530531872,-0.006984208676310741,0.005472994517539586,0.004524307989365193,-0.006710828454299422,0.002599070547082132,0.0067747346601755055,-0.006970438189210602,0.0038918688473348647,conflict,0.8359162713833109,-1.3770487100141484e-05,0.4802072197308382,selected_U_Mean_M_GT_diagnostic_only,0.574468085106383,0.0027523298703563664,-1.3770487100139685e-05,0.0015811256702047212,27,Historical-RSI-3,H
0.0024841033549984743,0.0011101265955986864,0.0003699728401061558,0.0002098525757956761,-0.001913451976537211,3.1254638948292187e-05,0.0014162421939614225,-0.002008134192230163,0.00021092968846233952,other,0.8244719904161336,0.003118260787828873,0.12279370070027522,selected_U_Mean_M_GT_diagnostic_only,0.14893617021276595,0.001067861161037052,0.0031182607878288493,0.00015904315164381625,7,Historical-RSI-3,H
0.018722103583164194,-0.0167787500879983,0.0026026242649241707,0.0003403237947074037,0.0003403237947074037,4.730958581134311e-05,0.000946900438715621,0.000946900438715621,0.00013163189955239573,all-benefit,0.8377014360759863,-0.01772565052671393,0.11645176914060798,selected_U_Mean_M_GT_diagnostic_only,0.13901345291479822,0.017775203144448574,-0.017725650526713915,0.002470992365371775,31,Historical-RSI-3,M
0.00042693638626084844,0.00042693638626084844,3.637574591460144e-05,0.006397514293272975,-0.016832074917104152,0.0005450796931488185,0.010639405250152181,-0.017590183960224947,0.0009064964114479438,all-harm,0.8873405469777375,0.018017120346485792,0.07560300624473996,selected_U_Mean_M_GT_diagnostic_only,0.08520179372197309,-0.010212468863891334,0.018017120346485792,-0.0008701206655333424,19,Historical-RSI-3,M
0.009360765091016496,-0.007333214162028509,0.004197652507182285,0.0051704760939064575,-0.006905125602399939,0.0023185991452495326,0.007277010672889184,-0.007278099436835323,0.0032632334856005306,conflict,0.8364595628894321,-5.511472519318106e-05,0.37509397438987985,selected_U_Mean_M_GT_diagnostic_only,0.4484304932735426,0.0020837544181273133,-5.5114725193186177e-05,0.0009344190215817549,100,Historical-RSI-3,M
0.003116794832215807,-0.0004971513460082761,0.0010202960661513628,0.00106347357061028,-0.000969456258441652,0.0003481326038320648,0.002435785832558678,-0.0010364169849304975,0.0007973648689541861,other,0.8885220324456453,0.0005392656389222161,0.2908614725046283,selected_U_Mean_M_GT_diagnostic_only,0.3273542600896861,0.000681008999657129,0.0005392656389222212,0.00022293119719717674,73,Historical-RSI-3,M
0.012624949824309386,-0.035768873775231746,0.0031562374560773466,0.0021100075271859027,0.0021100075271859027,0.0005275018817964757,0.004110007527185903,0.004110007527185903,0.0010275018817964758,all-benefit,0.8561928777402056,-0.03987888130241768,0.2140482194350514,selected_U_Mean_M_GT_diagnostic_only,0.25,0.008514942297123485,-0.03987888130241765,0.002128735574280871,5,Historical-RSI-3,T1
0.0,0.0,0.0,0.0020478173417454483,-0.03716909004909166,0.00020478173417454482,0.007000198290600723,-0.03721670910023639,0.0007000198290600723,all-harm,0.8280001573035188,0.037216709100236334,0.08280001573035188,selected_U_Mean_M_GT_diagnostic_only,0.1,-0.007000198290600723,0.03721670910023639,-0.0007000198290600723,2,Historical-RSI-3,T1
0.007747952672921945,-0.0022790193772649907,0.0038739763364609727,0.006791566623925109,-0.002207498569323019,0.0033957833119625546,0.009335410246123802,-0.002357419909239017,0.004667705123061901,conflict,0.8260903049743501,7.840053197402108e-05,0.41304515248717505,selected_U_Mean_M_GT_diagnostic_only,0.5,-0.0015874575732018586,7.840053197402594e-05,-0.0007937287866009293,10,Historical-RSI-3,T1
7.77202171827381e-05,-0.0023042411604092448,1.1658032577410715e-05,0.00032921632976762387,4.103588078509709e-05,4.938244946514358e-05,0.0019430025015944967,0.0008214887192786365,0.0002914503752391745,other,0.9207261028332111,-0.003125729879687844,0.13810891542498166,selected_U_Mean_M_GT_diagnostic_only,0.15,-0.0018652822844117585,-0.003125729879687881,-0.00027979234266176377,3,Historical-RSI-3,T1
0.012511099894294048,-0.04284774295990425,0.0026619361477221376,5.473894563493238e-05,5.473894563493238e-05,1.1646584177645187e-05,0.0006004648792061547,0.0006004648792061547,0.00012775848493747972,all-benefit,0.7620056650117664,-0.04344820783911042,0.1621288648961205,selected_U_Mean_M_GT_diagnostic_only,0.2127659574468085,0.011910635015087894,-0.043448207839110395,0.002534177662784658,10,Historical-feature-Shrink-1of3,H
0.003247040692777444,0.003247040692777444,0.00020725791656026236,0.0,-0.03486803875457578,0.0,0.0015467836512104889,-0.038321255103365294,9.8730871353861e-05,all-harm,0.8493100853658998,0.04156829579614274,0.0542112820446319,selected_U_Mean_M_GT_diagnostic_only,0.06382978723404255,0.001700257041566955,0.04156829579614274,0.00010852704520640138,3,Historical-feature-Shrink-1of3,H
0.005581624062359837,-0.010929649144482776,0.0032064648868875664,0.0021340313702469136,-0.0091011050734177,0.0012259329148226951,0.003920771119857156,-0.00982440172952895,0.0022523578773647494,conflict,0.8348247944554573,-0.0011052474149538189,0.47958020107015636,selected_U_Mean_M_GT_diagnostic_only,0.574468085106383,0.0016608529425026807,-0.0011052474149538254,0.0009541070095228166,27,Historical-feature-Shrink-1of3,H
0.0005322471404234205,-0.0008417296189763676,7.92708507013605e-05,0.0,-0.0021233045523328872,0.0,0.0008732257334496172,-0.002551150652741968,0.00013005489647121958,other,0.8230631506620701,0.0017094210337656218,0.12258387350286151,selected_U_Mean_M_GT_diagnostic_only,0.14893617021276595,-0.0003409785930261967,0.0017094210337656008,-5.078404576985908e-05,7,Historical-feature-Shrink-1of3,H
0.011976649977185278,-0.023524203693977213,0.0016649154676804646,3.146295418572059e-05,3.146295418572059e-05,4.373773900257121e-06,0.000510117756492422,0.000510117756492422,7.091323072316181e-05,all-benefit,0.8313927651522306,-0.024034321450469655,0.11557477901219348,selected_U_Mean_M_GT_diagnostic_only,0.13901345291479822,0.011466532220692856,-0.024034321450469638,0.0015940022369573027,31,Historical-feature-Shrink-1of3,M
0.0009321810213231594,0.0009321810213231594,7.942349509031403e-05,0.0028035736498112918,-0.020426015560565832,0.00023886950379558092,0.005853798124494158,-0.02237579108588297,0.0004987541002932243,all-harm,0.8926313987384581,0.023307972107206126,0.07605379630507042,selected_U_Mean_M_GT_diagnostic_only,0.08520179372197309,-0.004921617103170999,0.02330797210720613,-0.00041933060520291023,19,Historical-feature-Shrink-1of3,M
0.005374576111271378,-0.01131940314177363,0.0024101238167136226,0.0018888144116342837,-0.010186787284672112,0.000847001978311338,0.003668210021784171,-0.010886900087940337,0.0016449372294996282,conflict,0.8360821745607921,-0.00043250305383328526,0.3749247419555122,selected_U_Mean_M_GT_diagnostic_only,0.4484304932735426,0.0017063660894872064,-0.000432503053833293,0.000765186587213994,100,Historical-feature-Shrink-1of3,M
0.002253222585429809,-0.0013607235927942745,0.0007376020122707446,0.0003852811483119466,-0.0016476486807399853,0.00012612342523216189,0.0013370254720604798,-0.0021351773454286955,0.0004376809841274216,other,0.8887572205593575,0.0007744537526344219,0.2909384623355744,selected_U_Mean_M_GT_diagnostic_only,0.3273542600896861,0.0009161971133693288,0.000774453752634421,0.0002999210281433229,73,Historical-feature-Shrink-1of3,M
0.009874433054021858,-0.03851939054551927,0.0024686082635054646,0.00010947789126986476,0.00010947789126986476,2.736947281746619e-05,0.0011094778912698648,0.0011094778912698648,0.0002773694728174662,all-benefit,0.8564428906058342,-0.039628868436789165,0.21411072265145856,selected_U_Mean_M_GT_diagnostic_only,0.25,0.008764955162751994,-0.03962886843678914,0.0021912387906879984,5,Historical-feature-Shrink-1of3,T1
0.0045434074054127305,0.0045434074054127305,0.00045434074054127307,0.0,-0.03921690739083711,0.0,0.0017315632449932117,-0.0424853441458439,0.00017315632449932118,all-harm,0.8378121997545391,0.04702875155125663,0.08378121997545392,selected_U_Mean_M_GT_diagnostic_only,0.1,0.002811844160419519,0.04702875155125663,0.0002811844160419519,2,Historical-feature-Shrink-1of3,T1
0.004878206500950846,-0.005148765549236089,0.002439103250475423,0.002926961814117611,-0.006072103379130517,0.0014634809070588055,0.0049502723385257226,-0.0067425578168370985,0.0024751361692628613,conflict,0.827605696709977,0.001593792267601013,0.4138028483549885,selected_U_Mean_M_GT_diagnostic_only,0.5,-7.206583757487645e-05,0.001593792267601008,-3.6032918787438224e-05,10,Historical-feature-Shrink-1of3,T1
4.381419623056271e-05,-0.00233814718136142,6.572129434584406e-06,0.0,-0.0002881804489825268,0.0,0.0008343447157133213,-0.00028716906660253896,0.0001251517073569982,other,0.92180085459814,-0.00205097811475885,0.138270128189721,selected_U_Mean_M_GT_diagnostic_only,0.15,-0.0007905305194827586,-0.002050978114758881,-0.00011857957792241379,3,Historical-feature-Shrink-1of3,T1
0.02482202795128624,-0.030536814902912053,0.00528128254282686,0.0,0.0,0.0,0.0005646075806087707,0.0005646075806087707,0.0001201292724699512,all-benefit,0.7743524503673559,-0.03110142248352084,0.16475584050369274,selected_U_Mean_M_GT_diagnostic_only,0.2127659574468085,0.02425742037067747,-0.031101422483520824,0.005161153270356908,10,Historical-feature-Shrink-2of3,H
0.0046978834425041765,0.0046978834425041765,0.000299864900585373,0.0016726908884800455,-0.03319534786609574,0.0001067675035200029,0.004470890410927353,-0.03539714834364843,0.00028537598367621404,all-harm,0.8478368213559099,0.04009503178615259,0.05411724391633467,selected_U_Mean_M_GT_diagnostic_only,0.06382978723404255,0.0002269930315768239,0.04009503178615261,1.4488916909158972e-05,3,Historical-feature-Shrink-2of3,H
0.010222212010047518,-0.0062890611967950935,0.005872334558963468,0.00522158675082391,-0.006013549692840705,0.002999634941962672,0.007374560886499805,-0.006370611962886301,0.004236449870967973,conflict,0.8360115926365024,8.155076609122357e-05,0.480261978748629,selected_U_Mean_M_GT_diagnostic_only,0.574468085106383,0.0028476511235477125,8.155076609120641e-05,0.0016358846879954946,27,Historical-feature-Shrink-2of3,H
0.001070446687230545,-0.00030353007216924306,0.0001594282300130599,0.0004573458697342755,-0.0016659586825986117,6.811534230084954e-05,0.00201723208220135,-0.0014071443039902355,0.0003004388207533926,other,0.8224573438601256,0.0011036142318210374,0.12249364695789106,selected_U_Mean_M_GT_diagnostic_only,0.14893617021276595,-0.0009467853949708049,0.0011036142318209925,-0.00014101059074033263,7,Historical-feature-Shrink-2of3,H
0.022246043241071146,-0.013254810430091343,0.0030924992846332084,0.00014308858339713102,0.00014308858339713102,1.9891238050722248e-05,0.0006195955140631326,0.0006195955140631326,8.613211182043547e-05,all-benefit,0.8415526806585456,-0.013874405944154487,0.11698714394804895,selected_U_Mean_M_GT_diagnostic_only,0.13901345291479822,0.021626447727008013,-0.013874405944154476,0.003006367172812773,31,Historical-feature-Shrink-2of3,M
0.0007417710698690806,0.0007417710698690806,6.32002256839127e-05,0.00955100197563883,-0.013678587234738296,0.0008137625001665371,0.01384785161497733,-0.014381737595399796,0.0011798617967917905,all-harm,0.8844469352965207,0.015123508665268874,0.07535646533916544,selected_U_Mean_M_GT_diagnostic_only,0.08520179372197309,-0.013106080545108251,0.015123508665268877,-0.001116661571107878,19,Historical-feature-Shrink-2of3,M
0.010170205973093234,-0.006523773279951771,0.004560630481207728,0.005840126098942252,-0.0062354755973641415,0.002618890627328364,0.008025843376418079,-0.006529266733306427,0.003599032904223354,conflict,0.8365201710679799,5.493453354666334e-06,0.37512115294528253,selected_U_Mean_M_GT_diagnostic_only,0.4484304932735426,0.0021443625966751545,5.493453354655396e-06,0.0009615975769843742,100,Historical-feature-Shrink-2of3,M
0.003698782959109234,8.48367808851513e-05,0.001210812358811543,0.0012622293842717927,-0.0007707004447801394,0.00041319616615175274,0.0026273948273127165,-0.0008448079901764586,0.000860088889658423,other,0.8889124115777848,0.0009296447710616206,0.29098926477658427,selected_U_Mean_M_GT_diagnostic_only,0.3273542600896861,0.0010713881317965177,0.0009296447710616099,0.00035072346915312016,73,Historical-feature-Shrink-2of3,M
0.01938804675805749,-0.029005776841483644,0.004847011689514373,0.0,0.0,0.0,0.0009515476849783674,0.0009515476849783674,0.00023788692124459185,all-benefit,0.8661144345161613,-0.029957324526462027,0.21652860862904033,selected_U_Mean_M_GT_diagnostic_only,0.25,0.01843649907307912,-0.02995732452646201,0.00460912476826978,5,Historical-feature-Shrink-2of3,T1
0.007046825163756265,0.007046825163756265,0.0007046825163756265,0.0013622733349519533,-0.037854634055885156,0.00013622733349519532,0.0038591633670548853,-0.04035774402378223,0.0003859163367054885,all-harm,0.8381880173908209,0.04740456918753844,0.0838188017390821,selected_U_Mean_M_GT_diagnostic_only,0.1,0.00318766179670138,0.04740456918753849,0.000318766179670138,2,Historical-feature-Shrink-2of3,T1
0.007874580631650138,-0.0021523914185367977,0.003937290315825069,0.006170463309511869,-0.00282860188373626,0.0030852316547559347,0.008717629015362986,-0.002975201139999835,0.004358814507681493,conflict,0.8268347141638388,0.0008228097214630636,0.4134173570819194,selected_U_Mean_M_GT_diagnostic_only,0.5,-0.0008430483837128481,0.0008228097214630365,-0.00042152419185642403,10,Historical-feature-Shrink-2of3,T1
0.0008525818582230856,-0.001529379519368897,0.00012788727873346283,0.00038369034469892886,9.550989571640207e-05,5.7553551704839334e-05,0.0016205911243958439,0.0004990773420799837,0.0002430886686593766,other,0.9218233758514501,-0.002028456861448813,0.13827350637771751,selected_U_Mean_M_GT_diagnostic_only,0.15,-0.0007680092661727583,-0.0020284568614488806,-0.00011520138992591374,3,Historical-feature-Shrink-2of3,T1
0.05535884285419829,0.0,0.011778477203020912,0.0,0.0,0.0,0.0,0.0,0.0,all-benefit,0.8054538728508767,0.0,0.17137316443635675,selected_U_Mean_M_GT_diagnostic_only,0.2127659574468085,0.05535884285419829,0.0,0.011778477203020912,10,U-Mean,H
0.0,0.0,0.0,0.03486803875457578,0.0,0.0022256194949729223,0.039868038754575785,0.0,0.0025447684311431353,all-harm,0.8077417895697572,0.0,0.05155798656828237,selected_U_Mean_M_GT_diagnostic_only,0.06382978723404255,-0.039868038754575785,0.0,-0.0025447684311431353,3,U-Mean,H
0.01651127320684261,0.0,0.009485199501803201,0.011235136443664615,0.0,0.006454227318700949,0.013745172849386105,0.0,0.007896163126243081,conflict,0.8359300418704111,0.0,0.4802151304361936,selected_U_Mean_M_GT_diagnostic_only,0.574468085106383,0.002766100357456506,0.0,0.0015890363755601204,27,U-Mean,H
0.0013739767593997881,0.0,0.00020463483650635142,0.0021233045523328872,0.0,0.0003162368482197917,0.0034243763861915855,0.0,0.0005100135043264064,other,0.8213537296283047,0.0,0.12232927888081133,selected_U_Mean_M_GT_diagnostic_only,0.14893617021276595,-0.0020503996267917973,0.0,-0.00030537866782005493,7,U-Mean,H
0.03550085367116249,0.0,0.004935096250251288,0.0,0.0,0.0,0.0,0.0,0.0,all-benefit,0.8554270866027001,0.0,0.11891587302548745,selected_U_Mean_M_GT_diagnostic_only,0.13901345291479822,0.03550085367116249,0.0,0.004935096250251288,31,U-Mean,M
0.0,0.0,0.0,0.023229589210377127,0.0,0.0019792026681487236,0.02822958921037713,0.0,0.0024052116367585894,all-harm,0.8693234266312517,0.0,0.07406791527351472,selected_U_Mean_M_GT_diagnostic_only,0.08520179372197309,-0.02822958921037713,0.0,-0.0024052116367585894,19,U-Mean,M
0.016693979253045006,0.0,0.007486089351141258,0.012075601696306395,0.0,0.005415068025249504,0.014555110109724507,0.0,0.006526955206154488,conflict,0.8365146776146254,0.0,0.3751186895132849,selected_U_Mean_M_GT_diagnostic_only,0.4484304932735426,0.0021388691433204994,0.0,0.000959134144986771,100,U-Mean,M
0.0036139461782240833,0.0,0.0011830406771764937,0.002032929829051932,0.0,0.0006654882400035473,0.003472202817489175,0.0,0.0011366403842004921,other,0.8879827668067231,0.0,0.2906849416004071,selected_U_Mean_M_GT_diagnostic_only,0.3273542600896861,0.00014174336073490782,0.0,4.640029297600121e-05,73,U-Mean,M
0.04839382359954113,0.0,0.012098455899885282,0.0,0.0,0.0,0.0,0.0,0.0,all-benefit,0.8960717590426235,0.0,0.22401793976065587,selected_U_Mean_M_GT_diagnostic_only,0.25,0.04839382359954113,0.0,0.012098455899885282,5,U-Mean,T1
0.0,0.0,0.0,0.03921690739083711,0.0,0.003921690739083711,0.04421690739083711,0.0,0.004421690739083712,all-harm,0.7907834482032825,0.0,0.07907834482032824,selected_U_Mean_M_GT_diagnostic_only,0.1,-0.04421690739083711,0.0,-0.004421690739083712,2,U-Mean,T1
0.010026972050186937,0.0,0.005013486025093468,0.008999065193248128,0.0,0.004499532596624064,0.011692830155362821,0.0,0.0058464150776814106,conflict,0.8260119044423758,0.0,0.4130059522211879,selected_U_Mean_M_GT_diagnostic_only,0.5,-0.0016658581051758846,0.0,-0.0008329290525879423,10,U-Mean,T1
0.0023819613775919826,0.0,0.0003572942066387974,0.0002881804489825268,0.0,4.322706734737902e-05,0.00112151378231586,0.0,0.00016822706734737902,other,0.923851832712899,0.0,0.13857777490693485,selected_U_Mean_M_GT_diagnostic_only,0.15,0.0012604475952761225,0.0,0.0001890671392914184,3,U-Mean,T1
0.03241785458247282,-0.022940988271725464,0.006897415868611239,0.0,0.0,0.0,0.0,0.0,0.0,all-benefit,0.7825128845791511,-0.02294098827172548,0.16649210310194706,selected_U_Mean_M_GT_diagnostic_only,0.2127659574468085,0.03241785458247282,-0.022940988271725464,0.006897415868611239,10,U-Mean-logit-RMS,H
0.0,0.0,0.0,0.013415546338335754,-0.021452492416240032,0.0008563114684044098,0.018126673485015992,-0.021741365269559793,0.0011570217118095313,all-harm,0.829483154839317,0.021741365269559793,0.052945733287615974,selected_U_Mean_M_GT_diagnostic_only,0.06382978723404255,-0.018126673485015992,0.021741365269559793,-0.0011570217118095313,3,U-Mean-logit-RMS,H
0.010464357503534479,-0.006046915703308136,0.006011439416924062,0.004345601326058594,-0.006889535117606021,0.002496409272416639,0.006554592766254268,-0.0071905800831318385,0.003765404355082239,conflict,0.8370737062502349,0.0011436643798237126,0.48087212912247534,selected_U_Mean_M_GT_diagnostic_only,0.574468085106383,0.00390976473728021,0.0011436643798237037,0.0022460350618418224,27,U-Mean-logit-RMS,H
0.0011485527479767744,-0.00022542401142301382,0.00017106104757100895,0.0005111341153458291,-0.0016121704369870579,7.612635760469795e-05,0.0014762985859493078,-0.0019480778002422777,0.0002198742574818118,other,0.823076383417124,0.001722653788819306,0.12258584433872059,selected_U_Mean_M_GT_diagnostic_only,0.14893617021276595,-0.0003277458379725336,0.001722653788819264,-4.881320991080287e-05,7,U-Mean-logit-RMS,H
0.023479591093430698,-0.012021262577731789,0.0032639790309253436,0.0,0.0,0.0,0.0,0.0,0.0,all-benefit,0.8434058240249686,-0.012021262577731793,0.11724475580616155,selected_U_Mean_M_GT_diagnostic_only,0.13901345291479822,0.023479591093430698,-0.012021262577731789,0.0032639790309253436,31,U-Mean-logit-RMS,M
2.891361631264887e-05,2.891361631264887e-05,2.4634919728265855e-06,0.011416661021999444,-0.011812928188377682,0.0009727199973900871,0.01593841461625599,-0.01229117459412114,0.0013579815143895237,all-harm,0.8816435148416857,0.012320088210433797,0.07511760888785662,selected_U_Mean_M_GT_diagnostic_only,0.08520179372197309,-0.01590950099994334,0.012320088210433788,-0.001355518022416697,19,U-Mean-logit-RMS,M
0.010948712395562808,-0.0057452668574822,0.00490973650025238,0.005744570595758418,-0.006331031100547978,0.002576040625900636,0.007967485236676808,-0.006587624873047697,0.00357286333483265,conflict,0.8373570356301908,0.0008423580155655102,0.3754964285337179,selected_U_Mean_M_GT_diagnostic_only,0.4484304932735426,0.0029812271588859963,0.0008423580155654967,0.0013368731654197293,100,U-Mean-logit-RMS,M
0.0028535627825461755,-0.0007603833956779074,0.0009341259332998692,0.0009392791210799834,-0.0010936507079719485,0.00030747702169882867,0.0018368111548381079,-0.0016353916626510672,0.0006012879565165107,other,0.8888577750736963,0.0008750082669731709,0.2909713792842145,selected_U_Mean_M_GT_diagnostic_only,0.3273542600896861,0.0010167516277080674,0.0008750082669731597,0.00033283797678335835,73,U-Mean-logit-RMS,M
0.027497896305510187,-0.02089592729403094,0.006874474076377547,0.0,0.0,0.0,0.0,0.0,0.0,all-benefit,0.8751758317485925,-0.020895927294030937,0.21879395793714812,selected_U_Mean_M_GT_diagnostic_only,0.25,0.027497896305510187,-0.02089592729403094,0.006874474076377547,5,U-Mean-logit-RMS,T1
0.0,0.0,0.0,0.013866341044114942,-0.02535056634672217,0.001386634104411494,0.0184330317641353,-0.025783875626701813,0.00184330317641353,all-harm,0.8165673238299843,0.025783875626701813,0.08165673238299843,selected_U_Mean_M_GT_diagnostic_only,0.1,-0.0184330317641353,0.025783875626701813,-0.00184330317641353,2,U-Mean-logit-RMS,T1
0.00785836572623507,-0.002168606323951865,0.003929182863117535,0.0040904794516993265,-0.004908585741548803,0.0020452397258496633,0.006442105138913629,-0.005250725016449192,0.0032210525694568145,conflict,0.8290940231348733,0.0030821186924973264,0.4145470115674367,selected_U_Mean_M_GT_diagnostic_only,0.5,0.0014162605873214418,0.0030821186924973264,0.0007081302936607209,10,U-Mean-logit-RMS,T1
0.001598581344099971,-0.0007833800334920118,0.00023978720161499565,0.0,-0.0002881804489825268,0.0,0.00039760227081792054,-0.0007239115114979396,5.964034062268808e-05,other,0.9237923641909048,-5.946852199401054e-05,0.13856885462863572,selected_U_Mean_M_GT_diagnostic_only,0.15,0.0012009790732820504,-5.946852199407212e-05,0.00018014686099230757,3,U-Mean-logit-RMS,T1
0.0,-0.05535884285419829,0.0,0.0,0.0,0.0,0.0,0.0,0.0,all-benefit,0.7500950299966783,-0.0553588428541983,0.1595946872333358,selected_U_Mean_M_GT_diagnostic_only,0.2127659574468085,0.0,-0.05535884285419829,0.0,10,U-Mean-logit-alpha-0.000000,H
0.0,0.0,0.0,0.0,-0.03486803875457578,0.0,0.0,-0.039868038754575785,0.0,all-harm,0.847609828324333,0.03986803875457586,0.05410275499942551,selected_U_Mean_M_GT_diagnostic_only,0.06382978723404255,0.0,0.039868038754575785,0.0,3,U-Mean-logit-alpha-0.000000,H
0.0,-0.01651127320684261,0.0,0.0,-0.011235136443664615,0.0,0.0,-0.013745172849386105,0.0,conflict,0.8331639415129547,-0.0027661003574565024,0.47862609406063356,selected_U_Mean_M_GT_diagnostic_only,0.574468085106383,0.0,-0.002766100357456506,0.0,27,U-Mean-logit-alpha-0.000000,H
0.0,-0.0013739767593997881,0.0,0.0,-0.0021233045523328872,0.0,0.0,-0.0034243763861915855,0.0,other,0.8234041292550964,0.002050399626791829,0.12263465754863138,selected_U_Mean_M_GT_diagnostic_only,0.14893617021276595,0.0,0.0020503996267917973,0.0,7,U-Mean-logit-alpha-0.000000,H
0.0,-0.03550085367116249,0.0,0.0,0.0,0.0,0.0,0.0,0.0,all-benefit,0.8199262329315377,-0.035500853671162506,0.11398077677523619,selected_U_Mean_M_GT_diagnostic_only,0.13901345291479822,0.0,-0.03550085367116249,0.0,31,U-Mean-logit-alpha-0.000000,M
0.0,0.0,0.0,0.0,-0.023229589210377127,0.0,0.0,-0.02822958921037713,0.0,all-harm,0.897553015841629,0.02822958921037715,0.07647312691027332,selected_U_Mean_M_GT_diagnostic_only,0.08520179372197309,0.0,0.02822958921037713,0.0,19,U-Mean-logit-alpha-0.000000,M
0.0,-0.016693979253045006,0.0,0.0,-0.012075601696306395,0.0,0.0,-0.014555110109724507,0.0,conflict,0.8343758084713048,-0.0021388691433204894,0.3741595553682981,selected_U_Mean_M_GT_diagnostic_only,0.4484304932735426,0.0,-0.0021388691433204994,0.0,100,U-Mean-logit-alpha-0.000000,M
0.0,-0.0036139461782240833,0.0,0.0,-0.002032929829051932,0.0,0.0,-0.003472202817489175,0.0,other,0.8878410234459884,-0.00014174336073489413,0.29063854130743116,selected_U_Mean_M_GT_diagnostic_only,0.3273542600896861,0.0,-0.00014174336073490782,0.0,73,U-Mean-logit-alpha-0.000000,M
0.0,-0.04839382359954113,0.0,0.0,0.0,0.0,0.0,0.0,0.0,all-benefit,0.8476779354430823,-0.04839382359954112,0.21191948386077059,selected_U_Mean_M_GT_diagnostic_only,0.25,0.0,-0.04839382359954113,0.0,5,U-Mean-logit-alpha-0.000000,T1
0.0,0.0,0.0,0.0,-0.03921690739083711,0.0,0.0,-0.04421690739083711,0.0,all-harm,0.8350003555941197,0.04421690739083717,0.08350003555941196,selected_U_Mean_M_GT_diagnostic_only,0.1,0.0,0.04421690739083711,0.0,2,U-Mean-logit-alpha-0.000000,T1
0.0,-0.010026972050186937,0.0,0.0,-0.008999065193248128,0.0,0.0,-0.011692830155362821,0.0,conflict,0.8276777625475518,0.001665858105175877,0.4138388812737759,selected_U_Mean_M_GT_diagnostic_only,0.5,0.0,0.0016658581051758846,0.0,10,U-Mean-logit-alpha-0.000000,T1
0.0,-0.0023819613775919826,0.0,0.0,-0.0002881804489825268,0.0,0.0,-0.00112151378231586,0.0,other,0.9225913851176228,-0.001260447595276104,0.13838870776764342,selected_U_Mean_M_GT_diagnostic_only,0.15,0.0,-0.0012604475952761225,0.0,3,U-Mean-logit-alpha-0.000000,T1
0.019061077236288727,-0.03629776561790955,0.004055548348146538,0.0,0.0,0.0,0.0,0.0,0.0,all-benefit,0.7691561072329672,-0.03629776561790959,0.1636502355814824,selected_U_Mean_M_GT_diagnostic_only,0.2127659574468085,0.019061077236288727,-0.03629776561790955,0.004055548348146538,10,U-Mean-logit-alpha-0.333333,H
0.0,0.0,0.0,0.004938205222945008,-0.029929833531630774,0.0003152045886986175,0.008649160300263914,-0.03121887845431187,0.0005520740617189732,all-harm,0.8389606680240691,0.03121887845431189,0.05355068093770654,selected_U_Mean_M_GT_diagnostic_only,0.06382978723404255,-0.008649160300263914,0.03121887845431187,-0.0005520740617189732,3,U-Mean-logit-alpha-0.333333,H
0.005959940312033495,-0.010551332894809117,0.0034237954984022204,0.001500673276090433,-0.009734463167574182,0.0008620889032859933,0.0032197998345439996,-0.010525373014842106,0.0018496722453763402,conflict,0.8359040819904443,-2.5959879967012106e-05,0.48020021731365947,selected_U_Mean_M_GT_diagnostic_only,0.574468085106383,0.0027401404774894944,-2.5959879967011398e-05,0.0015741232530258797,27,U-Mean-logit-alpha-0.333333,H
0.0010106499441066247,-0.00036332681529316346,0.00015052233210098665,0.0,-0.0021233045523328872,0.0,0.0005561785089589885,-0.002868197877232597,8.283509707899828e-05,other,0.823858600690244,0.002504871061939481,0.12270234478365336,selected_U_Mean_M_GT_diagnostic_only,0.14893617021276595,0.0004544714351476361,0.0025048710619394337,6.768723502198835e-05,7,U-Mean-logit-alpha-0.333333,H
0.014647738640753341,-0.020853115030409146,0.0020362327258446346,0.0,0.0,0.0,0.0,0.0,0.0,all-benefit,0.8345739715722911,-0.02085311503040916,0.11601700950108082,selected_U_Mean_M_GT_diagnostic_only,0.13901345291479822,0.014647738640753341,-0.020853115030409146,0.0020362327258446346,31,U-Mean-logit-alpha-0.333333,M
0.0001654135344507003,0.0001654135344507003,1.4093529841091056e-05,0.004781369003957827,-0.0184482202064193,0.00040738121558385075,0.008445760052010727,-0.0197838291583664,0.0007195939057766987,all-harm,0.889272669324069,0.01994924269281712,0.07576762653433772,selected_U_Mean_M_GT_diagnostic_only,0.08520179372197309,-0.008280346517560027,0.0199492426928171,-0.0007055003759356077,19,U-Mean-logit-alpha-0.333333,M
0.006273532971420748,-0.010420446281624257,0.002813243484942039,0.0022728315234563064,-0.009802770172850089,0.0010192069611911687,0.00407122852764933,-0.010483881582075173,0.001825663016883108,conflict,0.8365781129150761,6.343530045092249e-05,0.375147135836357,selected_U_Mean_M_GT_diagnostic_only,0.4484304932735426,0.0022023044437714163,6.343530045091749e-05,0.000987580468058931,100,U-Mean-logit-alpha-0.333333,M
0.0018405096979703293,-0.0017734364802537543,0.0006024986903669688,0.00031364215428980315,-0.001719287674762129,0.00010267209535047369,0.0009315035051078891,-0.002540699312381286,0.0003049316406855422,other,0.8887500296388506,0.0007672628321275327,0.29093610835711253,selected_U_Mean_M_GT_diagnostic_only,0.3273542600896861,0.0009090061928624402,0.0007672628321275321,0.0002975670496814266,73,U-Mean-logit-alpha-0.333333,M
0.014158371797241831,-0.034235451802299297,0.0035395929493104578,0.0,0.0,0.0,0.0,0.0,0.0,all-benefit,0.8618363072403241,-0.034235451802299324,0.21545907681008103,selected_U_Mean_M_GT_diagnostic_only,0.25,0.014158371797241831,-0.034235451802299297,0.0035395929493104578,5,U-Mean-logit-alpha-0.333333,T1
0.0,0.0,0.0,0.004759571934653125,-0.034457335456183985,0.00047595719346531245,0.00857020430956354,-0.03564670308127357,0.0008570204309563539,all-harm,0.826430151284556,0.035646703081273545,0.0826430151284556,selected_U_Mean_M_GT_diagnostic_only,0.1,-0.00857020430956354,0.03564670308127357,-0.0008570204309563539,2,U-Mean-logit-alpha-0.333333,T1
0.0049080212919278415,-0.005118950758259094,0.0024540106459639208,0.0015211369398449644,-0.007477928253403163,0.0007605684699224822,0.0032083597307534253,-0.008484470424609394,0.0016041798653767126,conflict,0.8293774241087262,0.003365519666350303,0.4146887120543631,selected_U_Mean_M_GT_diagnostic_only,0.5,0.0016996615611744152,0.0033655196663503,0.0008498307805872076,10,U-Mean-logit-alpha-0.333333,T1
0.0009555466837034935,-0.0014264146938884892,0.00014333200255552402,0.0,-0.0002881804489825268,0.0,0.00019572465022240268,-0.0009257891320934575,2.93586975333604e-05,other,0.923351207151104,-0.0005006255617949392,0.13850268107266558,selected_U_Mean_M_GT_diagnostic_only,0.15,0.0007598220334810909,-0.0005006255617950317,0.00011397330502216363,3,U-Mean-logit-alpha-0.333333,T1
0.03602109079584888,-0.019337752058349405,0.007664061871457209,0.0,0.0,0.0,0.0,0.0,0.0,all-benefit,0.7861161207925272,-0.01933775205834944,0.16725874910479305,selected_U_Mean_M_GT_diagnostic_only,0.2127659574468085,0.03602109079584888,-0.019337752058349405,0.007664061871457209,10,U-Mean-logit-alpha-0.666667,H
0.0,0.0,0.0,0.015762223986528937,-0.019105814768046847,0.001006099403395464,0.02061362442614358,-0.019254414328432206,0.0013157632612432074,all-harm,0.8269962038981894,0.019254414328432223,0.052786991738182305,selected_U_Mean_M_GT_diagnostic_only,0.06382978723404255,-0.02061362442614358,0.019254414328432206,-0.0013157632612432074,3,U-Mean-logit-alpha-0.666667,H
0.011399357668614062,-0.005111915538228552,0.006548567171331483,0.005184087745782975,-0.006051048697881639,0.0029780929603434115,0.00746454189116596,-0.006280630958220145,0.004288141086414488,conflict,0.8370987572904027,0.0011687154199916023,0.4808865201455505,selected_U_Mean_M_GT_diagnostic_only,0.574468085106383,0.003934815777448099,0.0011687154199915932,0.002260426084916993,27,U-Mean-logit-alpha-0.666667,H
0.0011912321215608141,-0.00018274463783897395,0.00017741755001969572,0.0007534803548270699,-0.0013698241975058172,0.00011222047837849978,0.0017698671488850831,-0.0016545092373065023,0.00026359723494033153,other,0.8228254942277723,0.0014717645994675652,0.12254847786371076,selected_U_Mean_M_GT_diagnostic_only,0.14893617021276595,-0.000578635027324269,0.0014717645994675283,-8.617968492063582e-05,7,U-Mean-logit-alpha-0.666667,H
0.025523904705432948,-0.009976948965729548,0.0035481661249704994,0.0,0.0,0.0,0.0,0.0,0.0,all-benefit,0.8454501376369704,-0.00997694896572956,0.11752894290020666,selected_U_Mean_M_GT_diagnostic_only,0.13901345291479822,0.025523904705432948,-0.009976948965729548,0.0035481661249704994,31,U-Mean-logit-alpha-0.666667,M
0.0,0.0,0.0,0.013106266397422975,-0.01012332281295415,0.0011166774060584598,0.017767024336200945,-0.010462564874176183,0.0015137823425462687,all-harm,0.879785991505428,0.010462564874176196,0.07495934456772704,selected_U_Mean_M_GT_diagnostic_only,0.08520179372197309,-0.017767024336200945,0.010462564874176183,-0.0015137823425462687,19,U-Mean-logit-alpha-0.666667,M
0.011999855738331682,-0.004694123514713323,0.005381101227951427,0.0066592199186085,-0.005416381777697896,0.00298619727291861,0.008961625789415499,-0.005593484320309007,0.004018666273280493,conflict,0.8374140384202211,0.0008993608055956897,0.3755219903229691,selected_U_Mean_M_GT_diagnostic_only,0.4484304932735426,0.003038229948916184,0.0008993608055956842,0.0013624349546709346,100,U-Mean-logit-alpha-0.666667,M
0.0030231212433368673,-0.0005908249348872159,0.0009896316177739522,0.0011045555059980827,-0.0009283743230538493,0.00036158095039399117,0.002064965202185391,-0.0014072376153037845,0.0006759751558723477,other,0.8887991794871396,0.0008164126804165785,0.2909521977693327,selected_U_Mean_M_GT_diagnostic_only,0.3273542600896861,0.0009581560411514764,0.0008164126804165685,0.00031365646190160436,73,U-Mean-logit-alpha-0.666667,M
0.031771502917979665,-0.016622320681561463,0.007942875729494916,0.0,0.0,0.0,0.0,0.0,0.0,all-benefit,0.8794494383610619,-0.016622320681561487,0.21986235959026548,selected_U_Mean_M_GT_diagnostic_only,0.25,0.031771502917979665,-0.016622320681561463,0.007942875729494916,5,U-Mean-logit-alpha-0.666667,T1
0.0,0.0,0.0,0.016335607895730634,-0.022881299495106477,0.0016335607895730634,0.0211127085551526,-0.023104198835684514,0.00211127085551526,all-harm,0.8138876470389671,0.023104198835684542,0.08138876470389671,selected_U_Mean_M_GT_diagnostic_only,0.1,-0.0211127085551526,0.023104198835684514,-0.00211127085551526,2,U-Mean-logit-alpha-0.666667,T1
0.008315366458632545,-0.0017116055915543913,0.004157683229316272,0.004731905374260355,-0.004267159818987773,0.0023659526871301776,0.007221592954503318,-0.004471237200859501,0.003610796477251659,conflict,0.828771536051681,0.002759631609305113,0.4143857680258405,selected_U_Mean_M_GT_diagnostic_only,0.5,0.001093773504129225,0.0027596316093051096,0.0005468867520646125,10,U-Mean-logit-alpha-0.666667,T1
0.0017667624318366427,-0.0006151989457553401,0.0002650143647754964,0.0,-0.0002881804489825268,0.0,0.0004908073700929753,-0.0006307064122228848,7.36211055139463e-05,other,0.9238673401793666,1.5507466467612474e-05,0.138580101026905,selected_U_Mean_M_GT_diagnostic_only,0.15,0.0012759550617436673,1.550746646754475e-05,0.0001913932592615501,3,U-Mean-logit-alpha-0.666667,T1
0.05535884285419829,0.0,0.011778477203020912,0.0,0.0,0.0,0.0,0.0,0.0,all-benefit,0.8054538728508767,0.0,0.17137316443635675,selected_U_Mean_M_GT_diagnostic_only,0.2127659574468085,0.05535884285419829,0.0,0.011778477203020912,10,U-Mean-logit-alpha-1.000000,H
0.0,0.0,0.0,0.03486803875457578,0.0,0.0022256194949729223,0.039868038754575785,0.0,0.0025447684311431353,all-harm,0.8077417895697572,0.0,0.05155798656828237,selected_U_Mean_M_GT_diagnostic_only,0.06382978723404255,-0.039868038754575785,0.0,-0.0025447684311431353,3,U-Mean-logit-alpha-1.000000,H
0.01651127320684261,0.0,0.009485199501803201,0.011235136443664615,0.0,0.006454227318700949,0.013745172849386105,0.0,0.007896163126243081,conflict,0.8359300418704111,0.0,0.4802151304361936,selected_U_Mean_M_GT_diagnostic_only,0.574468085106383,0.002766100357456506,0.0,0.0015890363755601204,27,U-Mean-logit-alpha-1.000000,H
0.0013739767593997881,0.0,0.00020463483650635142,0.0021233045523328872,0.0,0.0003162368482197917,0.0034243763861915855,0.0,0.0005100135043264064,other,0.8213537296283047,0.0,0.12232927888081133,selected_U_Mean_M_GT_diagnostic_only,0.14893617021276595,-0.0020503996267917973,0.0,-0.00030537866782005493,7,U-Mean-logit-alpha-1.000000,H
0.03550085367116249,0.0,0.004935096250251288,0.0,0.0,0.0,0.0,0.0,0.0,all-benefit,0.8554270866027001,0.0,0.11891587302548745,selected_U_Mean_M_GT_diagnostic_only,0.13901345291479822,0.03550085367116249,0.0,0.004935096250251288,31,U-Mean-logit-alpha-1.000000,M
0.0,0.0,0.0,0.023229589210377127,0.0,0.0019792026681487236,0.02822958921037713,0.0,0.0024052116367585894,all-harm,0.8693234266312517,0.0,0.07406791527351472,selected_U_Mean_M_GT_diagnostic_only,0.08520179372197309,-0.02822958921037713,0.0,-0.0024052116367585894,19,U-Mean-logit-alpha-1.000000,M
0.016693979253045006,0.0,0.007486089351141258,0.012075601696306395,0.0,0.005415068025249504,0.014555110109724507,0.0,0.006526955206154488,conflict,0.8365146776146254,0.0,0.3751186895132849,selected_U_Mean_M_GT_diagnostic_only,0.4484304932735426,0.0021388691433204994,0.0,0.000959134144986771,100,U-Mean-logit-alpha-1.000000,M
0.0036139461782240833,0.0,0.0011830406771764937,0.002032929829051932,0.0,0.0006654882400035473,0.003472202817489175,0.0,0.0011366403842004921,other,0.8879827668067231,0.0,0.2906849416004071,selected_U_Mean_M_GT_diagnostic_only,0.3273542600896861,0.00014174336073490782,0.0,4.640029297600121e-05,73,U-Mean-logit-alpha-1.000000,M
0.04839382359954113,0.0,0.012098455899885282,0.0,0.0,0.0,0.0,0.0,0.0,all-benefit,0.8960717590426235,0.0,0.22401793976065587,selected_U_Mean_M_GT_diagnostic_only,0.25,0.04839382359954113,0.0,0.012098455899885282,5,U-Mean-logit-alpha-1.000000,T1
0.0,0.0,0.0,0.03921690739083711,0.0,0.003921690739083711,0.04421690739083711,0.0,0.004421690739083712,all-harm,0.7907834482032825,0.0,0.07907834482032824,selected_U_Mean_M_GT_diagnostic_only,0.1,-0.04421690739083711,0.0,-0.004421690739083712,2,U-Mean-logit-alpha-1.000000,T1
0.010026972050186937,0.0,0.005013486025093468,0.008999065193248128,0.0,0.004499532596624064,0.011692830155362821,0.0,0.0058464150776814106,conflict,0.8260119044423758,0.0,0.4130059522211879,selected_U_Mean_M_GT_diagnostic_only,0.5,-0.0016658581051758846,0.0,-0.0008329290525879423,10,U-Mean-logit-alpha-1.000000,T1
0.0023819613775919826,0.0,0.0003572942066387974,0.0002881804489825268,0.0,4.322706734737902e-05,0.00112151378231586,0.0,0.00016822706734737902,other,0.923851832712899,0.0,0.13857777490693485,selected_U_Mean_M_GT_diagnostic_only,0.15,0.0012604475952761225,0.0,0.0001890671392914184,3,U-Mean-logit-alpha-1.000000,T1
0.027730854952932316,-0.02762798790126597,0.005900181904879216,0.001749461895071074,0.001749461895071074,0.0003722259351215051,0.0027494618950710736,0.0027494618950710736,0.0005849918925683136,all-benefit,0.7750764230545397,-0.030377449796337046,0.16490987724564674,selected_U_Mean_M_GT_diagnostic_only,0.2127659574468085,0.02498139305786124,-0.030377449796337042,0.005315190012310902,10,U-NoMessage,H
0.0002871888489979768,0.0002871888489979768,1.8331203127530436e-05,0.012551780321079252,-0.022316258433496532,0.000801177467302931,0.015826467374774517,-0.024041571379801268,0.0010102000451983734,all-harm,0.8320705497985564,0.024328760228799262,0.05311088615735467,selected_U_Mean_M_GT_diagnostic_only,0.06382978723404255,-0.015539278525776542,0.024328760228799245,-0.000991868842070843,3,U-NoMessage,H
0.008188072423287535,-0.008323200783555076,0.004703786285718371,0.004056517564527228,-0.0071786188791373865,0.0023303398774943648,0.005834191195393403,-0.007910981653992703,0.0033515566441621675,conflict,0.8355178227408488,-0.00041221912956236053,0.4799783237021898,selected_U_Mean_M_GT_diagnostic_only,0.574468085106383,0.0023538812278941323,-0.0004122191295623736,0.0013522296415562035,27,U-NoMessage,H
0.0017199157920082372,0.0003459390326084492,0.00025615767115016297,0.003491784699430029,0.001368480147097142,0.0005200530403406426,0.004996119155106835,0.0015717427689152495,0.000744102852888252,other,0.8201279258919979,-0.001225803736306763,0.1221467123668933,selected_U_Mean_M_GT_diagnostic_only,0.14893617021276595,-0.0032762033630985977,-0.0012258037363067997,-0.00048794518173808903,7,U-NoMessage,H
0.015266716939032643,-0.020234136732129843,0.0021222790363677664,0.0018174815036435166,0.0018174815036435166,0.0002526543794302646,0.002896017326160677,0.002896017326160677,0.000402585368210677,all-benefit,0.8322969325444095,-0.023130154058290536,0.11570047044339325,selected_U_Mean_M_GT_diagnostic_only,0.13901345291479822,0.012370699612871966,-0.023130154058290525,0.0017196936681570893,31,U-NoMessage,M
0.0012446979140460196,0.0012446979140460196,0.00010605049491871914,0.005002726335230676,-0.01822686287514645,0.0004262412572618065,0.007968009382302554,-0.020261579828074573,0.0006788886917656883,all-harm,0.8908297043733725,0.021506277742120616,0.07590028871342636,selected_U_Mean_M_GT_diagnostic_only,0.08520179372197309,-0.006723311468256533,0.021506277742120595,-0.0005728381968469693,19,U-NoMessage,M
0.006177641404844409,-0.010516337848200594,0.0027702427824414393,0.0035231834613797266,-0.00855241823492667,0.001579902897479698,0.005420254348835986,-0.009134855760888521,0.002430607331316586,conflict,0.8351331955273134,-0.0013814820873120676,0.374499190819423,selected_U_Mean_M_GT_diagnostic_only,0.4484304932735426,0.0007573870560084224,-0.001381482087312077,0.0003396354511248531,100,U-NoMessage,M
0.002707606977316346,-0.0009063392009077373,0.0008863466786730639,0.0017683713301078945,-0.00026455849894403715,0.0005788838883312838,0.0034282908720816127,-4.3911945407562525e-05,0.001122265621802501,other,0.887120339551223,-0.0008624272555001656,0.2904026223643017,selected_U_Mean_M_GT_diagnostic_only,0.3273542600896861,-0.0007206838947652667,-0.0008624272555001745,-0.0002359189431294371,73,U-NoMessage,M
0.021599285191044128,-0.026794538408497003,0.005399821297761032,0.003498923790142148,0.003498923790142148,0.000874730947535537,0.005498923790142147,0.005498923790142147,0.0013747309475355368,all-benefit,0.8637782968439843,-0.032293462198639135,0.21594457421099608,selected_U_Mean_M_GT_diagnostic_only,0.25,0.01610036140090198,-0.032293462198639156,0.004025090350225495,5,U-NoMessage,T1
0.0,0.0,0.0,0.017525939852535147,-0.021690967538301964,0.0017525939852535148,0.021187970433078046,-0.023028936957759066,0.0021187970433078048,all-harm,0.8138123851610415,0.02302893695775904,0.08138123851610415,selected_U_Mean_M_GT_diagnostic_only,0.1,-0.021187970433078046,0.023028936957759066,-0.0021187970433078048,2,U-NoMessage,T1
0.005359626114088088,-0.004667345936098846,0.002679813057044044,0.000608633546133697,-0.00839043164711443,0.0003043167730668485,0.0015631746591892788,-0.010129655496173543,0.0007815873295946394,conflict,0.8314742140024507,0.005462309560074707,0.41573710700122535,selected_U_Mean_M_GT_diagnostic_only,0.5,0.0037964514548988098,0.005462309560074694,0.0018982257274494049,10,U-NoMessage,T1
0.0014432134845249374,-0.0009387478930670451,0.0002164820226787406,9.569385060304097e-05,-0.0001924865983794858,1.4354077590456146e-05,0.0009390073916553418,-0.00018250639066051832,0.00014085110874830127,other,0.9230955912104924,-0.0007562415024064961,0.13846433868157387,selected_U_Mean_M_GT_diagnostic_only,0.15,0.0005042060928695957,-0.0007562415024065268,7.563091393043935e-05,3,U-NoMessage,T1
0.011916582058438834,-0.043442260795759455,0.0025354429911571986,0.0,0.0,0.0,0.00019400014235008007,0.00019400014235008007,4.127662603193193e-05,all-benefit,0.7618176119127671,-0.04363626093810956,0.1620888535984611,selected_U_Mean_M_GT_diagnostic_only,0.2127659574468085,0.011722581916088753,-0.04363626093810954,0.0024941663651252667,10,U-RSI,H
0.0016946702273513876,0.0016946702273513876,0.00010817044004370559,0.0038497239459113594,-0.031018314808664422,0.0002457270603773208,0.00696846954310278,-0.032899569211473,0.00044479592828315623,all-harm,0.8423360290085814,0.03459423943882437,0.05376612951118605,selected_U_Mean_M_GT_diagnostic_only,0.06382978723404255,-0.005273799315751393,0.03459423943882439,-0.0003366254882394506,3,U-RSI,H
0.007442171259810771,-0.009069101947031841,0.004275289872657252,0.00296389152061856,-0.008271244923046055,0.0017026610863127899,0.004961015749575863,-0.008784157099810242,0.002849945217841453,conflict,0.8356450970231896,-0.00028494484722159835,0.4800514387154493,selected_U_Mean_M_GT_diagnostic_only,0.574468085106383,0.002481155510234908,-0.0002849448472215982,0.001425344654815798,27,U-RSI,H
0.0016045696624703803,0.00023059290307059221,0.000238978460367929,0.0019042088031891373,-0.00021909574914374976,0.0002836055664324247,0.003086585135968624,-0.0003377912502229614,0.0004597041691868164,other,0.8219221137815982,0.0005683841532935853,0.1224139318398125,selected_U_Mean_M_GT_diagnostic_only,0.14893617021276595,-0.0014820154734982438,0.0005683841532935536,-0.00022072570881888739,7,U-RSI,H
0.015062815776616122,-0.020438037894546363,0.002093934031726905,1.5178903517109865e-05,1.5178903517109865e-05,2.110071789374017e-06,0.00020129369221877493,0.00020129369221877493,2.798253120530055e-05,all-benefit,0.8347877550159352,-0.020639331586765158,0.11604672827575781,selected_U_Mean_M_GT_diagnostic_only,0.13901345291479822,0.014861522084397349,-0.02063933158676514,0.0020659515005216045,31,U-RSI,M
0.0005693640201932702,0.0005693640201932702,4.851083580122033e-05,0.0047361932884679905,-0.01849339592190914,0.00040353216359144314,0.00835317755816455,-0.019876411652212576,0.000711705711233751,all-harm,0.8897692023036576,0.020445775672405856,0.07580993203484078,selected_U_Mean_M_GT_diagnostic_only,0.08520179372197309,-0.007783813537971281,0.020445775672405846,-0.0006631948754325306,19,U-RSI,M
0.007357633200541823,-0.009336346052503181,0.0032993870854447637,0.0030947342069590138,-0.00898086748934738,0.0013877731869771364,0.004956971134623738,-0.009598138975100768,0.002222857011042035,conflict,0.8367764705372229,0.00026179292259759067,0.3752360854427009,selected_U_Mean_M_GT_diagnostic_only,0.4484304932735426,0.0024006620659180865,0.0002617929225975869,0.0010765300744027292,100,U-RSI,M
0.0025474254074181225,-0.0010665207708059606,0.0008339105593790266,0.0006308403822917782,-0.0014020894467601539,0.0002065082865798198,0.001805348361546235,-0.00166685445594294,0.0005909884770980949,other,0.8885831004918601,0.0006003336851369861,0.29088146338971205,selected_U_Mean_M_GT_diagnostic_only,0.3273542600896861,0.0007420770458718876,0.0006003336851369798,0.00024292208228093184,73,U-RSI,M
0.015472811637065662,-0.032921011962475474,0.0038682029092664155,0.0,0.0,0.0,0.0,0.0,0.0,all-benefit,0.8631507470801478,-0.0329210119624755,0.21578768677003696,selected_U_Mean_M_GT_diagnostic_only,0.25,0.015472811637065662,-0.032921011962475474,0.0038682029092664155,5,U-RSI,T1
0.0025420053410270815,0.0025420053410270815,0.00025420053410270813,0.0005192850667388182,-0.03869762232409829,5.192850667388182e-05,0.002697403462525949,-0.04151950392831116,0.00026974034625259493,all-harm,0.8348449574726207,0.04406150926933822,0.08348449574726206,selected_U_Mean_M_GT_diagnostic_only,0.1,-0.00015539812149886756,0.044061509269338245,-1.5539812149886755e-05,2,U-RSI,T1
0.0066477022238925956,-0.0033792698262943392,0.0033238511119462978,0.003876837694659848,-0.00512222749858828,0.001938418847329924,0.005923051500396107,-0.005769778654966713,0.0029615257501980534,conflict,0.8284024132710484,0.002390508828672355,0.4142012066355242,selected_U_Mean_M_GT_diagnostic_only,0.5,0.0007246507234964884,0.0023905088286723733,0.0003623253617482442,10,U-RSI,T1
0.001083315699629846,-0.0012986456779621365,0.0001624973549444769,0.0,-0.0002881804489825268,0.0,0.00013851576882227082,-0.0009829980134935894,2.0777365323340624e-05,other,0.9235361850484303,-0.0003156476644685287,0.13853042775726454,selected_U_Mean_M_GT_diagnostic_only,0.15,0.0009447999308075753,-0.00031564766446854725,0.0001417199896211363,3,U-RSI,T1
