family,seed,parameters,best_epoch,epochs_run,source_git_commit,checkpoint_sha256_local_only,checkpoint_bytes_local_only,checkpoint_publication,training_log_sha256,official_test_images_opened,best_val_objective,optimizer,batch_size
local,17,137217,8,8,5bd33b96033b2df79b73777dffef90a83eb9b70c,f68d1b64f91a8bdb1bd55a1212e09e791df902e3f3ab1425336659e464f9af2a,554578,excluded,a58dbc832300656fabfc1468605ee1576ebb2a44d4ce8573620205c8801c8811,0,5.4117297246152125,AdamW lr1e-3 weight_decay1e-4,4
local,23,137217,5,8,5bd33b96033b2df79b73777dffef90a83eb9b70c,bcd0d5f8b1fdc5ad5f8a70286697139dc42468f8cef2a1bff66a50757d715d1e,554578,excluded,f40ea9bc038be8e184caf60f13b5430218bc08a6f3cfdd2b9e363fd6c6bc044e,0,5.437701177277021,AdamW lr1e-3 weight_decay1e-4,4
local,42,137217,8,8,108a9a19a189b990d6619f6bcb45a08dfb2b930d,63cc9958654bc8a2564acc596f68f6fb03a663297fa0e3e4a054dd6eac509cf3,554578,excluded,c9028b4bd6786ad1e2ebadaf8b9043f87727a92eccd88c4301e28f8f3043ebb0,0,5.427547493236977,AdamW lr1e-3 weight_decay1e-4,4
local_large,17,291841,8,8,9ea0f449deebb360377481bf6496083ae01ce4f2,3ca9e6187231b9a6dd17b8513e3824860380f411ea325f64b4e2ec1087b5c966,1173074,excluded,63805c2a81691b1aeca8f8ace1031975be5022049ad833e495dbdbf53f7fed34,0,5.41333548014596,AdamW lr1e-3 weight_decay1e-4,4
local_large,23,291841,7,8,21811e233a1456efc216ee8a7311859aae6d665a,4c91a5981e3f9a8dfca360470629aa3db7a2b1a171788184cbedb45ae76f1cb7,1173074,excluded,0b2503bf523b1a01a72810bca1117f32bdf0363b68f66a1e2efbbdd33cf16a40,0,5.43389944422165,AdamW lr1e-3 weight_decay1e-4,4
local_large,42,291841,8,8,b77f390276e5a1a1d88ca7099f8c86481f9350e9,ead7ad5c3dabd6d15163e5fc865f4b687bb7bdd64e54231be99ebf6f33dcbe71,1173074,excluded,73bf6b2ecb5163339519a89faaca6b0229d7b3315bb3109751e27e9d385504e2,0,5.416919401028013,AdamW lr1e-3 weight_decay1e-4,4
local8,17,287425,4,8,c456ad283893abba4a9bdc95e3e4a897340ddd7b,9aafdcc372fb3f38d582ea1cd004876ec0decb0fe4c3ee19850b92f2686ec39a,1158178,excluded,e49412823f1a811eedeab95b50c00a08e60cc93c3d67da12205bad6e8ee28a01,0,5.289896889820995,AdamW lr3e-4 weight_decay1e-4,16
local8,23,287425,7,8,5c9b9130a2b683250f56108d3f2453b4d5f56f4b,3fa5d16860c9183df29c3a46b8b2174aa622fb68737e0398a320449584bb2c5f,1158178,excluded,c74aa80d008d98de61cb09bcd9e328ac94cbfd932fee49a4da7541539a15bd5e,0,5.295669162033389,AdamW lr3e-4 weight_decay1e-4,16
local8,42,287425,7,8,5c9b9130a2b683250f56108d3f2453b4d5f56f4b,3752ee01de1493aed65f50c4f7d0aed4735546c6d41de167c8e2862e978aec08,1158178,excluded,5611107d50171345356569996850ed16c6350fa4a689e9cad9c25eafb5898717,0,5.291980753008951,AdamW lr3e-4 weight_decay1e-4,16
medium32,17,287425,4,8,21811e233a1456efc216ee8a7311859aae6d665a,e3ce79aa3061a1535a727053286558de4c04852a9b6ec22ed86ad67c830d6f7d,1158178,excluded,8ea5c286e6bcbe7435bdfb7598fe5c9b9bbb4ebb18b42c8556a6e8a331760e06,0,5.286907148041181,AdamW lr3e-4 weight_decay1e-4,16
medium32,23,287425,7,8,21811e233a1456efc216ee8a7311859aae6d665a,49cb9e7ea1d95765f6f5bfc965747e47a49c697f615b45a1a131a12102540ac5,1158178,excluded,7bb9a4030f65dffc2b8bbc838709d30c3402f025cb953065394122b46830706a,0,5.288085225444512,AdamW lr3e-4 weight_decay1e-4,16
medium32,42,287425,5,8,21811e233a1456efc216ee8a7311859aae6d665a,191d4fd502f63469917d33285d267841f04fecd77b229c1f1e9b69e45b267e67,1158178,excluded,78119e05737b5975756b8330a59eaabc7fcdda091d455d734b74a419baf102f0,0,5.289363981093336,AdamW lr3e-4 weight_decay1e-4,16
global,17,287425,4,8,c456ad283893abba4a9bdc95e3e4a897340ddd7b,97d6f68ba68c39619e12b11af03614c41ebc4fd2177b67f65a3fdeb0cb1bd053,1158178,excluded,c351cb9f6a87b5e4a6df31cfc7c4e80b9d654ccdb8e3d1abc4276ab0dd08f173,0,5.278777738545565,AdamW lr3e-4 weight_decay1e-4,16
global,23,287425,7,8,5c9b9130a2b683250f56108d3f2453b4d5f56f4b,a0ce4084e79db1f87e4b751ec15a6872b6e785defeeb53c6a5a09c57434f8e0e,1158178,excluded,31a91475e005323fff12df66c3d952dbd94171734a3100dd19615f278fe1be96,0,5.2766461004346805,AdamW lr3e-4 weight_decay1e-4,16
global,42,287425,5,8,21811e233a1456efc216ee8a7311859aae6d665a,1cf34574b2726dc55b023aec6b7cbf28b787e70a7d45f667c299cdfb2719cf1b,1158178,excluded,06a873523877c189f706fe331d24557583b74c67530e63acc610f2fc59a36edb,0,5.278751427695255,AdamW lr3e-4 weight_decay1e-4,16
local8_gate,17,287554,7,8,e87c10d647dfcb0f7842af8a91f7ebfe9f709cfb,369a170d516efd6645810d10425bd4da94a0d63420f854f2b68fa70b8bd32d04,1159254,excluded,db80fb917ed867851867dab0fd7e30fc971d890e71631eee04f5dcdaad9ffeb4,0,7.469693644734837,AdamW lr3e-4 weight_decay1e-4,16
local8_gate,23,287554,7,8,0ae93ad257818df6dec725412b3ba04b7a75f249,c66e0439d23dc1810819551b420161f49775f8711b49a19443c2f10bf008308c,1159254,excluded,b9a46ff2fca549ecb03764018e4ff4a0b9ea860bdda3a10a60a9a5e89873bda3,0,7.462617454912839,AdamW lr3e-4 weight_decay1e-4,16
local8_gate,42,287554,7,8,6f2574071bb047f0e58762e6f23d4d2cf5847a40,d593c16b893f616bfbf8be5a39cbaea8eda67c65a81ebea23dd7e4f5913dafac,1159254,excluded,668a3e6f66a18a7d071f6e8602472f90aa0d492fbae0022ee887752cd30f7eda,0,7.483978349890485,AdamW lr3e-4 weight_decay1e-4,16
global_gate,17,287554,7,8,0ae93ad257818df6dec725412b3ba04b7a75f249,f23eea11c3f737524110b97e62e781037e74e4b793a5e2e1c772f82e4bbf8032,1159254,excluded,903cc0d80b352c12d69afe4ed42a8cb963c02f4fa388049293684618fadeae7e,0,7.4589387122416655,AdamW lr3e-4 weight_decay1e-4,16
global_gate,23,287554,7,8,6f2574071bb047f0e58762e6f23d4d2cf5847a40,8a9404d7a0b80bef184fe8557f4fa969f8c2d0f5bcf5a405a43f32a8be8baf7c,1159254,excluded,392984c2d7915591427dbf769332bc157735bb3c8d102db219fa2c8e27200e42,0,7.4562249535682215,AdamW lr3e-4 weight_decay1e-4,16
global_gate,42,287554,7,8,8d2528eee388769d355f33027a2cedd54f7e42da,999684d7313b60651afbeb0350752e6e94b77350a46e7a22a5730e488eee5f18,1159254,excluded,a8adf48d82af198b7241da2dcf01d143fd0634214b879b73be1f2d687a658b4b,0,7.472736134625121,AdamW lr3e-4 weight_decay1e-4,16
