seed,smooth_lambda,displacement_penalty,validation_dice,validation_bf1
42,0.0,0.0,0.7530357140817349,not_used_for_grid_selection
42,0.0,0.02,0.7929182839057355,not_used_for_grid_selection
42,0.0,0.1,0.8300309787217416,not_used_for_grid_selection
42,0.002,0.0,0.7682701974650853,not_used_for_grid_selection
42,0.002,0.02,0.7961545256287816,not_used_for_grid_selection
42,0.002,0.1,0.832091030061951,not_used_for_grid_selection
42,0.01,0.0,0.7830018753254867,not_used_for_grid_selection
42,0.01,0.02,0.7979473873551556,not_used_for_grid_selection
42,0.01,0.1,0.8323420447492543,not_used_for_grid_selection
42,0.05,0.0,0.8010865318463406,not_used_for_grid_selection
42,0.05,0.02,0.8042508694363767,not_used_for_grid_selection
42,0.05,0.1,0.8379138374837631,not_used_for_grid_selection
42,0.2,0.0,0.8104198805454501,not_used_for_grid_selection
42,0.2,0.02,0.8118458649972098,not_used_for_grid_selection
42,0.2,0.1,0.8383731043517002,not_used_for_grid_selection
