image_a,image_b,dhash_distance,decision,image_a_sha256,image_b_sha256,review_method,evidence,review_source,index
ISIC_0000048,ISIC_0020626,4,distinct_images,2456e92c372fe280606448f9a766d2fbd71aa09ef1a7f823cc5a340732740a1a,4a862c6030cedf4ad8a3b8b7c220d660b67404cab38576d839481d116cb18515,independent visual original RGB pair inspection,Different lesion outlines/internal structures or different surrounding hair/skin marks; no convincing same-scene correspondence,near_duplicate_review_data_half.json,0
ISIC_0000048,ISIC_0021152,4,distinct_images,2456e92c372fe280606448f9a766d2fbd71aa09ef1a7f823cc5a340732740a1a,6aed7827e1d9cfdc04d5d05aab613277f6570714513b0eae6ca0c0db56d474fa,independent visual original RGB pair inspection,Different lesion outlines/internal structures or different surrounding hair/skin marks; no convincing same-scene correspondence,near_duplicate_review_data_half.json,1
ISIC_0000071,ISIC_0000283,3,distinct_images,ed7952714538bf122c43677e5d7a82a2e3a575eebbb70834a8a671ae719e7934,1b51f43cfe92f8c5743f5eaa702e5a37ec4a318543db55a7bdc04bfa494b8fe1,independent visual original RGB pair inspection,Different lesion outlines/internal structures or different surrounding hair/skin marks; no convincing same-scene correspondence,near_duplicate_review_data_half.json,2
ISIC_0000078,ISIC_0009954,4,distinct_images,297242a1a6da3825479c3652ae0b912ca9a04610558ddd1e225bcd6a3a3d3d39,b61f9857edb1b08b645e8a8a07d753d8c860fd0c6748565321a4739738983595,independent visual original RGB pair inspection,Different lesion outlines/internal structures or different surrounding hair/skin marks; no convincing same-scene correspondence,near_duplicate_review_data_half.json,3
ISIC_0000078,ISIC_0017422,4,distinct_images,297242a1a6da3825479c3652ae0b912ca9a04610558ddd1e225bcd6a3a3d3d39,f8c28679d87391b6dd29853dabf039fe8805126fb479b31c62bfef01841a0998,independent visual original RGB pair inspection,Different lesion outlines/internal structures or different surrounding hair/skin marks; no convincing same-scene correspondence,near_duplicate_review_data_half.json,4
ISIC_0000078,ISIC_0022650,4,distinct_images,297242a1a6da3825479c3652ae0b912ca9a04610558ddd1e225bcd6a3a3d3d39,9cfb9693716d74e46e546167befd7247d15a483e0cbaf3f452c55c03f7a301d3,independent visual original RGB pair inspection,Different lesion outlines/internal structures or different surrounding hair/skin marks; no convincing same-scene correspondence,near_duplicate_review_data_half.json,5
ISIC_0000078,ISIC_0036125,3,distinct_images,297242a1a6da3825479c3652ae0b912ca9a04610558ddd1e225bcd6a3a3d3d39,468bad0e755a10fd2a85cecbb4d5a4b212342cf586e7ac73993ad19dffe19c24,independent visual original RGB pair inspection,Different lesion outlines/internal structures or different surrounding hair/skin marks; no convincing same-scene correspondence,near_duplicate_review_data_half.json,6
ISIC_0000162,ISIC_0014826,4,confirmed_same_image,6fc6c5560a75316ca3cd916cf2b685290a98ff53dee2ba62e19869e7c57a1863,b10376ba70bfa215471623129b652e1446ca65c25e1b76cefc9da8b133857a86,independent visual original RGB pair inspection,Same lesion detail and surrounding fine marks/hairs/reflections at corresponding coordinates; JPEG/color/scale differs,near_duplicate_review_data_half.json,7
ISIC_0000174,ISIC_0015071,1,confirmed_same_image,52392ed616368a65e96d69d3631869936c70645dbb8d0738a74abe21f93f97c7,03894a829efb3ca6ed78af2c6f1fbf62556c1d532f939a324875cb8df06254dc,independent visual original RGB pair inspection,Same lesion detail and surrounding fine marks/hairs/reflections at corresponding coordinates; JPEG/color/scale differs,near_duplicate_review_data_half.json,8
ISIC_0000183,ISIC_0015311,1,confirmed_same_image,996c6a1a59cc269d7c20a78eb1fc5bfb9e9dc335adc2e34178fa23afa58ccf30,b829059542c1d76bc157ea3d463566a1f628fe28a642d31a7f5be4abe87debb3,independent visual original RGB pair inspection,Same lesion detail and surrounding fine marks/hairs/reflections at corresponding coordinates; JPEG/color/scale differs,near_duplicate_review_data_half.json,9
ISIC_0000193,ISIC_0015436,3,confirmed_same_image,47a99b7d8536424e2da726f195ee9ae107a0926b77ba113c809bcab8de6868e1,3943f44ce22675f8b21b1fa820dba869ae3b664ec591a673e6d576fae6986cb8,independent visual original RGB pair inspection,Same lesion detail and surrounding fine marks/hairs/reflections at corresponding coordinates; JPEG/color/scale differs,near_duplicate_review_data_half.json,10
ISIC_0000265,ISIC_0010167,4,distinct_images,0540eed214a993f132a47f351cef398d8f35117ba8f8768ea531bb74c6858468,3f3d001648551271af08c2c4dc5e711d80718189979962262498fffb7e50adab,independent visual original RGB pair inspection,Different lesion outlines/internal structures or different surrounding hair/skin marks; no convincing same-scene correspondence,near_duplicate_review_data_half.json,11
ISIC_0000384,ISIC_0010244,4,distinct_images,48bd1d434add550de4c35e5948f34785cd0a9868d06157252b265b08aa48b14b,2025d5d253054e1ee2d8e1de621040d533eeb7a6e0df7569f6b30534de3f07df,independent visual original RGB pair inspection,Different lesion outlines/internal structures or different surrounding hair/skin marks; no convincing same-scene correspondence,near_duplicate_review_data_half.json,12
ISIC_0000384,ISIC_0023557,4,uncertain,48bd1d434add550de4c35e5948f34785cd0a9868d06157252b265b08aa48b14b,dcd4d0c71d7d4c525f3876610ef5a44c634df9aea773843576394cddd2047119,independent visual original RGB pair inspection,Possible same lesion with changed framing or rotation; original scene correspondence insufficient; conservatively isolate together,near_duplicate_review_data_half.json,13
ISIC_0000388,ISIC_0010227,2,distinct_images,c12ab859d1fb98e4a0ed3ce735d196e9a9fe7c900246db1bd02b8e05d75b4556,a8083afbd919ca5bafef2f6344d8c39b42adfe95f64d2f78e33e30d97b8ed0de,independent visual original RGB pair inspection,Different lesion outlines/internal structures or different surrounding hair/skin marks; no convincing same-scene correspondence,near_duplicate_review_data_half.json,14
ISIC_0000388,ISIC_0010584,4,distinct_images,c12ab859d1fb98e4a0ed3ce735d196e9a9fe7c900246db1bd02b8e05d75b4556,e15ea75d4e8240b32dcfe2730031e10a3dc423eddf2c5ddb7e1cf40372e094ac,independent visual original RGB pair inspection,Different lesion outlines/internal structures or different surrounding hair/skin marks; no convincing same-scene correspondence,near_duplicate_review_data_half.json,15
ISIC_0000388,ISIC_0011972,4,distinct_images,c12ab859d1fb98e4a0ed3ce735d196e9a9fe7c900246db1bd02b8e05d75b4556,e21a519ae22a651116bdb4c21845fdeaf3e4119a652a7d6feafaaee49c20a4b2,independent visual original RGB pair inspection,Different lesion outlines/internal structures or different surrounding hair/skin marks; no convincing same-scene correspondence,near_duplicate_review_data_half.json,16
ISIC_0000388,ISIC_0018603,1,distinct_images,c12ab859d1fb98e4a0ed3ce735d196e9a9fe7c900246db1bd02b8e05d75b4556,e74065f37c33b9aa303f55ec3a6beac89e0e5b9c66b82ee6d8b5acb993a689cd,independent visual original RGB pair inspection,Different lesion outlines/internal structures or different surrounding hair/skin marks; no convincing same-scene correspondence,near_duplicate_review_data_half.json,17
ISIC_0000388,ISIC_0021777,4,uncertain,c12ab859d1fb98e4a0ed3ce735d196e9a9fe7c900246db1bd02b8e05d75b4556,f90bd6f1c19913add9ecf954b071f0c4159c27ac1bacac6ad55cecf2eff60cda,independent visual original RGB pair inspection,Possible same lesion with changed framing or rotation; original scene correspondence insufficient; conservatively isolate together,near_duplicate_review_data_half.json,18
ISIC_0000388,ISIC_0021987,4,distinct_images,c12ab859d1fb98e4a0ed3ce735d196e9a9fe7c900246db1bd02b8e05d75b4556,11d5ba844f1428e6937e1f7e86c283d84aba4c6e5132c449927fcc2adb8b47db,independent visual original RGB pair inspection,Different lesion outlines/internal structures or different surrounding hair/skin marks; no convincing same-scene correspondence,near_duplicate_review_data_half.json,19
ISIC_0000388,ISIC_0022039,4,distinct_images,c12ab859d1fb98e4a0ed3ce735d196e9a9fe7c900246db1bd02b8e05d75b4556,d352c02431fd3c9d9d1236614e139355750d9dd6fab9ee5ae4efa23c9fa5784e,independent visual original RGB pair inspection,Different lesion outlines/internal structures or different surrounding hair/skin marks; no convincing same-scene correspondence,near_duplicate_review_data_half.json,20
ISIC_0000388,ISIC_0022649,2,distinct_images,c12ab859d1fb98e4a0ed3ce735d196e9a9fe7c900246db1bd02b8e05d75b4556,1a9c35d3b8a897e46769bde28d0f2d143b1d7d8e9454afeb2b313f3c40e8bf9e,independent visual original RGB pair inspection,Different lesion outlines/internal structures or different surrounding hair/skin marks; no convincing same-scene correspondence,near_duplicate_review_data_half.json,21
ISIC_0000388,ISIC_0022650,4,distinct_images,c12ab859d1fb98e4a0ed3ce735d196e9a9fe7c900246db1bd02b8e05d75b4556,9cfb9693716d74e46e546167befd7247d15a483e0cbaf3f452c55c03f7a301d3,independent visual original RGB pair inspection,Different lesion outlines/internal structures or different surrounding hair/skin marks; no convincing same-scene correspondence,near_duplicate_review_data_half.json,22
ISIC_0000388,ISIC_0036258,4,distinct_images,c12ab859d1fb98e4a0ed3ce735d196e9a9fe7c900246db1bd02b8e05d75b4556,3dd5e72f771c85f3150caa116d762f70dfccb0d519a6a72c3cdb969287aea011,independent visual original RGB pair inspection,Different lesion outlines/internal structures or different surrounding hair/skin marks; no convincing same-scene correspondence,near_duplicate_review_data_half.json,23
ISIC_0000395,ISIC_0023747,0,confirmed_same_image,23636a683fc340591c50a7c9fc0946ac59c09f3519e24c70c5f99cd497f4f1b4,40589eab937037109ff9ae0b680c4e76625430c744c9ef35c2b5d35df96ffb26,independent visual original RGB pair inspection,Same lesion detail and surrounding fine marks/hairs/reflections at corresponding coordinates; JPEG/color/scale differs,near_duplicate_review_data_half.json,24
ISIC_0000437,ISIC_0023696,0,confirmed_same_image,6d3e43e3492ebf3bf1e9ecf9996b61f5caea0b9e99bba6dd3c06d453bb45a0d2,3a157db6116a74fb7ff022d3fb607b54faa5a2e5a23f3e4cb685135079a47a33,independent visual original RGB pair inspection,Same lesion detail and surrounding fine marks/hairs/reflections at corresponding coordinates; JPEG/color/scale differs,near_duplicate_review_data_half.json,25
ISIC_0000442,ISIC_0001105,3,distinct_images,94198eca4fbebfa36c71de9702f779d3c0797b0f7e1617a1f6530f0cd691cacc,3e48df3ad875bd671e2cb1f01935ca1ecff374dfa564dd85759d1255b76c11ec,independent visual original RGB pair inspection,Different lesion outlines/internal structures or different surrounding hair/skin marks; no convincing same-scene correspondence,near_duplicate_review_data_half.json,26
ISIC_0000442,ISIC_0009945,3,distinct_images,94198eca4fbebfa36c71de9702f779d3c0797b0f7e1617a1f6530f0cd691cacc,e65831af9a38c52af213bdcc36330eda87b9142b3e7f53bce1691c1ac5c52fb8,independent visual original RGB pair inspection,Different lesion outlines/internal structures or different surrounding hair/skin marks; no convincing same-scene correspondence,near_duplicate_review_data_half.json,27
ISIC_0000442,ISIC_0036287,3,distinct_images,94198eca4fbebfa36c71de9702f779d3c0797b0f7e1617a1f6530f0cd691cacc,9d2ee65a539d8099adf9943b05ed74a45eb91dfa5063bcc68091072a83feacd3,independent visual original RGB pair inspection,Different lesion outlines/internal structures or different surrounding hair/skin marks; no convincing same-scene correspondence,near_duplicate_review_data_half.json,28
ISIC_0000444,ISIC_0009927,4,distinct_images,75dbf89fb9fa354078d8668c1c054219d968e3f41868f98ada2a14d81371f65d,93f6f88a6ad4147611c2f423885937f40c5b3a4ea14675c74781ca99edf46183,independent visual original RGB pair inspection,Different lesion outlines/internal structures or different surrounding hair/skin marks; no convincing same-scene correspondence,near_duplicate_review_data_half.json,29
ISIC_0000449,ISIC_0001470,3,distinct_images,0cf4804133c0093833d675221d8af12086347edc6ab2a46953c0da263d1322b0,e33dd811966178737028f210165e81a4ccae87d35eaf8336dec4bed8e6155925,independent visual original RGB pair inspection,Different lesion outlines/internal structures or different surrounding hair/skin marks; no convincing same-scene correspondence,near_duplicate_review_data_half.json,30
ISIC_0000449,ISIC_0005916,4,distinct_images,0cf4804133c0093833d675221d8af12086347edc6ab2a46953c0da263d1322b0,c7d287c3594c5c1a07c47cf5d3cf0b735748d454ebe7016d2a2e0f971c4d881e,independent visual original RGB pair inspection,Different lesion outlines/internal structures or different surrounding hair/skin marks; no convincing same-scene correspondence,near_duplicate_review_data_half.json,31
ISIC_0000449,ISIC_0021952,4,distinct_images,0cf4804133c0093833d675221d8af12086347edc6ab2a46953c0da263d1322b0,041d6654fa1d05f7bbc19d7da0d6e3b6e8477017ca5b8e67a92f8bcc601574e0,independent visual original RGB pair inspection,Different lesion outlines/internal structures or different surrounding hair/skin marks; no convincing same-scene correspondence,near_duplicate_review_data_half.json,32
ISIC_0000449,ISIC_0022149,4,distinct_images,0cf4804133c0093833d675221d8af12086347edc6ab2a46953c0da263d1322b0,126be21b571d211ad668af7495cccbb7a1079dec475b978ee02adb78640cdeff,independent visual original RGB pair inspection,Different lesion outlines/internal structures or different surrounding hair/skin marks; no convincing same-scene correspondence,near_duplicate_review_data_half.json,33
ISIC_0000449,ISIC_0022186,3,distinct_images,0cf4804133c0093833d675221d8af12086347edc6ab2a46953c0da263d1322b0,c9d68d78fe34bf4b20680936adc5f60c7da33b8d05674d2b345d1b62ae307dfe,independent visual original RGB pair inspection,Different lesion outlines/internal structures or different surrounding hair/skin marks; no convincing same-scene correspondence,near_duplicate_review_data_half.json,34
ISIC_0000449,ISIC_0022787,4,distinct_images,0cf4804133c0093833d675221d8af12086347edc6ab2a46953c0da263d1322b0,af7861b4a8e3f308c7e5636b72a604c0327cbf3739dc1f22991c33e7928a46b5,independent visual original RGB pair inspection,Different lesion outlines/internal structures or different surrounding hair/skin marks; no convincing same-scene correspondence,near_duplicate_review_data_half.json,35
ISIC_0000449,ISIC_0023936,3,uncertain,0cf4804133c0093833d675221d8af12086347edc6ab2a46953c0da263d1322b0,d53dbdd4d94c9261d2ff23bef10dfe39393b325f368882c2e16aac7f2a872f3f,independent visual original RGB pair inspection,Possible same lesion with changed framing or rotation; original scene correspondence insufficient; conservatively isolate together,near_duplicate_review_data_half.json,36
ISIC_0000451,ISIC_0009909,4,distinct_images,19f4e8dc77406e8de5e30e89cbe95edfc64e70bb93431ecab7806ecb88b8e327,080e68a48db16163b4127f433c28be089cb135019034701cf45d7760f863b139,independent visual original RGB pair inspection,Different lesion outlines/internal structures or different surrounding hair/skin marks; no convincing same-scene correspondence,near_duplicate_review_data_half.json,37
ISIC_0000451,ISIC_0023381,4,distinct_images,19f4e8dc77406e8de5e30e89cbe95edfc64e70bb93431ecab7806ecb88b8e327,3dd598a56081922480669e908240f7b974663d96e7cfa22f19fcec111fd3a1df,independent visual original RGB pair inspection,Different lesion outlines/internal structures or different surrounding hair/skin marks; no convincing same-scene correspondence,near_duplicate_review_data_half.json,38
ISIC_0000451,ISIC_0036148,4,distinct_images,19f4e8dc77406e8de5e30e89cbe95edfc64e70bb93431ecab7806ecb88b8e327,04ae0be25552d204e3600e1cbec5332e26f8bb64602cfb2282f9848f77d1644b,independent visual original RGB pair inspection,Different lesion outlines/internal structures or different surrounding hair/skin marks; no convincing same-scene correspondence,near_duplicate_review_data_half.json,39
ISIC_0000453,ISIC_0024137,0,confirmed_same_image,9d780df5989905f5e842c2de33352e79a3b741e8254fd4e2cb2a5e422d27d22e,995812031eb0826ead90bd54cab30c4abbbe85a637746877495f73642b2174e4,independent visual original RGB pair inspection,Same lesion detail and surrounding fine marks/hairs/reflections at corresponding coordinates; JPEG/color/scale differs,near_duplicate_review_data_half.json,40
ISIC_0000477,ISIC_0000512,0,confirmed_same_image,6d0e85f60ce9713f97a3cd85a89448d88e843de5e0f4ce4778f48a341f455b39,d23390551862d9c8ca66aa87a770b63bc2640319c558d955229e9949a4dd5bea,independent visual original RGB pair inspection,Same lesion detail and surrounding fine marks/hairs/reflections at corresponding coordinates; JPEG/color/scale differs,near_duplicate_review_data_half.json,41
ISIC_0001105,ISIC_0009945,2,distinct_images,3e48df3ad875bd671e2cb1f01935ca1ecff374dfa564dd85759d1255b76c11ec,e65831af9a38c52af213bdcc36330eda87b9142b3e7f53bce1691c1ac5c52fb8,independent visual original RGB pair inspection,Different lesion outlines/internal structures or different surrounding hair/skin marks; no convincing same-scene correspondence,near_duplicate_review_data_half.json,42
ISIC_0001105,ISIC_0010183,4,distinct_images,3e48df3ad875bd671e2cb1f01935ca1ecff374dfa564dd85759d1255b76c11ec,d7d486fb6b39cd672848a0108708df1e80621d96a6623f84393762b22df3d51c,independent visual original RGB pair inspection,Different lesion outlines/internal structures or different surrounding hair/skin marks; no convincing same-scene correspondence,near_duplicate_review_data_half.json,43
ISIC_0001105,ISIC_0011217,4,distinct_images,3e48df3ad875bd671e2cb1f01935ca1ecff374dfa564dd85759d1255b76c11ec,465447b2e33d4072730cc8c5b9744513f2eeacf5a1d1ee55d0394c38667f7ad4,independent visual original RGB pair inspection,Different lesion outlines/internal structures or different surrounding hair/skin marks; no convincing same-scene correspondence,near_duplicate_review_data_half.json,44
ISIC_0001105,ISIC_0012558,4,distinct_images,3e48df3ad875bd671e2cb1f01935ca1ecff374dfa564dd85759d1255b76c11ec,3738e35cc068ffe809e062701075e620e5bf413ea1aa59a274fa5aa93e776c84,independent visual original RGB pair inspection,Different lesion outlines/internal structures or different surrounding hair/skin marks; no convincing same-scene correspondence,near_duplicate_review_data_half.json,45
ISIC_0001105,ISIC_0022381,4,distinct_images,3e48df3ad875bd671e2cb1f01935ca1ecff374dfa564dd85759d1255b76c11ec,08a1c4edf666a08687d27cc2a201b946824cdf679901d6daf7a093ab85a69dc9,independent visual original RGB pair inspection,Different lesion outlines/internal structures or different surrounding hair/skin marks; no convincing same-scene correspondence,near_duplicate_review_data_half.json,46
ISIC_0001105,ISIC_0036125,4,distinct_images,3e48df3ad875bd671e2cb1f01935ca1ecff374dfa564dd85759d1255b76c11ec,468bad0e755a10fd2a85cecbb4d5a4b212342cf586e7ac73993ad19dffe19c24,independent visual original RGB pair inspection,Different lesion outlines/internal structures or different surrounding hair/skin marks; no convincing same-scene correspondence,near_duplicate_review_data_half.json,47
ISIC_0001105,ISIC_0036287,0,confirmed_same_image,3e48df3ad875bd671e2cb1f01935ca1ecff374dfa564dd85759d1255b76c11ec,9d2ee65a539d8099adf9943b05ed74a45eb91dfa5063bcc68091072a83feacd3,independent visual original RGB pair inspection,病灶、弯曲毛发与刻度位置完全一致,near_duplicate_review_root_half.json,48
ISIC_0001134,ISIC_0010016,2,uncertain,f3041d69eab0f0e3916e44d000f534158caa17e78f735305567cca35a72e9cd2,2f83191b7b5ff3fd0344fd359ea388783c62bc7096f4a048cbcb5cc53ad6401f,independent visual original RGB pair inspection,大图复核：中心分叉深色结构和外围褐色轮廓高度一致，但拍摄尺度、角度和刻度不同；疑同病灶不同拍摄，不能判为独立病例,near_duplicate_review_root_half.json,49
ISIC_0001155,ISIC_0022845,0,confirmed_same_image,d578b4ab0f5104c579d7d21ab82bae975a1fffa9c605c9d2d71652d59c2338bc,e127e9f28dd93ec16a6474efb92ea3c5a57b6b7be821fd463d96fd475cd649bd,independent visual original RGB pair inspection,病灶斑点、毛发与右侧刻度完全一致,near_duplicate_review_root_half.json,50
ISIC_0001205,ISIC_0001505,0,confirmed_same_image,43a6f8b652239ca3b1f59a059cae4585c40e109e0797ac09afafce607cfc07bd,32c330f9659711ac62f0fad8fc4b58f49abcff1285a51040c86841599a6a00a2,independent visual original RGB pair inspection,病灶和橙色标记的形状位置完全一致,near_duplicate_review_root_half.json,51
ISIC_0001208,ISIC_0001508,0,confirmed_same_image,be001b11de8ea51ddd8d092fa67b45561384075bdaa3bda4e185efc18953021d,550174e963291c08cb8f64d944cc2c334b0e47892e373d375a83a30e6f951be6,independent visual original RGB pair inspection,病灶、周围纹理和红色标记完全一致,near_duplicate_review_root_half.json,52
ISIC_0001209,ISIC_0001509,0,confirmed_same_image,adf0c6f93a5b971666486215a1a798b632c7683b7c229d400b7e204838a270fb,0c2d9e185abfb291cc75950e30745d6346b875e4f20acbadf475632061eb7d90,independent visual original RGB pair inspection,病灶、橙绿标记及皮肤纹理完全一致,near_duplicate_review_root_half.json,53
ISIC_0001211,ISIC_0001511,0,confirmed_same_image,cd814a1569060532528c0d78b17056a72feb4b9d40d0d15898c6fe733eb3dbb6,deb9e543cfddbf1781dabfa7d655c5efc24b5d777761a51d69ca1a60bcf89d78,independent visual original RGB pair inspection,病灶、橙色标记与皮肤纹理完全一致,near_duplicate_review_root_half.json,54
ISIC_0001247,ISIC_0001547,0,confirmed_same_image,b9b9294fca57120e2ae7494c02feead8c97203b7b31b52d62bb463aad3273281,760f1b5fb3b658e6e3173326f167e06999e849d1c8d4a2b33faea354f267ca85,independent visual original RGB pair inspection,病灶、蓝色标记与皮肤纹理完全一致,near_duplicate_review_root_half.json,55
ISIC_0001275,ISIC_0001575,0,confirmed_same_image,8e2d449391a840d437f422587730058eee5d68631bf2a87b64248c068d4ef272,d1921688236e8c60947e7e0a3fd99d25cdaa1ba42ca9b7e365c13e1bf32d0d7b,independent visual original RGB pair inspection,病灶、蓝橙色标记与纹理完全一致,near_duplicate_review_root_half.json,56
ISIC_0001470,ISIC_0023936,4,distinct_images,e33dd811966178737028f210165e81a4ccae87d35eaf8336dec4bed8e6155925,d53dbdd4d94c9261d2ff23bef10dfe39393b325f368882c2e16aac7f2a872f3f,independent visual original RGB pair inspection,病灶内部纹理、轮廓或毛发/标记分布明显不同，画册未见同图重复,near_duplicate_review_root_half.json,57
ISIC_0002122,ISIC_0003442,4,distinct_images,0ad820ff8f386015d6a81fbee423dce0c2a1cc5723c8dca4219fb22e2ad7c2bb,1fca379cd0f460d1b441f82dce32b774b16a8857de1e9c402bc7efdcd904f2d6,independent visual original RGB pair inspection,病灶内部纹理、轮廓或毛发/标记分布明显不同，画册未见同图重复,near_duplicate_review_root_half.json,58
ISIC_0005744,ISIC_0010592,4,distinct_images,2c395993acf733587509fcdb78ac245c22bb60c5d7bd74e5478bef30c67730fc,5eac5d7d21c3cbeac736d18c39d6da4f1a2f21545cd1a87315290c7de38bfef4,independent visual original RGB pair inspection,病灶内部纹理、轮廓或毛发/标记分布明显不同，画册未见同图重复,near_duplicate_review_root_half.json,59
ISIC_0005913,ISIC_0009870,4,distinct_images,7cf0b90230eb1bce28c8c41eb3f88dd38a0f42ccf8f4422fb016782574d81919,64c9e2f0437d6153ef92d68b8a620837fb446c03be3bd113bd5546fc46caf524,independent visual original RGB pair inspection,病灶内部纹理、轮廓或毛发/标记分布明显不同，画册未见同图重复,near_duplicate_review_root_half.json,60
ISIC_0005913,ISIC_0011227,4,distinct_images,7cf0b90230eb1bce28c8c41eb3f88dd38a0f42ccf8f4422fb016782574d81919,b742e67d0091069e80abbe8b60688eb7ba1e9f9dfb2823d15f171e986a74be26,independent visual original RGB pair inspection,病灶内部纹理、轮廓或毛发/标记分布明显不同，画册未见同图重复,near_duplicate_review_root_half.json,61
ISIC_0005916,ISIC_0010237,4,distinct_images,c7d287c3594c5c1a07c47cf5d3cf0b735748d454ebe7016d2a2e0f971c4d881e,ad9e5a8eca875ee13aec5d65ab02db4d35baf9fd767f37d652dbc2d656d8033a,independent visual original RGB pair inspection,病灶内部纹理、轮廓或毛发/标记分布明显不同，画册未见同图重复,near_duplicate_review_root_half.json,62
ISIC_0005916,ISIC_0021952,2,distinct_images,c7d287c3594c5c1a07c47cf5d3cf0b735748d454ebe7016d2a2e0f971c4d881e,041d6654fa1d05f7bbc19d7da0d6e3b6e8477017ca5b8e67a92f8bcc601574e0,independent visual original RGB pair inspection,病灶内部纹理、轮廓或毛发/标记分布明显不同，画册未见同图重复,near_duplicate_review_root_half.json,63
ISIC_0005916,ISIC_0022787,4,distinct_images,c7d287c3594c5c1a07c47cf5d3cf0b735748d454ebe7016d2a2e0f971c4d881e,af7861b4a8e3f308c7e5636b72a604c0327cbf3739dc1f22991c33e7928a46b5,independent visual original RGB pair inspection,病灶内部纹理、轮廓或毛发/标记分布明显不同，画册未见同图重复,near_duplicate_review_root_half.json,64
ISIC_0005916,ISIC_0023936,3,distinct_images,c7d287c3594c5c1a07c47cf5d3cf0b735748d454ebe7016d2a2e0f971c4d881e,d53dbdd4d94c9261d2ff23bef10dfe39393b325f368882c2e16aac7f2a872f3f,independent visual original RGB pair inspection,病灶内部纹理、轮廓或毛发/标记分布明显不同，画册未见同图重复,near_duplicate_review_root_half.json,65
ISIC_0008294,ISIC_0011213,4,distinct_images,acb8ba99ce74241f6020db5384a847a04ffebd81180141fe85dc586160eb72bd,0b563c4c2a05bc5263965c9374581f478335c8ba8d998415c7fc824753523a34,independent visual original RGB pair inspection,病灶内部纹理、轮廓或毛发/标记分布明显不同，画册未见同图重复,near_duplicate_review_root_half.json,66
ISIC_0009869,ISIC_0010220,4,distinct_images,40a32ce2951eeec20224b48185749786a3f80f24fd6258a0e636a7b3ae815e97,168ce3190e42cd8bddb4862623f363c91f428bc66b266a05e54cdab900f4d47c,independent visual original RGB pair inspection,病灶内部纹理、轮廓或毛发/标记分布明显不同，画册未见同图重复,near_duplicate_review_root_half.json,67
ISIC_0009869,ISIC_0010352,4,distinct_images,40a32ce2951eeec20224b48185749786a3f80f24fd6258a0e636a7b3ae815e97,ef54e48533853a8cc2405fbd0e8c173b74483051285bc2736b2cdccaf3bc6c82,independent visual original RGB pair inspection,病灶内部纹理、轮廓或毛发/标记分布明显不同，画册未见同图重复,near_duplicate_review_root_half.json,68
ISIC_0009870,ISIC_0011227,4,distinct_images,64c9e2f0437d6153ef92d68b8a620837fb446c03be3bd113bd5546fc46caf524,b742e67d0091069e80abbe8b60688eb7ba1e9f9dfb2823d15f171e986a74be26,independent visual original RGB pair inspection,病灶内部纹理、轮廓或毛发/标记分布明显不同，画册未见同图重复,near_duplicate_review_root_half.json,69
ISIC_0009872,ISIC_0009955,3,distinct_images,aa0edb15e49a94425a505433fda90115f7ff5a3e36f82c0b188571976acaeb7c,cd183eb71e93a81bbcdf7cca71afc2767d965f0e794c80c6e34da8a1be6d5d3b,independent visual original RGB pair inspection,病灶内部纹理、轮廓或毛发/标记分布明显不同，画册未见同图重复,near_duplicate_review_root_half.json,70
ISIC_0009898,ISIC_0020972,4,distinct_images,f0acac51d1a89337030eab6c70be536ec407de93faccbd74b2b8d52b167d0651,4013f48301904382fbe864bfd77f2e06902ce7fdbb53be0fc80395b573e18a74,independent visual original RGB pair inspection,病灶内部纹理、轮廓或毛发/标记分布明显不同，画册未见同图重复,near_duplicate_review_root_half.json,71
ISIC_0009911,ISIC_0009954,4,distinct_images,de4b60ca12f1410e7b9d9d3d4313707af3b39c5c254f9dab00ecda5eee66fd34,b61f9857edb1b08b645e8a8a07d753d8c860fd0c6748565321a4739738983595,independent visual original RGB pair inspection,左图有中央深色双区及右下紫色标记，右图为较浅长条斑且内部结构不同。,near_duplicate_review_ege_half.json,72
ISIC_0009911,ISIC_0009959,4,distinct_images,de4b60ca12f1410e7b9d9d3d4313707af3b39c5c254f9dab00ecda5eee66fd34,69fc349bf18f13f0608fae3734f40a011e5fca25e5bea1037915f54cb9b445d7,independent visual original RGB pair inspection,左图网状圆斑与右图模糊长形斑的边缘、毛发及周围标记不对应。,near_duplicate_review_ege_half.json,73
ISIC_0009911,ISIC_0010268,3,distinct_images,de4b60ca12f1410e7b9d9d3d4313707af3b39c5c254f9dab00ecda5eee66fd34,3a156205ed98c8df9c8f06213d6bc6a317f0c80920d478401c55e94736f7a5ba,independent visual original RGB pair inspection,左图近圆且中央较深，右图斜长浅褐斑，轮廓与周围纹理不对应。,near_duplicate_review_ege_half.json,74
ISIC_0009911,ISIC_0022650,4,distinct_images,de4b60ca12f1410e7b9d9d3d4313707af3b39c5c254f9dab00ecda5eee66fd34,9cfb9693716d74e46e546167befd7247d15a483e0cbaf3f452c55c03f7a301d3,independent visual original RGB pair inspection,原图左侧细密网状色素及双深点与右侧大片深色不规则片区、上方突出叶不对应。,near_duplicate_review_ege_half.json,75
ISIC_0009936,ISIC_0010352,4,distinct_images,98e5641e973120c6c02470a24bf2f69b9b77072c55d796fb9c1206e08ee2fcdb,ef54e48533853a8cc2405fbd0e8c173b74483051285bc2736b2cdccaf3bc6c82,independent visual original RGB pair inspection,左图为小型颗粒状横斑，右图为较大致密椭圆斑，内部结构和跨越毛发不同。,near_duplicate_review_ege_half.json,76
ISIC_0009936,ISIC_0011005,3,distinct_images,98e5641e973120c6c02470a24bf2f69b9b77072c55d796fb9c1206e08ee2fcdb,b1f0d0809546bb1946491c30efceb40fbbeaf7eea56bc22f66cae83043c1ef81,independent visual original RGB pair inspection,左图颗粒状棕斑与右图灰褐细长斑的形状及毛发分布不同。,near_duplicate_review_ege_half.json,77
ISIC_0009936,ISIC_0022787,4,distinct_images,98e5641e973120c6c02470a24bf2f69b9b77072c55d796fb9c1206e08ee2fcdb,af7861b4a8e3f308c7e5636b72a604c0327cbf3739dc1f22991c33e7928a46b5,independent visual original RGB pair inspection,左图可见大量长毛和离散颗粒，右图为无此毛发的小型致密团块。,near_duplicate_review_ege_half.json,78
ISIC_0009945,ISIC_0010183,2,distinct_images,e65831af9a38c52af213bdcc36330eda87b9142b3e7f53bce1691c1ac5c52fb8,d7d486fb6b39cd672848a0108708df1e80621d96a6623f84393762b22df3d51c,independent visual original RGB pair inspection,左图红褐多叶斑上密集长毛，右图灰褐小斑及周围浅斑位置不对应。,near_duplicate_review_ege_half.json,79
ISIC_0009945,ISIC_0010268,4,distinct_images,e65831af9a38c52af213bdcc36330eda87b9142b3e7f53bce1691c1ac5c52fb8,3a156205ed98c8df9c8f06213d6bc6a317f0c80920d478401c55e94736f7a5ba,independent visual original RGB pair inspection,左图红色多叶轮廓与右图浅褐斜长轮廓及皮肤背景明显不同。,near_duplicate_review_ege_half.json,80
ISIC_0009945,ISIC_0011217,2,distinct_images,e65831af9a38c52af213bdcc36330eda87b9142b3e7f53bce1691c1ac5c52fb8,465447b2e33d4072730cc8c5b9744513f2eeacf5a1d1ee55d0394c38667f7ad4,independent visual original RGB pair inspection,左图红褐斑伴长毛，右图纵向深浅团块伴短毛和边缘刻度，细部不同。,near_duplicate_review_ege_half.json,81
ISIC_0009945,ISIC_0012558,2,distinct_images,e65831af9a38c52af213bdcc36330eda87b9142b3e7f53bce1691c1ac5c52fb8,3738e35cc068ffe809e062701075e620e5bf413ea1aa59a274fa5aa93e776c84,independent visual original RGB pair inspection,左图红褐轮廓及长毛与右图横向棕色双团块、浅皮肤背景不同。,near_duplicate_review_ege_half.json,82
ISIC_0009945,ISIC_0022650,3,distinct_images,e65831af9a38c52af213bdcc36330eda87b9142b3e7f53bce1691c1ac5c52fb8,9cfb9693716d74e46e546167befd7247d15a483e0cbaf3f452c55c03f7a301d3,independent visual original RGB pair inspection,左图红斑表面亮点与密集毛发，右图深褐不规则色素片与无毛背景不对应。,near_duplicate_review_ege_half.json,83
ISIC_0009945,ISIC_0036125,2,distinct_images,e65831af9a38c52af213bdcc36330eda87b9142b3e7f53bce1691c1ac5c52fb8,468bad0e755a10fd2a85cecbb4d5a4b212342cf586e7ac73993ad19dffe19c24,independent visual original RGB pair inspection,原图左斑近横向且有表面圆形亮点、密集交叉毛发，右斑纵向分叶且点状色素布局不同。,near_duplicate_review_ege_half.json,84
ISIC_0009945,ISIC_0036166,3,distinct_images,e65831af9a38c52af213bdcc36330eda87b9142b3e7f53bce1691c1ac5c52fb8,14aa6248b6e2d6e7b215df61cd0a741ad24cde0da71db7ec9fdbb18c47681808,independent visual original RGB pair inspection,左图浅红多叶斑，右图深色星形斑伴斜向反光线，内部与背景结构不同。,near_duplicate_review_ege_half.json,85
ISIC_0009945,ISIC_0036287,2,distinct_images,e65831af9a38c52af213bdcc36330eda87b9142b3e7f53bce1691c1ac5c52fb8,9d2ee65a539d8099adf9943b05ed74a45eb91dfa5063bcc68091072a83feacd3,independent visual original RGB pair inspection,左图红色多叶斑与右图颗粒均匀椭圆斑的轮廓和毛发方向不同。,near_duplicate_review_ege_half.json,86
ISIC_0009945,ISIC_0036303,4,distinct_images,e65831af9a38c52af213bdcc36330eda87b9142b3e7f53bce1691c1ac5c52fb8,dc6f4b19a0d618a4d977ba0e91ae5a2451514dcc6a27a3e1be60aa161d9c23fb,independent visual original RGB pair inspection,左图红斑伴长毛，右图深褐上方突出叶及下方浅尾，内部结构不对应。,near_duplicate_review_ege_half.json,87
ISIC_0009954,ISIC_0010268,3,distinct_images,b61f9857edb1b08b645e8a8a07d753d8c860fd0c6748565321a4739738983595,3a156205ed98c8df9c8f06213d6bc6a317f0c80920d478401c55e94736f7a5ba,independent visual original RGB pair inspection,左图较宽竖向浅褐斑带内部深线，右图为狭长斜斑且周围皮肤纹理不同。,near_duplicate_review_ege_half.json,88
ISIC_0009954,ISIC_0012558,3,distinct_images,b61f9857edb1b08b645e8a8a07d753d8c860fd0c6748565321a4739738983595,3738e35cc068ffe809e062701075e620e5bf413ea1aa59a274fa5aa93e776c84,independent visual original RGB pair inspection,左图竖向浅褐斑与右图横向棕色双团块的边缘及色素分布不同。,near_duplicate_review_ege_half.json,89
ISIC_0009954,ISIC_0021777,4,distinct_images,b61f9857edb1b08b645e8a8a07d753d8c860fd0c6748565321a4739738983595,f90bd6f1c19913add9ecf954b071f0c4159c27ac1bacac6ad55cecf2eff60cda,independent visual original RGB pair inspection,左图纵向浅褐斑和泛白皮肤，右图横向不规则棕斑伴大量长毛与侧面刻度。,near_duplicate_review_ege_half.json,90
ISIC_0009954,ISIC_0021987,4,distinct_images,b61f9857edb1b08b645e8a8a07d753d8c860fd0c6748565321a4739738983595,11d5ba844f1428e6937e1f7e86c283d84aba4c6e5132c449927fcc2adb8b47db,independent visual original RGB pair inspection,左图浅长斑内部有细纵向纹理，右图为较紧凑深色斑且轮廓及深点位置不同。,near_duplicate_review_ege_half.json,91
ISIC_0009954,ISIC_0022650,2,distinct_images,b61f9857edb1b08b645e8a8a07d753d8c860fd0c6748565321a4739738983595,9cfb9693716d74e46e546167befd7247d15a483e0cbaf3f452c55c03f7a301d3,independent visual original RGB pair inspection,左图浅长斑的细纹结构与右图上方突出、大片深色不规则色素布局不同。,near_duplicate_review_ege_half.json,92
ISIC_0009954,ISIC_0036125,3,distinct_images,b61f9857edb1b08b645e8a8a07d753d8c860fd0c6748565321a4739738983595,468bad0e755a10fd2a85cecbb4d5a4b212342cf586e7ac73993ad19dffe19c24,independent visual original RGB pair inspection,左图浅长斑带细纵纹，右图有分叶深点、红晕和粗弯毛，细部不对应。,near_duplicate_review_ege_half.json,93
ISIC_0009954,ISIC_0036303,1,distinct_images,b61f9857edb1b08b645e8a8a07d753d8c860fd0c6748565321a4739738983595,dc6f4b19a0d618a4d977ba0e91ae5a2451514dcc6a27a3e1be60aa161d9c23fb,independent visual original RGB pair inspection,原图左侧为浅褐竖斑，右侧为多叶暗色网状斑带右上突出和下方长尾，形状纹理不同。,near_duplicate_review_ege_half.json,94
ISIC_0009955,ISIC_0020860,4,distinct_images,cd183eb71e93a81bbcdf7cca71afc2767d965f0e794c80c6e34da8a1be6d5d3b,ac6f28b9f89253391ddcc7db8f578de2fa6045b885689f16fcff7abad83f6a1c,independent visual original RGB pair inspection,左图小斑背景有明显网状浅纹与细毛，右图深色团块的轮廓和内部色素布局不同。,near_duplicate_review_ege_half.json,95
ISIC_0010013,ISIC_0021152,1,confirmed_same_image,15975573b2e5b16a6cae95ebb528655fc834dc8f7f92d254a95c1f7590af8068,6aed7827e1d9cfdc04d5d05aab613277f6570714513b0eae6ca0c0db56d474fa,independent visual original RGB pair inspection,原图毛发交叉、左上短弯毛、右侧斑点及下缘刻度逐一对应，差异为分辨率与色调。,near_duplicate_review_ege_half.json,96
ISIC_0010074,ISIC_0023832,0,confirmed_same_image,20ee8730b336e588be9aa558a2008d521ee06e856c5c9cd1be65a61bc255d20f,147605d3c9f5603e8a4a32cd7f42efe4b8da93a826efcdf0e27044dda0f5248d,independent visual original RGB pair inspection,原图上方双叶、下方深色小叶、周围浅斑与细毛及右下反光纹逐一对应，仅分辨率色调不同。,near_duplicate_review_ege_half.json,97
ISIC_0010121,ISIC_0010227,3,distinct_images,c05d2dc2fe8d04bd5cb915b660a54fa5e5656b4d9de7cbf146817e4ab3312f4d,a8083afbd919ca5bafef2f6344d8c39b42adfe95f64d2f78e33e30d97b8ed0de,independent visual original RGB pair inspection,左图致密深色小斑与右图浅褐放射状长斑的内部纹理和边缘不同。,near_duplicate_review_ege_half.json,98
ISIC_0010121,ISIC_0018603,4,distinct_images,c05d2dc2fe8d04bd5cb915b660a54fa5e5656b4d9de7cbf146817e4ab3312f4d,e74065f37c33b9aa303f55ec3a6beac89e0e5b9c66b82ee6d8b5acb993a689cd,independent visual original RGB pair inspection,左图深色小斑有亮孔及下缘短毛，右图近圆深斑的色素块布局和皮肤背景不同。,near_duplicate_review_ege_half.json,99
ISIC_0010121,ISIC_0021777,3,distinct_images,c05d2dc2fe8d04bd5cb915b660a54fa5e5656b4d9de7cbf146817e4ab3312f4d,f90bd6f1c19913add9ecf954b071f0c4159c27ac1bacac6ad55cecf2eff60cda,independent visual original RGB pair inspection,左图紧凑深色小斑与右图较宽浅褐斑的轮廓不同，右图长毛和刻度不对应。,near_duplicate_review_ege_half.json,100
ISIC_0010121,ISIC_0036125,4,distinct_images,c05d2dc2fe8d04bd5cb915b660a54fa5e5656b4d9de7cbf146817e4ab3312f4d,468bad0e755a10fd2a85cecbb4d5a4b212342cf586e7ac73993ad19dffe19c24,independent visual original RGB pair inspection,左图紧凑灰褐颗粒斑，右图纵向红褐分叶斑伴粗弯毛，内部与背景不对应。,near_duplicate_review_ege_half.json,101
ISIC_0010121,ISIC_0036303,4,distinct_images,c05d2dc2fe8d04bd5cb915b660a54fa5e5656b4d9de7cbf146817e4ab3312f4d,dc6f4b19a0d618a4d977ba0e91ae5a2451514dcc6a27a3e1be60aa161d9c23fb,independent visual original RGB pair inspection,左图近圆深斑，右图上方突出叶及下方浅尾的多叶斑，轮廓纹理不同。,near_duplicate_review_ege_half.json,102
ISIC_0010153,ISIC_0021187,4,distinct_images,692c0bf5c2a6e19f103cf7b855bbc6f52c2de97692cd712359b9c15a8fe21533,6f22bec2837cd1b095943577887cd6782c8e84347be6fc72315295cd5446dcd7,independent visual original RGB pair inspection,左图下半部深色的较大褐斑与右图浅红均匀颗粒斑的内部结构、边缘及毛发不同。,near_duplicate_review_ege_half.json,103
ISIC_0010183,ISIC_0010268,4,distinct_images,d7d486fb6b39cd672848a0108708df1e80621d96a6623f84393762b22df3d51c,3a156205ed98c8df9c8f06213d6bc6a317f0c80920d478401c55e94736f7a5ba,independent visual original RGB pair inspection,左图近圆灰褐斑，右图浅褐斜长斑，边缘形状与皮肤背景不对应。,near_duplicate_review_ege_half.json,104
ISIC_0010183,ISIC_0011217,4,distinct_images,d7d486fb6b39cd672848a0108708df1e80621d96a6623f84393762b22df3d51c,465447b2e33d4072730cc8c5b9744513f2eeacf5a1d1ee55d0394c38667f7ad4,independent visual original RGB pair inspection,左图小型近圆灰褐斑，右图纵向双色团块伴短毛与刻度，内部结构不同。,near_duplicate_review_ege_half.json,105
ISIC_0010183,ISIC_0012558,2,distinct_images,d7d486fb6b39cd672848a0108708df1e80621d96a6623f84393762b22df3d51c,3738e35cc068ffe809e062701075e620e5bf413ea1aa59a274fa5aa93e776c84,independent visual original RGB pair inspection,左图紧凑深灰褐斑与右图横向双团块浅褐斑的轮廓及内部纹理不同。,near_duplicate_review_ege_half.json,106
ISIC_0010183,ISIC_0036125,4,distinct_images,d7d486fb6b39cd672848a0108708df1e80621d96a6623f84393762b22df3d51c,468bad0e755a10fd2a85cecbb4d5a4b212342cf586e7ac73993ad19dffe19c24,independent visual original RGB pair inspection,左图近圆灰褐斑与右图纵向红褐分叶斑的形状、深点及粗弯毛不对应。,near_duplicate_review_ege_half.json,107
ISIC_0010183,ISIC_0036287,4,distinct_images,d7d486fb6b39cd672848a0108708df1e80621d96a6623f84393762b22df3d51c,9d2ee65a539d8099adf9943b05ed74a45eb91dfa5063bcc68091072a83feacd3,independent visual original RGB pair inspection,左图紧凑灰褐小斑，右图较大椭圆棕斑伴上方粗弯毛，结构不同。,near_duplicate_review_ege_half.json,108
ISIC_0010206,ISIC_0036125,4,distinct_images,4a928358d50490b08cd42bad3ac6b89467a6a4e0132f99a9e8fdc442b774eaa4,468bad0e755a10fd2a85cecbb4d5a4b212342cf586e7ac73993ad19dffe19c24,independent visual original RGB pair inspection,左图横向深色团块有明显浅孔和反光背景，右图纵向红褐分叶斑伴粗弯毛，细部不同。,near_duplicate_review_ege_half.json,109
ISIC_0010219,ISIC_0011392,4,distinct_images,231f5e8cda2799ac7b26a71b33fba8371c9f9f3910c00a6d090b41c3e866792c,b80eab05fd5e1a0121a7c139e1f38ca8d4b3d66199240d7b85f894ae296f3f03,independent visual original RGB pair inspection,左图中心浅棕星状斑伴交叉长毛，右图有分离浅色斑及向下扩展区域，轮廓背景不同。,near_duplicate_review_ege_half.json,110
ISIC_0010219,ISIC_0018405,4,distinct_images,231f5e8cda2799ac7b26a71b33fba8371c9f9f3910c00a6d090b41c3e866792c,0a5cbcbf278aec9eb4565c4782e2a610078ed325431e4d47e8943f1423508a56,independent visual original RGB pair inspection,左图浅褐星状斑与右图深色近圆致密斑的边缘及内部色素结构不同。,near_duplicate_review_ege_half.json,111
ISIC_0010219,ISIC_0020663,4,distinct_images,231f5e8cda2799ac7b26a71b33fba8371c9f9f3910c00a6d090b41c3e866792c,e25bb686d43379072d45b75bc4a3214a07a718cb4c9c1d34b607d0441ccaf13f,independent visual original RGB pair inspection,左图浅褐斑横向展开并有密集毛发，右图深褐纵向狭长斑的轮廓及背景不同。,near_duplicate_review_ege_half.json,112
ISIC_0010219,ISIC_0021494,4,distinct_images,231f5e8cda2799ac7b26a71b33fba8371c9f9f3910c00a6d090b41c3e866792c,b9fc1d2ce63a9c8a315e8619d0f6239273d5bf0f4876d93a1e65a1b0924558b2,independent visual original RGB pair inspection,左图浅棕斑伴长毛与多个伸出边，右图为红色背景上的深色星形斑且结构不同。,near_duplicate_review_ege_half.json,113
ISIC_0010220,ISIC_0010352,4,distinct_images,168ce3190e42cd8bddb4862623f363c91f428bc66b266a05e54cdab900f4d47c,ef54e48533853a8cc2405fbd0e8c173b74483051285bc2736b2cdccaf3bc6c82,independent visual original RGB pair inspection,左图细毛覆盖的近圆浅褐斑与右图深色横椭圆斑及跨越粗毛的位置不对应。,near_duplicate_review_ege_half.json,114
ISIC_0010220,ISIC_0018179,4,distinct_images,168ce3190e42cd8bddb4862623f363c91f428bc66b266a05e54cdab900f4d47c,29111e36fe896a58d6b8e6a229554410c8c8d368ae050e3b2f841c2b2a27baa7,independent visual original RGB pair inspection,左图单一浅褐近圆斑，右图并列浅斑与深色圆斑两团结构，形态不同。,near_duplicate_review_ege_half.json,115
ISIC_0010227,ISIC_0010584,2,distinct_images,a8083afbd919ca5bafef2f6344d8c39b42adfe95f64d2f78e33e30d97b8ed0de,e15ea75d4e8240b32dcfe2730031e10a3dc423eddf2c5ddb7e1cf40372e094ac,independent visual original RGB pair inspection,左图浅褐斜长斑伴右侧刻度，右图粗颗粒皮肤上的粉褐圆斑和周围斑点不同。,near_duplicate_review_ege_half.json,116
ISIC_0010227,ISIC_0011343,4,distinct_images,a8083afbd919ca5bafef2f6344d8c39b42adfe95f64d2f78e33e30d97b8ed0de,31ce7499c5ddb726a3ed8844daeae5e47ef623bda5216bc8aeb87d29c182ee92,independent visual original RGB pair inspection,左图较浅斜长斑有侧面刻度，右图粉红背景上的点状深褐轮廓与细毛不对应。,near_duplicate_review_ege_half.json,117
ISIC_0010227,ISIC_0011972,4,distinct_images,a8083afbd919ca5bafef2f6344d8c39b42adfe95f64d2f78e33e30d97b8ed0de,e21a519ae22a651116bdb4c21845fdeaf3e4119a652a7d6feafaaee49c20a4b2,independent visual original RGB pair inspection,左图浅褐长斑与右图近圆深色致密斑及点状皮肤背景明显不同。,near_duplicate_review_ege_half.json,118
ISIC_0010227,ISIC_0018603,1,distinct_images,a8083afbd919ca5bafef2f6344d8c39b42adfe95f64d2f78e33e30d97b8ed0de,e74065f37c33b9aa303f55ec3a6beac89e0e5b9c66b82ee6d8b5acb993a689cd,independent visual original RGB pair inspection,原图左斑斜长且浅、带放射浅叶和侧面刻度，右斑近圆深色且色素块布局不同。,near_duplicate_review_ege_half.json,119
ISIC_0010227,ISIC_0020663,4,distinct_images,a8083afbd919ca5bafef2f6344d8c39b42adfe95f64d2f78e33e30d97b8ed0de,e25bb686d43379072d45b75bc4a3214a07a718cb4c9c1d34b607d0441ccaf13f,independent visual original RGB pair inspection,病灶轮廓、内部色素结构及周围毛发或标尺组合不同，未见同一照片空间对应。,near_duplicate_review_external_half.json,120
ISIC_0010227,ISIC_0021494,4,distinct_images,a8083afbd919ca5bafef2f6344d8c39b42adfe95f64d2f78e33e30d97b8ed0de,b9fc1d2ce63a9c8a315e8619d0f6239273d5bf0f4876d93a1e65a1b0924558b2,independent visual original RGB pair inspection,病灶轮廓、内部色素结构及周围毛发或标尺组合不同，未见同一照片空间对应。,near_duplicate_review_external_half.json,121
ISIC_0010227,ISIC_0021777,4,distinct_images,a8083afbd919ca5bafef2f6344d8c39b42adfe95f64d2f78e33e30d97b8ed0de,f90bd6f1c19913add9ecf954b071f0c4159c27ac1bacac6ad55cecf2eff60cda,independent visual original RGB pair inspection,病灶轮廓、内部色素结构及周围毛发或标尺组合不同，未见同一照片空间对应。,near_duplicate_review_external_half.json,122
ISIC_0010227,ISIC_0022649,4,distinct_images,a8083afbd919ca5bafef2f6344d8c39b42adfe95f64d2f78e33e30d97b8ed0de,1a9c35d3b8a897e46769bde28d0f2d143b1d7d8e9454afeb2b313f3c40e8bf9e,independent visual original RGB pair inspection,病灶轮廓、内部色素结构及周围毛发或标尺组合不同，未见同一照片空间对应。,near_duplicate_review_external_half.json,123
ISIC_0010227,ISIC_0022650,4,distinct_images,a8083afbd919ca5bafef2f6344d8c39b42adfe95f64d2f78e33e30d97b8ed0de,9cfb9693716d74e46e546167befd7247d15a483e0cbaf3f452c55c03f7a301d3,independent visual original RGB pair inspection,病灶轮廓、内部色素结构及周围毛发或标尺组合不同，未见同一照片空间对应。,near_duplicate_review_external_half.json,124
ISIC_0010227,ISIC_0036125,3,distinct_images,a8083afbd919ca5bafef2f6344d8c39b42adfe95f64d2f78e33e30d97b8ed0de,468bad0e755a10fd2a85cecbb4d5a4b212342cf586e7ac73993ad19dffe19c24,independent visual original RGB pair inspection,病灶轮廓、内部色素结构及周围毛发或标尺组合不同，未见同一照片空间对应。,near_duplicate_review_external_half.json,125
ISIC_0010227,ISIC_0036148,4,distinct_images,a8083afbd919ca5bafef2f6344d8c39b42adfe95f64d2f78e33e30d97b8ed0de,04ae0be25552d204e3600e1cbec5332e26f8bb64602cfb2282f9848f77d1644b,independent visual original RGB pair inspection,病灶轮廓、内部色素结构及周围毛发或标尺组合不同，未见同一照片空间对应。,near_duplicate_review_external_half.json,126
ISIC_0010227,ISIC_0036196,4,distinct_images,a8083afbd919ca5bafef2f6344d8c39b42adfe95f64d2f78e33e30d97b8ed0de,553807980c5058aeda0f475dd777420f19e1de2cf17f4f83d78accee10c0dffe,independent visual original RGB pair inspection,病灶轮廓、内部色素结构及周围毛发或标尺组合不同，未见同一照片空间对应。,near_duplicate_review_external_half.json,127
ISIC_0010227,ISIC_0036203,3,distinct_images,a8083afbd919ca5bafef2f6344d8c39b42adfe95f64d2f78e33e30d97b8ed0de,5950bfab8ed9cd7cd3dab40432490e2cf0dcc6facd643d854ae75bf55ce31427,independent visual original RGB pair inspection,病灶轮廓、内部色素结构及周围毛发或标尺组合不同，未见同一照片空间对应。,near_duplicate_review_external_half.json,128
ISIC_0010227,ISIC_0036258,4,distinct_images,a8083afbd919ca5bafef2f6344d8c39b42adfe95f64d2f78e33e30d97b8ed0de,3dd5e72f771c85f3150caa116d762f70dfccb0d519a6a72c3cdb969287aea011,independent visual original RGB pair inspection,病灶轮廓、内部色素结构及周围毛发或标尺组合不同，未见同一照片空间对应。,near_duplicate_review_external_half.json,129
ISIC_0010237,ISIC_0010312,4,distinct_images,ad9e5a8eca875ee13aec5d65ab02db4d35baf9fd767f37d652dbc2d656d8033a,0dadbbbe37a57d7bdeb97effc60a809870fc072f642b44edd85b57e76f8ea3a8,independent visual original RGB pair inspection,病灶轮廓、内部色素结构及周围毛发或标尺组合不同，未见同一照片空间对应。,near_duplicate_review_external_half.json,130
ISIC_0010237,ISIC_0010352,4,distinct_images,ad9e5a8eca875ee13aec5d65ab02db4d35baf9fd767f37d652dbc2d656d8033a,ef54e48533853a8cc2405fbd0e8c173b74483051285bc2736b2cdccaf3bc6c82,independent visual original RGB pair inspection,病灶轮廓、内部色素结构及周围毛发或标尺组合不同，未见同一照片空间对应。,near_duplicate_review_external_half.json,131
ISIC_0010237,ISIC_0021952,4,distinct_images,ad9e5a8eca875ee13aec5d65ab02db4d35baf9fd767f37d652dbc2d656d8033a,041d6654fa1d05f7bbc19d7da0d6e3b6e8477017ca5b8e67a92f8bcc601574e0,independent visual original RGB pair inspection,病灶轮廓、内部色素结构及周围毛发或标尺组合不同，未见同一照片空间对应。,near_duplicate_review_external_half.json,132
ISIC_0010237,ISIC_0022787,2,distinct_images,ad9e5a8eca875ee13aec5d65ab02db4d35baf9fd767f37d652dbc2d656d8033a,af7861b4a8e3f308c7e5636b72a604c0327cbf3739dc1f22991c33e7928a46b5,independent visual original RGB pair inspection,病灶轮廓、内部色素结构及周围毛发或标尺组合不同，未见同一照片空间对应。,near_duplicate_review_external_half.json,133
ISIC_0010237,ISIC_0036166,4,distinct_images,ad9e5a8eca875ee13aec5d65ab02db4d35baf9fd767f37d652dbc2d656d8033a,14aa6248b6e2d6e7b215df61cd0a741ad24cde0da71db7ec9fdbb18c47681808,independent visual original RGB pair inspection,病灶轮廓、内部色素结构及周围毛发或标尺组合不同，未见同一照片空间对应。,near_duplicate_review_external_half.json,134
ISIC_0010268,ISIC_0010444,4,distinct_images,3a156205ed98c8df9c8f06213d6bc6a317f0c80920d478401c55e94736f7a5ba,1405833bd3c5d61ff015833347efdaeebd2d027764c51304e4b1cccbfc9ae72c,independent visual original RGB pair inspection,病灶轮廓、内部色素结构及周围毛发或标尺组合不同，未见同一照片空间对应。,near_duplicate_review_external_half.json,135
ISIC_0010268,ISIC_0011217,4,distinct_images,3a156205ed98c8df9c8f06213d6bc6a317f0c80920d478401c55e94736f7a5ba,465447b2e33d4072730cc8c5b9744513f2eeacf5a1d1ee55d0394c38667f7ad4,independent visual original RGB pair inspection,病灶轮廓、内部色素结构及周围毛发或标尺组合不同，未见同一照片空间对应。,near_duplicate_review_external_half.json,136
ISIC_0010268,ISIC_0012558,2,distinct_images,3a156205ed98c8df9c8f06213d6bc6a317f0c80920d478401c55e94736f7a5ba,3738e35cc068ffe809e062701075e620e5bf413ea1aa59a274fa5aa93e776c84,independent visual original RGB pair inspection,病灶轮廓、内部色素结构及周围毛发或标尺组合不同，未见同一照片空间对应。,near_duplicate_review_external_half.json,137
ISIC_0010268,ISIC_0022191,4,distinct_images,3a156205ed98c8df9c8f06213d6bc6a317f0c80920d478401c55e94736f7a5ba,9859070d1e4218a95f381d8d16cc4383b24db85e9b4ca3741c1eeb59f196a0f5,independent visual original RGB pair inspection,病灶轮廓、内部色素结构及周围毛发或标尺组合不同，未见同一照片空间对应。,near_duplicate_review_external_half.json,138
ISIC_0010268,ISIC_0022650,3,distinct_images,3a156205ed98c8df9c8f06213d6bc6a317f0c80920d478401c55e94736f7a5ba,9cfb9693716d74e46e546167befd7247d15a483e0cbaf3f452c55c03f7a301d3,independent visual original RGB pair inspection,病灶轮廓、内部色素结构及周围毛发或标尺组合不同，未见同一照片空间对应。,near_duplicate_review_external_half.json,139
ISIC_0010268,ISIC_0036125,4,distinct_images,3a156205ed98c8df9c8f06213d6bc6a317f0c80920d478401c55e94736f7a5ba,468bad0e755a10fd2a85cecbb4d5a4b212342cf586e7ac73993ad19dffe19c24,independent visual original RGB pair inspection,病灶轮廓、内部色素结构及周围毛发或标尺组合不同，未见同一照片空间对应。,near_duplicate_review_external_half.json,140
ISIC_0010268,ISIC_0036165,4,distinct_images,3a156205ed98c8df9c8f06213d6bc6a317f0c80920d478401c55e94736f7a5ba,305fd09e0d8308e87a8722db0a4406d77452b99860243b773d6a0e9cc4fec118,independent visual original RGB pair inspection,病灶轮廓、内部色素结构及周围毛发或标尺组合不同，未见同一照片空间对应。,near_duplicate_review_external_half.json,141
ISIC_0010268,ISIC_0036303,4,distinct_images,3a156205ed98c8df9c8f06213d6bc6a317f0c80920d478401c55e94736f7a5ba,dc6f4b19a0d618a4d977ba0e91ae5a2451514dcc6a27a3e1be60aa161d9c23fb,independent visual original RGB pair inspection,病灶轮廓、内部色素结构及周围毛发或标尺组合不同，未见同一照片空间对应。,near_duplicate_review_external_half.json,142
ISIC_0010347,ISIC_0010984,4,distinct_images,196c221c8f77a35fc6b071131161eaec40cd00c191e4dd9834b74004430ba7b7,083d98bc3084f64278272724b54025ec0698468e46918a315bebd81b56710aec,independent visual original RGB pair inspection,病灶轮廓、内部色素结构及周围毛发或标尺组合不同，未见同一照片空间对应。,near_duplicate_review_external_half.json,143
ISIC_0010347,ISIC_0011343,3,distinct_images,196c221c8f77a35fc6b071131161eaec40cd00c191e4dd9834b74004430ba7b7,31ce7499c5ddb726a3ed8844daeae5e47ef623bda5216bc8aeb87d29c182ee92,independent visual original RGB pair inspection,病灶轮廓、内部色素结构及周围毛发或标尺组合不同，未见同一照片空间对应。,near_duplicate_review_external_half.json,144
ISIC_0010347,ISIC_0036258,3,distinct_images,196c221c8f77a35fc6b071131161eaec40cd00c191e4dd9834b74004430ba7b7,3dd5e72f771c85f3150caa116d762f70dfccb0d519a6a72c3cdb969287aea011,independent visual original RGB pair inspection,病灶轮廓、内部色素结构及周围毛发或标尺组合不同，未见同一照片空间对应。,near_duplicate_review_external_half.json,145
ISIC_0010352,ISIC_0022787,2,distinct_images,ef54e48533853a8cc2405fbd0e8c173b74483051285bc2736b2cdccaf3bc6c82,af7861b4a8e3f308c7e5636b72a604c0327cbf3739dc1f22991c33e7928a46b5,independent visual original RGB pair inspection,病灶轮廓、内部色素结构及周围毛发或标尺组合不同，未见同一照片空间对应。,near_duplicate_review_external_half.json,146
ISIC_0010352,ISIC_0036166,4,distinct_images,ef54e48533853a8cc2405fbd0e8c173b74483051285bc2736b2cdccaf3bc6c82,14aa6248b6e2d6e7b215df61cd0a741ad24cde0da71db7ec9fdbb18c47681808,independent visual original RGB pair inspection,病灶轮廓、内部色素结构及周围毛发或标尺组合不同，未见同一照片空间对应。,near_duplicate_review_external_half.json,147
ISIC_0010444,ISIC_0012558,4,distinct_images,1405833bd3c5d61ff015833347efdaeebd2d027764c51304e4b1cccbfc9ae72c,3738e35cc068ffe809e062701075e620e5bf413ea1aa59a274fa5aa93e776c84,independent visual original RGB pair inspection,病灶轮廓、内部色素结构及周围毛发或标尺组合不同，未见同一照片空间对应。,near_duplicate_review_external_half.json,148
ISIC_0010444,ISIC_0022787,3,distinct_images,1405833bd3c5d61ff015833347efdaeebd2d027764c51304e4b1cccbfc9ae72c,af7861b4a8e3f308c7e5636b72a604c0327cbf3739dc1f22991c33e7928a46b5,independent visual original RGB pair inspection,病灶轮廓、内部色素结构及周围毛发或标尺组合不同，未见同一照片空间对应。,near_duplicate_review_external_half.json,149
ISIC_0010444,ISIC_0023936,4,distinct_images,1405833bd3c5d61ff015833347efdaeebd2d027764c51304e4b1cccbfc9ae72c,d53dbdd4d94c9261d2ff23bef10dfe39393b325f368882c2e16aac7f2a872f3f,independent visual original RGB pair inspection,病灶轮廓、内部色素结构及周围毛发或标尺组合不同，未见同一照片空间对应。,near_duplicate_review_external_half.json,150
ISIC_0010444,ISIC_0036165,4,distinct_images,1405833bd3c5d61ff015833347efdaeebd2d027764c51304e4b1cccbfc9ae72c,305fd09e0d8308e87a8722db0a4406d77452b99860243b773d6a0e9cc4fec118,independent visual original RGB pair inspection,病灶轮廓、内部色素结构及周围毛发或标尺组合不同，未见同一照片空间对应。,near_duplicate_review_external_half.json,151
ISIC_0010513,ISIC_0017422,2,distinct_images,a224c37e64d3e2ce6cb3b05762ebb41a27c5713f3de66c79512fa882bc0469ce,f8c28679d87391b6dd29853dabf039fe8805126fb479b31c62bfef01841a0998,independent visual original RGB pair inspection,病灶轮廓、内部色素结构及周围毛发或标尺组合不同，未见同一照片空间对应。,near_duplicate_review_external_half.json,152
ISIC_0010568,ISIC_0021114,1,confirmed_same_image,d811e392deb963dcf284c1abef5c5dcdab647fc773fdbfb2b6e917b871999ebc,dd0f3876111c3c145b4e2edbc541d591205d5b9875f8cc2f449b1892b110bafa,independent visual original RGB pair inspection,病灶分叶、蓝灰色网纹和周围斑点逐一对应，分辨率与色调改变。,near_duplicate_review_external_half.json,153
ISIC_0010584,ISIC_0018603,3,distinct_images,e15ea75d4e8240b32dcfe2730031e10a3dc423eddf2c5ddb7e1cf40372e094ac,e74065f37c33b9aa303f55ec3a6beac89e0e5b9c66b82ee6d8b5acb993a689cd,independent visual original RGB pair inspection,病灶轮廓、内部色素结构及周围毛发或标尺组合不同，未见同一照片空间对应。,near_duplicate_review_external_half.json,154
ISIC_0010584,ISIC_0022650,4,distinct_images,e15ea75d4e8240b32dcfe2730031e10a3dc423eddf2c5ddb7e1cf40372e094ac,9cfb9693716d74e46e546167befd7247d15a483e0cbaf3f452c55c03f7a301d3,independent visual original RGB pair inspection,病灶轮廓、内部色素结构及周围毛发或标尺组合不同，未见同一照片空间对应。,near_duplicate_review_external_half.json,155
ISIC_0010584,ISIC_0036125,3,distinct_images,e15ea75d4e8240b32dcfe2730031e10a3dc423eddf2c5ddb7e1cf40372e094ac,468bad0e755a10fd2a85cecbb4d5a4b212342cf586e7ac73993ad19dffe19c24,independent visual original RGB pair inspection,病灶轮廓、内部色素结构及周围毛发或标尺组合不同，未见同一照片空间对应。,near_duplicate_review_external_half.json,156
ISIC_0010584,ISIC_0036196,4,distinct_images,e15ea75d4e8240b32dcfe2730031e10a3dc423eddf2c5ddb7e1cf40372e094ac,553807980c5058aeda0f475dd777420f19e1de2cf17f4f83d78accee10c0dffe,independent visual original RGB pair inspection,病灶轮廓、内部色素结构及周围毛发或标尺组合不同，未见同一照片空间对应。,near_duplicate_review_external_half.json,157
ISIC_0010584,ISIC_0036203,3,distinct_images,e15ea75d4e8240b32dcfe2730031e10a3dc423eddf2c5ddb7e1cf40372e094ac,5950bfab8ed9cd7cd3dab40432490e2cf0dcc6facd643d854ae75bf55ce31427,independent visual original RGB pair inspection,病灶轮廓、内部色素结构及周围毛发或标尺组合不同，未见同一照片空间对应。,near_duplicate_review_external_half.json,158
ISIC_0010907,ISIC_0021777,2,distinct_images,5e0842bdf665be27206a13a54b37e596bd5aa4361ed474b5a8000824dc91d08a,f90bd6f1c19913add9ecf954b071f0c4159c27ac1bacac6ad55cecf2eff60cda,independent visual original RGB pair inspection,病灶轮廓、内部色素结构及周围毛发或标尺组合不同，未见同一照片空间对应。,near_duplicate_review_external_half.json,159
ISIC_0010907,ISIC_0021932,4,distinct_images,5e0842bdf665be27206a13a54b37e596bd5aa4361ed474b5a8000824dc91d08a,40e1c762ebcb741dd6946e6d62fa4114d47e9eeb235e3dc107e9401082de9e22,independent visual original RGB pair inspection,病灶轮廓、内部色素结构及周围毛发或标尺组合不同，未见同一照片空间对应。,near_duplicate_review_external_half.json,160
ISIC_0010907,ISIC_0022039,4,distinct_images,5e0842bdf665be27206a13a54b37e596bd5aa4361ed474b5a8000824dc91d08a,d352c02431fd3c9d9d1236614e139355750d9dd6fab9ee5ae4efa23c9fa5784e,independent visual original RGB pair inspection,病灶轮廓、内部色素结构及周围毛发或标尺组合不同，未见同一照片空间对应。,near_duplicate_review_external_half.json,161
ISIC_0010907,ISIC_0036166,4,distinct_images,5e0842bdf665be27206a13a54b37e596bd5aa4361ed474b5a8000824dc91d08a,14aa6248b6e2d6e7b215df61cd0a741ad24cde0da71db7ec9fdbb18c47681808,independent visual original RGB pair inspection,病灶轮廓、内部色素结构及周围毛发或标尺组合不同，未见同一照片空间对应。,near_duplicate_review_external_half.json,162
ISIC_0011163,ISIC_0018603,4,distinct_images,26d5a4488851dc542ea7bfa942088713815c63c0bada52ca957993e7820d76f8,e74065f37c33b9aa303f55ec3a6beac89e0e5b9c66b82ee6d8b5acb993a689cd,independent visual original RGB pair inspection,病灶轮廓、内部色素结构及周围毛发或标尺组合不同，未见同一照片空间对应。,near_duplicate_review_external_half.json,163
ISIC_0011217,ISIC_0012558,4,distinct_images,465447b2e33d4072730cc8c5b9744513f2eeacf5a1d1ee55d0394c38667f7ad4,3738e35cc068ffe809e062701075e620e5bf413ea1aa59a274fa5aa93e776c84,independent visual original RGB pair inspection,病灶轮廓、内部色素结构及周围毛发或标尺组合不同，未见同一照片空间对应。,near_duplicate_review_external_half.json,164
ISIC_0011217,ISIC_0022650,3,distinct_images,465447b2e33d4072730cc8c5b9744513f2eeacf5a1d1ee55d0394c38667f7ad4,9cfb9693716d74e46e546167befd7247d15a483e0cbaf3f452c55c03f7a301d3,independent visual original RGB pair inspection,病灶轮廓、内部色素结构及周围毛发或标尺组合不同，未见同一照片空间对应。,near_duplicate_review_external_half.json,165
ISIC_0011217,ISIC_0036125,2,distinct_images,465447b2e33d4072730cc8c5b9744513f2eeacf5a1d1ee55d0394c38667f7ad4,468bad0e755a10fd2a85cecbb4d5a4b212342cf586e7ac73993ad19dffe19c24,independent visual original RGB pair inspection,病灶轮廓、内部色素结构及周围毛发或标尺组合不同，未见同一照片空间对应。,near_duplicate_review_external_half.json,166
ISIC_0011217,ISIC_0036287,4,distinct_images,465447b2e33d4072730cc8c5b9744513f2eeacf5a1d1ee55d0394c38667f7ad4,9d2ee65a539d8099adf9943b05ed74a45eb91dfa5063bcc68091072a83feacd3,independent visual original RGB pair inspection,病灶轮廓、内部色素结构及周围毛发或标尺组合不同，未见同一照片空间对应。,near_duplicate_review_external_half.json,167
ISIC_0011217,ISIC_0036303,4,distinct_images,465447b2e33d4072730cc8c5b9744513f2eeacf5a1d1ee55d0394c38667f7ad4,dc6f4b19a0d618a4d977ba0e91ae5a2451514dcc6a27a3e1be60aa161d9c23fb,independent visual original RGB pair inspection,病灶轮廓、内部色素结构及周围毛发或标尺组合不同，未见同一照片空间对应。,near_duplicate_review_external_half.json,168
ISIC_0011227,ISIC_0036176,3,distinct_images,b742e67d0091069e80abbe8b60688eb7ba1e9f9dfb2823d15f171e986a74be26,bc2ea82228c396742b404219f7b5df7ddb9d4a2655e70f7a43a54fa274b56859,independent visual original RGB pair inspection,病灶轮廓、内部色素结构及周围毛发或标尺组合不同，未见同一照片空间对应。,near_duplicate_review_external_half.json,169
ISIC_0011334,ISIC_0024095,0,confirmed_same_image,645f2c08ce484a3bf899cabe6c28204afca6edb3f038bebf7fda1fb1bd9dd82d,8454477bb1ef993894d56efcb5c5b6b842f7d74a4d1aa46d890aa308e2d3222c,independent visual original RGB pair inspection,巨大病灶边缘、左侧标尺和周边发丝对应，仅缩放和色调改变。,near_duplicate_review_external_half.json,170
ISIC_0011343,ISIC_0036148,4,distinct_images,31ce7499c5ddb726a3ed8844daeae5e47ef623bda5216bc8aeb87d29c182ee92,04ae0be25552d204e3600e1cbec5332e26f8bb64602cfb2282f9848f77d1644b,independent visual original RGB pair inspection,病灶轮廓、内部色素结构及周围毛发或标尺组合不同，未见同一照片空间对应。,near_duplicate_review_external_half.json,171
ISIC_0011343,ISIC_0036258,4,distinct_images,31ce7499c5ddb726a3ed8844daeae5e47ef623bda5216bc8aeb87d29c182ee92,3dd5e72f771c85f3150caa116d762f70dfccb0d519a6a72c3cdb969287aea011,independent visual original RGB pair inspection,病灶轮廓、内部色素结构及周围毛发或标尺组合不同，未见同一照片空间对应。,near_duplicate_review_external_half.json,172
ISIC_0011392,ISIC_0021494,4,distinct_images,b80eab05fd5e1a0121a7c139e1f38ca8d4b3d66199240d7b85f894ae296f3f03,b9fc1d2ce63a9c8a315e8619d0f6239273d5bf0f4876d93a1e65a1b0924558b2,independent visual original RGB pair inspection,病灶轮廓、内部色素结构及周围毛发或标尺组合不同，未见同一照片空间对应。,near_duplicate_review_external_half.json,173
ISIC_0011451,ISIC_0014759,4,uncertain,754ecf647f8515a2984a06deec9b4bed647edfd6ea0b6093929f95529f3e3930,441c67c7f1c947dde7b6261702c35f4f3ad30a7f6974341b7eebe691a6819767,independent visual original RGB pair inspection,病灶与密集毛发高度相似，但存在轻微视野变化，不能确定同照变体或同病灶重复拍摄。,near_duplicate_review_external_half.json,174
ISIC_0011692,ISIC_0011696,3,uncertain,7b104879562795bb117580b06d63128e2b58f829e9dbcbff00b0c9309ca2ce96,e7f3784956c198b6c2d9d0c04ed08a6af9e7ce0a33c66145452a30dfec9a1ce9,independent visual original RGB pair inspection,病灶色素结构高度相似，但视野有轻微变化，缺少足够背景标志确认同一照片。,near_duplicate_review_external_half.json,175
ISIC_0011899,ISIC_0011900,1,confirmed_same_image,cfc76e49599e0c34ff212f867e4388a077808bd2558d15d98099fbd43cb6afdd,78e8fda0ff955b1bb94dd27c7b2b2c237410068ab6745808bb9b0bb88e25c2ba,independent visual original RGB pair inspection,相邻两处色素斑、上方小斑及左侧黑边对应，图像高度略有裁切。,near_duplicate_review_external_half.json,176
ISIC_0011972,ISIC_0018603,3,distinct_images,e21a519ae22a651116bdb4c21845fdeaf3e4119a652a7d6feafaaee49c20a4b2,e74065f37c33b9aa303f55ec3a6beac89e0e5b9c66b82ee6d8b5acb993a689cd,independent visual original RGB pair inspection,病灶轮廓、内部色素结构及周围毛发或标尺组合不同，未见同一照片空间对应。,near_duplicate_review_external_half.json,177
ISIC_0011972,ISIC_0021777,4,distinct_images,e21a519ae22a651116bdb4c21845fdeaf3e4119a652a7d6feafaaee49c20a4b2,f90bd6f1c19913add9ecf954b071f0c4159c27ac1bacac6ad55cecf2eff60cda,independent visual original RGB pair inspection,病灶轮廓、内部色素结构及周围毛发或标尺组合不同，未见同一照片空间对应。,near_duplicate_review_external_half.json,178
ISIC_0011972,ISIC_0022650,4,distinct_images,e21a519ae22a651116bdb4c21845fdeaf3e4119a652a7d6feafaaee49c20a4b2,9cfb9693716d74e46e546167befd7247d15a483e0cbaf3f452c55c03f7a301d3,independent visual original RGB pair inspection,病灶轮廓、内部色素结构及周围毛发或标尺组合不同，未见同一照片空间对应。,near_duplicate_review_external_half.json,179
ISIC_0012127,ISIC_0012970,0,confirmed_same_image,aa0d3bd251b0641a0d05735033bca90511f5a390a9b2fbfd4b8a512e96447c91,e8fda481c4dee6b8a875da2352d9155cda787066c7525a0ae286a9454f0d532d,independent visual original RGB pair inspection,病灶、皮肤纹理、右侧标尺和粉色布料完全对应。,near_duplicate_review_external_half.json,180
ISIC_0012558,ISIC_0022191,4,distinct_images,3738e35cc068ffe809e062701075e620e5bf413ea1aa59a274fa5aa93e776c84,9859070d1e4218a95f381d8d16cc4383b24db85e9b4ca3741c1eeb59f196a0f5,independent visual original RGB pair inspection,病灶轮廓、内部色素结构及周围毛发或标尺组合不同，未见同一照片空间对应。,near_duplicate_review_external_half.json,181
ISIC_0012558,ISIC_0022650,3,distinct_images,3738e35cc068ffe809e062701075e620e5bf413ea1aa59a274fa5aa93e776c84,9cfb9693716d74e46e546167befd7247d15a483e0cbaf3f452c55c03f7a301d3,independent visual original RGB pair inspection,病灶轮廓、内部色素结构及周围毛发或标尺组合不同，未见同一照片空间对应。,near_duplicate_review_external_half.json,182
ISIC_0012558,ISIC_0036125,4,distinct_images,3738e35cc068ffe809e062701075e620e5bf413ea1aa59a274fa5aa93e776c84,468bad0e755a10fd2a85cecbb4d5a4b212342cf586e7ac73993ad19dffe19c24,independent visual original RGB pair inspection,病灶轮廓、内部色素结构及周围毛发或标尺组合不同，未见同一照片空间对应。,near_duplicate_review_external_half.json,183
ISIC_0012558,ISIC_0036287,4,distinct_images,3738e35cc068ffe809e062701075e620e5bf413ea1aa59a274fa5aa93e776c84,9d2ee65a539d8099adf9943b05ed74a45eb91dfa5063bcc68091072a83feacd3,independent visual original RGB pair inspection,病灶轮廓、内部色素结构及周围毛发或标尺组合不同，未见同一照片空间对应。,near_duplicate_review_external_half.json,184
ISIC_0012558,ISIC_0036303,4,distinct_images,3738e35cc068ffe809e062701075e620e5bf413ea1aa59a274fa5aa93e776c84,dc6f4b19a0d618a4d977ba0e91ae5a2451514dcc6a27a3e1be60aa161d9c23fb,independent visual original RGB pair inspection,病灶轮廓、内部色素结构及周围毛发或标尺组合不同，未见同一照片空间对应。,near_duplicate_review_external_half.json,185
ISIC_0013109,ISIC_0013163,1,confirmed_same_image,df84641a09233f6d2c9d29a5f6d5011044f315bac92c0847b8fc5f02619333b7,a981c34bf43cbc464598d03798ed919a16bd86667e3678c46cf028a98ac9ee60,independent visual original RGB pair inspection,小圆形色素斑、右侧标尺与周围雀斑对应，亮度略变。,near_duplicate_review_external_half.json,186
ISIC_0014936,ISIC_0015602,2,uncertain,4272018f142758206fdc97bb9380306ea5187488ab47cc848a880e5d9d30092a,bfdd714e3338bb1eac8bc88023ed92333e14f0bff936a8e7b24e413097f62819,independent visual original RGB pair inspection,病灶形态、毛发与气泡高度相似，但存在轻微视野变化，无法确认同一照片。,near_duplicate_review_external_half.json,187
ISIC_0014957,ISIC_0015257,2,uncertain,a0cd842670423e11b94c8d3d2fe59b7521d5a051d1578d9b357ae8a3c4bc6a1d,e8af38612b8bc9c5fd661df8138ab90c2f36571e76140c7209a6540a61def4d8,independent visual original RGB pair inspection,病灶网纹、皮肤褶皱与气泡高度相似，但视野略变，无法确认同一照片。,near_duplicate_review_external_half.json,188
ISIC_0017422,ISIC_0036196,4,distinct_images,f8c28679d87391b6dd29853dabf039fe8805126fb479b31c62bfef01841a0998,553807980c5058aeda0f475dd777420f19e1de2cf17f4f83d78accee10c0dffe,independent visual original RGB pair inspection,病灶轮廓、内部色素结构及周围毛发或标尺组合不同，未见同一照片空间对应。,near_duplicate_review_external_half.json,189
ISIC_0018179,ISIC_0022787,4,distinct_images,29111e36fe896a58d6b8e6a229554410c8c8d368ae050e3b2f841c2b2a27baa7,af7861b4a8e3f308c7e5636b72a604c0327cbf3739dc1f22991c33e7928a46b5,independent visual original RGB pair inspection,病灶轮廓、内部色素结构及周围毛发或标尺组合不同，未见同一照片空间对应。,near_duplicate_review_external_half.json,190
ISIC_0018405,ISIC_0020663,4,distinct_images,0a5cbcbf278aec9eb4565c4782e2a610078ed325431e4d47e8943f1423508a56,e25bb686d43379072d45b75bc4a3214a07a718cb4c9c1d34b607d0441ccaf13f,independent visual original RGB pair inspection,病灶轮廓、内部色素结构及周围毛发或标尺组合不同，未见同一照片空间对应。,near_duplicate_review_external_half.json,191
ISIC_0018405,ISIC_0022650,4,distinct_images,0a5cbcbf278aec9eb4565c4782e2a610078ed325431e4d47e8943f1423508a56,9cfb9693716d74e46e546167befd7247d15a483e0cbaf3f452c55c03f7a301d3,independent visual original RGB pair inspection,病灶轮廓、内部色素结构及周围毛发或标尺组合不同，未见同一照片空间对应。,near_duplicate_review_external_half.json,192
ISIC_0018405,ISIC_0036125,3,distinct_images,0a5cbcbf278aec9eb4565c4782e2a610078ed325431e4d47e8943f1423508a56,468bad0e755a10fd2a85cecbb4d5a4b212342cf586e7ac73993ad19dffe19c24,independent visual original RGB pair inspection,病灶轮廓、内部色素结构及周围毛发或标尺组合不同，未见同一照片空间对应。,near_duplicate_review_external_half.json,193
ISIC_0018603,ISIC_0021777,3,distinct_images,e74065f37c33b9aa303f55ec3a6beac89e0e5b9c66b82ee6d8b5acb993a689cd,f90bd6f1c19913add9ecf954b071f0c4159c27ac1bacac6ad55cecf2eff60cda,independent visual original RGB pair inspection,病灶轮廓、内部色素结构及周围毛发或标尺组合不同，未见同一照片空间对应。,near_duplicate_review_external_half.json,194
ISIC_0018603,ISIC_0022649,3,distinct_images,e74065f37c33b9aa303f55ec3a6beac89e0e5b9c66b82ee6d8b5acb993a689cd,1a9c35d3b8a897e46769bde28d0f2d143b1d7d8e9454afeb2b313f3c40e8bf9e,independent visual original RGB pair inspection,病灶轮廓、内部色素结构及周围毛发或标尺组合不同，未见同一照片空间对应。,near_duplicate_review_external_half.json,195
ISIC_0018603,ISIC_0022650,3,distinct_images,e74065f37c33b9aa303f55ec3a6beac89e0e5b9c66b82ee6d8b5acb993a689cd,9cfb9693716d74e46e546167befd7247d15a483e0cbaf3f452c55c03f7a301d3,independent visual original RGB pair inspection,病灶轮廓、内部色素结构及周围毛发或标尺组合不同，未见同一照片空间对应。,near_duplicate_review_external_half.json,196
ISIC_0018603,ISIC_0036125,4,distinct_images,e74065f37c33b9aa303f55ec3a6beac89e0e5b9c66b82ee6d8b5acb993a689cd,468bad0e755a10fd2a85cecbb4d5a4b212342cf586e7ac73993ad19dffe19c24,independent visual original RGB pair inspection,病灶轮廓、内部色素结构及周围毛发或标尺组合不同，未见同一照片空间对应。,near_duplicate_review_external_half.json,197
ISIC_0018603,ISIC_0036203,4,distinct_images,e74065f37c33b9aa303f55ec3a6beac89e0e5b9c66b82ee6d8b5acb993a689cd,5950bfab8ed9cd7cd3dab40432490e2cf0dcc6facd643d854ae75bf55ce31427,independent visual original RGB pair inspection,病灶轮廓、内部色素结构及周围毛发或标尺组合不同，未见同一照片空间对应。,near_duplicate_review_external_half.json,198
ISIC_0018603,ISIC_0036258,3,distinct_images,e74065f37c33b9aa303f55ec3a6beac89e0e5b9c66b82ee6d8b5acb993a689cd,3dd5e72f771c85f3150caa116d762f70dfccb0d519a6a72c3cdb969287aea011,independent visual original RGB pair inspection,病灶轮廓、内部色素结构及周围毛发或标尺组合不同，未见同一照片空间对应。,near_duplicate_review_external_half.json,199
ISIC_0018603,ISIC_0036303,4,distinct_images,e74065f37c33b9aa303f55ec3a6beac89e0e5b9c66b82ee6d8b5acb993a689cd,dc6f4b19a0d618a4d977ba0e91ae5a2451514dcc6a27a3e1be60aa161d9c23fb,independent visual original RGB pair inspection,病灶轮廓、内部色素结构及周围毛发或标尺组合不同，未见同一照片空间对应。,near_duplicate_review_external_half.json,200
ISIC_0019794,ISIC_0036209,4,distinct_images,2739d84d2fd86cc59ba1f2c5cb2e8ce34977522dc79755f831b9f8945373778d,af7a554d1b13224eb6a7402ecde62117e7d959445a40717717c4c7bc2ef62cdb,independent visual original RGB pair inspection,病灶轮廓、内部色素结构及周围毛发或标尺组合不同，未见同一照片空间对应。,near_duplicate_review_external_half.json,201
ISIC_0020663,ISIC_0021494,4,distinct_images,e25bb686d43379072d45b75bc4a3214a07a718cb4c9c1d34b607d0441ccaf13f,b9fc1d2ce63a9c8a315e8619d0f6239273d5bf0f4876d93a1e65a1b0924558b2,independent visual original RGB pair inspection,病灶轮廓、内部色素结构及周围毛发或标尺组合不同，未见同一照片空间对应。,near_duplicate_review_external_half.json,202
ISIC_0021333,ISIC_0036312,0,confirmed_same_image,65a63fffa9ed225ff945282926f507f31472ab14ab1510ef5a15a1011e5f7a8c,5235e87d4b716d9361cf58c8f7d4c5beaa36b07e4e3254be5db39c6b4681585a,independent visual original RGB pair inspection,不规则浅棕斑、周边肤色纹理与所有局部结构对应，色调改变。,near_duplicate_review_external_half.json,203
ISIC_0021440,ISIC_0036286,0,confirmed_same_image,c9e081ce2caa9ef26860a9541e0c92ef5bac559208b5edeb72fd45bef01b3f01,9f70d514f9348d47dd97a3ee2dee3d10ad5ef905b66343ae5c08e00edc6ccd67,independent visual original RGB pair inspection,大片色素斑边缘与周围小斑逐一对应，色调改变。,near_duplicate_review_external_half.json,204
ISIC_0021751,ISIC_0036297,0,confirmed_same_image,04905cdb53c2c88c36bb8342b6e1f26323f7fb9c294468721e1907b722f89772,e420e8ab59cf8198a84784b525921d74a9cec609679617f6e17d2f02664160f2,independent visual original RGB pair inspection,长形病灶、内部网纹、白色毛发与日期标记位置对应。,near_duplicate_review_external_half.json,205
ISIC_0021777,ISIC_0021932,4,distinct_images,f90bd6f1c19913add9ecf954b071f0c4159c27ac1bacac6ad55cecf2eff60cda,40e1c762ebcb741dd6946e6d62fa4114d47e9eeb235e3dc107e9401082de9e22,independent visual original RGB pair inspection,病灶轮廓、内部色素结构及周围毛发或标尺组合不同，未见同一照片空间对应。,near_duplicate_review_external_half.json,206
ISIC_0021777,ISIC_0021987,4,distinct_images,f90bd6f1c19913add9ecf954b071f0c4159c27ac1bacac6ad55cecf2eff60cda,11d5ba844f1428e6937e1f7e86c283d84aba4c6e5132c449927fcc2adb8b47db,independent visual original RGB pair inspection,病灶轮廓、内部色素结构及周围毛发或标尺组合不同，未见同一照片空间对应。,near_duplicate_review_external_half.json,207
ISIC_0021777,ISIC_0022039,4,distinct_images,f90bd6f1c19913add9ecf954b071f0c4159c27ac1bacac6ad55cecf2eff60cda,d352c02431fd3c9d9d1236614e139355750d9dd6fab9ee5ae4efa23c9fa5784e,independent visual original RGB pair inspection,病灶轮廓、内部色素结构及周围毛发或标尺组合不同，未见同一照片空间对应。,near_duplicate_review_external_half.json,208
ISIC_0021777,ISIC_0022650,4,distinct_images,f90bd6f1c19913add9ecf954b071f0c4159c27ac1bacac6ad55cecf2eff60cda,9cfb9693716d74e46e546167befd7247d15a483e0cbaf3f452c55c03f7a301d3,independent visual original RGB pair inspection,病灶轮廓、内部色素结构及周围毛发或标尺组合不同，未见同一照片空间对应。,near_duplicate_review_external_half.json,209
ISIC_0021777,ISIC_0036258,4,distinct_images,f90bd6f1c19913add9ecf954b071f0c4159c27ac1bacac6ad55cecf2eff60cda,3dd5e72f771c85f3150caa116d762f70dfccb0d519a6a72c3cdb969287aea011,independent visual original RGB pair inspection,病灶轮廓、内部色素结构及周围毛发或标尺组合不同，未见同一照片空间对应。,near_duplicate_review_external_half.json,210
ISIC_0021777,ISIC_0036303,3,distinct_images,f90bd6f1c19913add9ecf954b071f0c4159c27ac1bacac6ad55cecf2eff60cda,dc6f4b19a0d618a4d977ba0e91ae5a2451514dcc6a27a3e1be60aa161d9c23fb,independent visual original RGB pair inspection,病灶轮廓、内部色素结构及周围毛发或标尺组合不同，未见同一照片空间对应。,near_duplicate_review_external_half.json,211
ISIC_0021932,ISIC_0022039,4,distinct_images,40e1c762ebcb741dd6946e6d62fa4114d47e9eeb235e3dc107e9401082de9e22,d352c02431fd3c9d9d1236614e139355750d9dd6fab9ee5ae4efa23c9fa5784e,independent visual original RGB pair inspection,病灶轮廓、内部色素结构及周围毛发或标尺组合不同，未见同一照片空间对应。,near_duplicate_review_external_half.json,212
ISIC_0021932,ISIC_0036166,4,distinct_images,40e1c762ebcb741dd6946e6d62fa4114d47e9eeb235e3dc107e9401082de9e22,14aa6248b6e2d6e7b215df61cd0a741ad24cde0da71db7ec9fdbb18c47681808,independent visual original RGB pair inspection,病灶轮廓、内部色素结构及周围毛发或标尺组合不同，未见同一照片空间对应。,near_duplicate_review_external_half.json,213
ISIC_0021952,ISIC_0022787,4,distinct_images,041d6654fa1d05f7bbc19d7da0d6e3b6e8477017ca5b8e67a92f8bcc601574e0,af7861b4a8e3f308c7e5636b72a604c0327cbf3739dc1f22991c33e7928a46b5,independent visual original RGB pair inspection,病灶轮廓、内部色素结构及周围毛发或标尺组合不同，未见同一照片空间对应。,near_duplicate_review_external_half.json,214
ISIC_0021952,ISIC_0023936,3,distinct_images,041d6654fa1d05f7bbc19d7da0d6e3b6e8477017ca5b8e67a92f8bcc601574e0,d53dbdd4d94c9261d2ff23bef10dfe39393b325f368882c2e16aac7f2a872f3f,independent visual original RGB pair inspection,病灶轮廓、内部色素结构及周围毛发或标尺组合不同，未见同一照片空间对应。,near_duplicate_review_external_half.json,215
ISIC_0021987,ISIC_0022650,4,distinct_images,11d5ba844f1428e6937e1f7e86c283d84aba4c6e5132c449927fcc2adb8b47db,9cfb9693716d74e46e546167befd7247d15a483e0cbaf3f452c55c03f7a301d3,independent visual original RGB pair inspection,病灶轮廓、内部色素结构及周围毛发或标尺组合不同，未见同一照片空间对应。,near_duplicate_review_external_half.json,216
ISIC_0021987,ISIC_0036303,3,distinct_images,11d5ba844f1428e6937e1f7e86c283d84aba4c6e5132c449927fcc2adb8b47db,dc6f4b19a0d618a4d977ba0e91ae5a2451514dcc6a27a3e1be60aa161d9c23fb,independent visual original RGB pair inspection,病灶轮廓、内部色素结构及周围毛发或标尺组合不同，未见同一照片空间对应。,near_duplicate_review_external_half.json,217
ISIC_0022342,ISIC_0036325,0,confirmed_same_image,40259775f0e4bb4f275540686ee971ce2be2c638c7cb11195e3e1c87840019ef,69af5aab2d21bff7dbc64302b07f01fbdd5750a40c8f06433e5c11febb4aa82c,independent visual original RGB pair inspection,圆形镜框、交叉弯曲毛发及浅粉色病灶完全对应。,near_duplicate_review_external_half.json,218
ISIC_0022381,ISIC_0036287,4,distinct_images,08a1c4edf666a08687d27cc2a201b946824cdf679901d6daf7a093ab85a69dc9,9d2ee65a539d8099adf9943b05ed74a45eb91dfa5063bcc68091072a83feacd3,independent visual original RGB pair inspection,病灶轮廓、内部色素结构及周围毛发或标尺组合不同，未见同一照片空间对应。,near_duplicate_review_external_half.json,219
ISIC_0022649,ISIC_0022650,4,uncertain,1a9c35d3b8a897e46769bde28d0f2d143b1d7d8e9454afeb2b313f3c40e8bf9e,9cfb9693716d74e46e546167befd7247d15a483e0cbaf3f452c55c03f7a301d3,independent visual original RGB pair inspection,病灶形态高度对应，但气泡与发丝位置不同，疑同病灶重复拍摄，不能确认同一照片。,near_duplicate_review_external_half.json,220
ISIC_0022650,ISIC_0036125,1,distinct_images,9cfb9693716d74e46e546167befd7247d15a483e0cbaf3f452c55c03f7a301d3,468bad0e755a10fd2a85cecbb4d5a4b212342cf586e7ac73993ad19dffe19c24,independent visual original RGB pair inspection,病灶轮廓、内部色素结构及周围毛发或标尺组合不同，未见同一照片空间对应。,near_duplicate_review_external_half.json,221
ISIC_0022650,ISIC_0036303,1,distinct_images,9cfb9693716d74e46e546167befd7247d15a483e0cbaf3f452c55c03f7a301d3,dc6f4b19a0d618a4d977ba0e91ae5a2451514dcc6a27a3e1be60aa161d9c23fb,independent visual original RGB pair inspection,病灶轮廓、内部色素结构及周围毛发或标尺组合不同，未见同一照片空间对应。,near_duplicate_review_external_half.json,222
ISIC_0022678,ISIC_0036189,0,confirmed_same_image,3825d0411960d18314a7ea4d85ec8ccc9d558bbd255fb6f987feef39edea9fe4,4ec6a669eb7caec53ddbffc3ada83e0280227064941e1a767e19f8dcdd5fa679,independent visual original RGB pair inspection,浅粉色皮肤中心的气泡与局部纹理完全对应。,near_duplicate_review_external_half.json,223
ISIC_0022787,ISIC_0023936,3,distinct_images,af7861b4a8e3f308c7e5636b72a604c0327cbf3739dc1f22991c33e7928a46b5,d53dbdd4d94c9261d2ff23bef10dfe39393b325f368882c2e16aac7f2a872f3f,independent visual original RGB pair inspection,病灶轮廓、内部色素结构及周围毛发或标尺组合不同，未见同一照片空间对应。,near_duplicate_review_external_half.json,224
ISIC_0022787,ISIC_0036166,2,distinct_images,af7861b4a8e3f308c7e5636b72a604c0327cbf3739dc1f22991c33e7928a46b5,14aa6248b6e2d6e7b215df61cd0a741ad24cde0da71db7ec9fdbb18c47681808,independent visual original RGB pair inspection,病灶轮廓、内部色素结构及周围毛发或标尺组合不同，未见同一照片空间对应。,near_duplicate_review_external_half.json,225
ISIC_0036125,ISIC_0036203,4,distinct_images,468bad0e755a10fd2a85cecbb4d5a4b212342cf586e7ac73993ad19dffe19c24,5950bfab8ed9cd7cd3dab40432490e2cf0dcc6facd643d854ae75bf55ce31427,independent visual original RGB pair inspection,病灶轮廓、内部色素结构及周围毛发或标尺组合不同，未见同一照片空间对应。,near_duplicate_review_external_half.json,226
ISIC_0036125,ISIC_0036287,4,distinct_images,468bad0e755a10fd2a85cecbb4d5a4b212342cf586e7ac73993ad19dffe19c24,9d2ee65a539d8099adf9943b05ed74a45eb91dfa5063bcc68091072a83feacd3,independent visual original RGB pair inspection,病灶轮廓、内部色素结构及周围毛发或标尺组合不同，未见同一照片空间对应。,near_duplicate_review_external_half.json,227
ISIC_0036125,ISIC_0036303,2,distinct_images,468bad0e755a10fd2a85cecbb4d5a4b212342cf586e7ac73993ad19dffe19c24,dc6f4b19a0d618a4d977ba0e91ae5a2451514dcc6a27a3e1be60aa161d9c23fb,independent visual original RGB pair inspection,病灶轮廓、内部色素结构及周围毛发或标尺组合不同，未见同一照片空间对应。,near_duplicate_review_external_half.json,228
ISIC_0036148,ISIC_0036258,4,distinct_images,04ae0be25552d204e3600e1cbec5332e26f8bb64602cfb2282f9848f77d1644b,3dd5e72f771c85f3150caa116d762f70dfccb0d519a6a72c3cdb969287aea011,independent visual original RGB pair inspection,病灶轮廓、内部色素结构及周围毛发或标尺组合不同，未见同一照片空间对应。,near_duplicate_review_external_half.json,229
ISIC_0036195,ISIC_0036196,4,distinct_images,a22dad818446ad4826efffbfd563bf3ced3f955460af4b59e6201a50090c615e,553807980c5058aeda0f475dd777420f19e1de2cf17f4f83d78accee10c0dffe,independent visual original RGB pair inspection,病灶轮廓、内部色素结构及周围毛发或标尺组合不同，未见同一照片空间对应。,near_duplicate_review_external_half.json,230
