protocol_id,seed,run_id,checkpoint_hash,subset,action,lambda,alpha,method,n_images,n_references,mean_gain,G_plus,H_minus,H_epsilon,any_harm,worst_reference_mean,worst_tail_10pct,worst_tail_n,sign_flip,sign_flip_n,sign_flip_exceed_subset,sign_flip_exceed_n,sign_flip_changed_subset,sign_flip_changed_n,H_epsilon_0p0,any_harm_0p0,H_epsilon_0p002,any_harm_0p002,H_epsilon_0p005,any_harm_0p005,H_epsilon_0p01,any_harm_0p01,dice,iou,thresholded_jaccard,bf1,bf1_025,bf1_1pct,hd95,hd95_normalized,loss,bce,soft_dice,loss_orig,pred_empty,gt_empty,both_empty,one_empty,dice_anchor,dice_D0,gain_dice,gain_loss,gain_vs_D0,fp_added,fn_added,fp_removed,fn_removed,message_rms,logit_delta_rms,changed_pixel_fraction,empty_prediction_count,empty_prediction_fraction,loss_negative_dice_neutral,zero_loss_negative_dice_negative,loss_positive_dice_neutral,zero_loss_positive_dice_positive,loss_negative_dice_negative,loss_positive_dice_positive,zero_loss_positive_dice_negative,zero_loss_negative_dice_positive,loss_positive_dice_negative,loss_negative_dice_positive,zero_loss_positive_dice_neutral,zero_loss_negative_dice_neutral,loss_neutral_dice_positive,loss_neutral_dice_neutral,loss_neutral_dice_negative,zero_loss_neutral_dice_positive,zero_loss_neutral_dice_neutral,zero_loss_neutral_dice_negative,split,interval_scope,dice_vs_anchor_difference,dice_vs_anchor_ci_low,dice_vs_anchor_ci_high,dice_vs_anchor_bootstrap_unit,dice_vs_anchor_bootstrap_units,dice_vs_anchor_bootstrap_repeats,dice_vs_anchor_bootstrap_seed,dice_vs_D0_difference,dice_vs_D0_ci_low,dice_vs_D0_ci_high,dice_vs_D0_bootstrap_unit,dice_vs_D0_bootstrap_units,dice_vs_D0_bootstrap_repeats,dice_vs_D0_bootstrap_seed,G_plus_vs_D0_difference,G_plus_vs_D0_ci_low,G_plus_vs_D0_ci_high,G_plus_vs_D0_bootstrap_unit,G_plus_vs_D0_bootstrap_units,G_plus_vs_D0_bootstrap_repeats,G_plus_vs_D0_bootstrap_seed,H_epsilon_vs_D0_difference,H_epsilon_vs_D0_ci_low,H_epsilon_vs_D0_ci_high,H_epsilon_vs_D0_bootstrap_unit,H_epsilon_vs_D0_bootstrap_units,H_epsilon_vs_D0_bootstrap_repeats,H_epsilon_vs_D0_bootstrap_seed,any_harm_vs_D0_difference,any_harm_vs_D0_ci_low,any_harm_vs_D0_ci_high,any_harm_vs_D0_bootstrap_unit,any_harm_vs_D0_bootstrap_units,any_harm_vs_D0_bootstrap_repeats,any_harm_vs_D0_bootstrap_seed,worst_reference_vs_D0_difference,worst_reference_vs_D0_ci_low,worst_reference_vs_D0_ci_high,worst_reference_vs_D0_bootstrap_unit,worst_reference_vs_D0_bootstrap_units,worst_reference_vs_D0_bootstrap_repeats,worst_reference_vs_D0_bootstrap_seed,workpoint_selected,workpoint_status
P2-IMA-M-v2,17,AbsHard-0.3,1bb49232e61e2f2ffbd03fe40aca323ab467cbf9f13bb0fa6ee1cb26a38b7a47,M,1.0,0.3,1.0,abs_hard,223,471,0.0029663431772398016,0.012401485111483484,0.009435141934243683,0.007346124920165713,0.6457399103139013,-0.013867016914487149,-0.06472355062860623,23,0.43946188340807174,223,0.49246231155778897,199,0.43946188340807174,223,0.009435141934243683,0.7892376681614349,0.008539496010114446,0.7354260089686099,0.007346124920165713,0.6457399103139013,0.005754144915445888,0.5022421524663677,0.8582183435384786,0.7751233179433982,0.6996711097355641,0.3806897829549996,0.21935977708328572,0.5811954324823033,187.37168666802097,0.052673899904237674,0.15428198419333125,0.15111155929681652,0.8425475904007866,0.1542463667328726,0.0,0.0,0.0,0.0,0.8552520003612387,0.858316915574831,0.0029663431772398016,0.0052692367679958736,-9.857203635238862e-05,42888.10201793722,24044.425261584456,27354.870702541102,41529.09529147981,0.5883356696711792,1.188784131878526,0.017130399437282118,0,0.0,0.07585949177877432,0.3778026905829606,0.14349775784753382,0.47272047832586095,0.3251121076233192,0.3785500747384166,0.09491778774289993,0.05007473841554559,0.04783258594917788,0.029147982062780263,0.002242152466367713,0.002242152466367713,0.0,0.0,0.0,0.0,0.0,0.0,val,exploratory selected-development outputs,0.0029663431772397986,0.0003851795455676712,0.005820378240311244,known_case_group,222,2000,17,-9.857203635238529e-05,-0.0005410593266909731,0.00033740583644641234,known_case_group,222,2000,17,-0.00015138715588717674,-0.0005649357559902048,0.0002712655079400312,known_case_group,222,2000,17,-7.607696183406306e-05,-0.0004175904333474949,0.00027938181682561554,known_case_group,222,2000,17,0.02242152466367713,-0.013392857142857142,0.05829596412556054,known_case_group,222,2000,17,-5.4433347873704464e-05,-0.000775058802573654,0.0006448854753253629,known_case_group,222,2000,17,False,eligible
P2-IMA-M-v2,17,AbsHard-0.3,1bb49232e61e2f2ffbd03fe40aca323ab467cbf9f13bb0fa6ee1cb26a38b7a47,H,1.0,0.3,1.0,abs_hard,47,104,0.011009970643734466,0.018802984208076655,0.007793013564342191,0.005953162637913468,0.6382978723404256,-0.007219107147092184,-0.05753608883583614,5,0.46808510638297873,47,0.5116279069767442,43,0.46808510638297873,47,0.007793013564342191,0.7446808510638298,0.007015882918181827,0.7021276595744681,0.005953162637913468,0.6382978723404256,0.004524427359643655,0.46808510638297873,0.8259681644857605,0.7355006536915129,0.6280920004370458,0.23799125139735672,0.1307798342864637,0.4221749160990466,192.7670981261406,0.06632714848454625,0.2091891334742202,0.22579566587971406,0.8074174009135012,0.2090757917277881,0.0,0.0,0.0,0.0,0.8149581938420262,0.8255253035873007,0.011009970643734466,0.010903672936062016,0.00044286089845998653,16245.152482269503,14869.751773049644,25350.567375886523,21902.677304964538,0.5796672178335618,1.5866684626306098,0.021346028785257085,0,0.0,0.08687943262411348,0.326241134751773,0.10460992907801418,0.48226950354609954,0.2872340425531914,0.40425531914893625,0.0797872340425532,0.10106382978723405,0.05319148936170213,0.06382978723404255,0.0,0.010638297872340425,0.0,0.0,0.0,0.0,0.0,0.0,val,exploratory selected-development outputs,0.011009970643734462,0.0040874363749263684,0.018922455161498975,known_case_group,47,2000,17,0.0004428608984599908,-0.0013592776603959167,0.002364551300377497,known_case_group,47,2000,17,0.0007760597672781501,-0.0009256227333378302,0.0026104114751287193,known_case_group,47,2000,17,0.00016544225684977517,-0.0006018386624901389,0.0009475206320741666,known_case_group,47,2000,17,0.06382978723404255,0.0,0.14893617021276595,known_case_group,47,2000,17,4.736539478804284e-07,-0.002193417874522008,0.0022973443244140124,known_case_group,47,2000,17,False,
P2-IMA-M-v2,17,AbsHard-0.3,1bb49232e61e2f2ffbd03fe40aca323ab467cbf9f13bb0fa6ee1cb26a38b7a47,T1,1.0,0.3,1.0,abs_hard,20,49,0.007233660836244896,0.013740790719891118,0.006507129883646224,0.004734815495693823,0.6,-0.006133579401862199,-0.0628013211570232,2,0.35,20,0.3888888888888889,18,0.35,20,0.006507129883646224,0.65,0.0057634551122245446,0.6,0.004734815495693823,0.6,0.00344551448340842,0.4,0.854880769297847,0.7739013591070487,0.6860803941279412,0.25089873074404767,0.13604104329052763,0.4461995568170405,129.89082033808023,0.0635255867993102,0.20329404838072757,0.2513221204979345,0.8447340231388807,0.20300315403849942,0.0,0.0,0.0,0.0,0.847647108461602,0.8554848208728814,0.007233660836244896,0.0014913550422837336,-0.0006040515750346165,2373.7666666666664,9085.716666666665,4856.9333333333325,10583.883333333333,0.5698417028394093,1.2426161049277546,0.024838447895517004,0,0.0,0.07916666666666666,0.35833333333333345,0.12083333333333335,0.4916666666666668,0.34166666666666673,0.40833333333333344,0.037500000000000006,0.11249999999999999,0.0,0.05,0.0,0.0,0.0,0.0,0.0,0.0,0.0,0.0,val,exploratory selected-development outputs,0.007233660836244893,-0.00031375089666305447,0.016552961431690008,known_case_group,20,2000,17,-0.0006040515750346143,-0.003469761648919214,0.001424692490194533,known_case_group,20,2000,17,-0.0008563659669376458,-0.0029647388889616415,0.0007926117610429325,known_case_group,20,2000,17,-0.000462761033964154,-0.001055310188831355,5.682741091736874e-05,known_case_group,20,2000,17,0.05,0.0,0.15,known_case_group,20,2000,17,0.00027864772590666386,-0.002875970980162142,0.0026314786813674304,known_case_group,20,2000,17,False,
P2-IMA-M-v2,17,AbsHard-1,cdfa7966292d334f35a671cfb33ac823ef2f659d99670c319a635c2b862fa168,M,1.0,1.0,1.0,abs_hard,223,471,0.0029093520780139022,0.012182584223945775,0.009273232145931874,0.00716316146250508,0.6547085201793722,-0.013854893480897293,-0.0628710036682402,23,0.43946188340807174,223,0.49746192893401014,197,0.43946188340807174,223,0.009273232145931874,0.7937219730941704,0.008363717081676844,0.7354260089686099,0.00716316146250508,0.6547085201793722,0.005629789427127676,0.4663677130044843,0.8581613524392527,0.7749367044539529,0.7009348335129492,0.378906005225702,0.21750438540109954,0.5807728903112103,187.064115776693,0.052854549386701456,0.15431437207669887,0.1501098931697876,0.8414811485891788,0.15427834425029646,0.0,0.0,0.0,0.0,0.8552520003612387,0.858316915574831,0.0029093520780139022,0.0052368488846282705,-0.00015556313557828807,41677.25560538117,22926.656576980564,27478.477952167414,42526.273542600895,0.5726872168179094,1.1431474127379013,0.016678240650879503,0,0.0,0.08819133034379677,0.39125560538116694,0.14275037369207794,0.4686098654708534,0.32174887892376763,0.37780269058296073,0.09828101644245148,0.03736920777279522,0.04857997010463379,0.020926756352765318,0.002242152466367713,0.002242152466367713,0.0,0.0,0.0,0.0,0.0,0.0,val,exploratory selected-development outputs,0.002909352078013895,0.0003726028083298048,0.005640896057378606,known_case_group,222,2000,17,-0.00015556313557828883,-0.0007475770667589066,0.0004405988138437754,known_case_group,222,2000,17,-0.00037028804342488617,-0.0008717091798013466,0.00013195090221255988,known_case_group,222,2000,17,-0.0002590404194946946,-0.0007722675495243793,0.00022092202564899104,known_case_group,222,2000,17,0.03139013452914798,-0.004613130829944983,0.07081226295828057,known_case_group,222,2000,17,-4.2309914283848145e-05,-0.0008891963655312577,0.0008846839810441549,known_case_group,222,2000,17,True,eligible
P2-IMA-M-v2,17,AbsHard-1,cdfa7966292d334f35a671cfb33ac823ef2f659d99670c319a635c2b862fa168,H,1.0,1.0,1.0,abs_hard,47,104,0.009820282612146718,0.017945359687880746,0.008125077075734023,0.00631058909241119,0.6170212765957447,-0.008581806775815451,-0.0579401532653651,5,0.44680851063829785,47,0.5121951219512195,41,0.44680851063829785,47,0.008125077075734023,0.7021276595744681,0.00735814548291441,0.6382978723404256,0.00631058909241119,0.6170212765957447,0.004898969265287216,0.48936170212765956,0.8247784764541731,0.7339030042158788,0.6273966228475863,0.23555781582789448,0.13007507870367366,0.42070362209476203,193.88510036701197,0.06726715174345035,0.20974274667257325,0.22489337791880287,0.805407883369221,0.20962481679126718,0.0,0.0,0.0,0.0,0.8149581938420262,0.8255253035873007,0.009820282612146718,0.010350059737708974,-0.000746827133127759,16653.312056737588,14750.439716312056,22403.666666666664,21791.475177304965,0.5722945728914727,1.541097073134854,0.021244022775453245,0,0.0,0.07801418439716312,0.3085106382978723,0.12943262411347517,0.49645390070922013,0.2641843971631204,0.397163120567376,0.10106382978723405,0.08333333333333334,0.07092198581560283,0.060283687943262415,0.0,0.010638297872340425,0.0,0.0,0.0,0.0,0.0,0.0,val,exploratory selected-development outputs,0.009820282612146713,0.003751128189306563,0.01683171111691833,known_case_group,47,2000,17,-0.0007468271331277578,-0.002294829324148584,0.0007142095401094752,known_case_group,47,2000,17,-8.156475291776262e-05,-0.0016117475318586083,0.0013432790284842115,known_case_group,47,2000,17,0.0005228687113474976,-6.279840991932486e-05,0.0011458656609063093,known_case_group,47,2000,17,0.0425531914893617,-0.0425531914893617,0.1276595744680851,known_case_group,47,2000,17,-0.0013622259747753881,-0.0030899180124188547,0.00040100110410692095,known_case_group,47,2000,17,False,
P2-IMA-M-v2,17,AbsHard-1,cdfa7966292d334f35a671cfb33ac823ef2f659d99670c319a635c2b862fa168,T1,1.0,1.0,1.0,abs_hard,20,49,0.007449121648449887,0.014177324067248259,0.006728202418798371,0.005022528983383801,0.5,-0.006240555391192046,-0.05977411960025053,2,0.35,20,0.4375,16,0.35,20,0.006728202418798371,0.65,0.0059592865010663675,0.55,0.005022528983383801,0.5,0.0037734629835313,0.45,0.8550962301100518,0.7734620738252632,0.6844772574833724,0.24887977537126074,0.13377342556589633,0.4434902917075297,130.46280804773323,0.06431094356777486,0.20161251573202507,0.24800253808498382,0.8447775037338335,0.20132064693658153,0.0,0.0,0.0,0.0,0.847647108461602,0.8554848208728814,0.007449121648449887,0.0031728876909861954,-0.00038859076282962474,2601.025,9486.041666666666,4897.008333333333,11236.175,0.561926927045998,1.2189828975937442,0.02611603791063947,0,0.0,0.10833333333333332,0.3333333333333334,0.12916666666666668,0.47500000000000014,0.25416666666666665,0.4166666666666668,0.09583333333333333,0.09583333333333333,0.025,0.06666666666666667,0.0,0.0,0.0,0.0,0.0,0.0,0.0,0.0,val,exploratory selected-development outputs,0.007449121648449889,-0.00016673006549322778,0.017151672129034352,known_case_group,20,2000,17,-0.00038859076282961866,-0.00321906264455758,0.0021481198206429793,known_case_group,20,2000,17,-0.0004198326195805079,-0.0028875590826595967,0.001862818663179534,known_case_group,20,2000,17,-0.00017504754627417645,-0.000984725815134151,0.0006385162370544053,known_case_group,20,2000,17,-0.05,-0.15,0.0,known_case_group,20,2000,17,0.00017167173657681723,-0.002783515690580554,0.0028106134277066665,known_case_group,20,2000,17,False,
P2-IMA-M-v2,17,AbsHard-3,167735cb85f00b7056ab69523f26cde7226084830c6d5529c7f927a17e785c34,M,1.0,3.0,1.0,abs_hard,223,471,0.0028547329184783355,0.0123673084634955,0.009512575545017162,0.00747257022098635,0.6457399103139013,-0.01440579081377729,-0.0651159040008051,23,0.4260089686098655,223,0.49222797927461137,193,0.4260089686098655,223,0.009512575545017162,0.7982062780269058,0.008620172178007033,0.7219730941704036,0.00747257022098635,0.6457399103139013,0.005910832894461723,0.5112107623318386,0.8581067332797172,0.7747637222657211,0.7021643630125695,0.3764452414099583,0.21590764756206973,0.579866091378766,187.08616754808764,0.05294371699911554,0.15413324439951032,0.14868312397363048,0.8404166332293148,0.15410315562174917,0.0,0.0,0.0,0.0,0.8552520003612387,0.858316915574831,0.0028547329184783355,0.0054179765618168185,-0.0002101822951138541,42827.97533632287,22428.236173393125,27426.826606875933,43630.791479820626,0.5730006677995627,1.142888620596543,0.01675823698053273,0,0.0,0.08931240657698063,0.3819133034379681,0.16367713004484327,0.4734678624813168,0.31016442451420106,0.3632286995515705,0.09977578475336328,0.04035874439461883,0.04857997010463379,0.02503736920777279,0.002242152466367713,0.002242152466367713,0.0,0.0,0.0,0.0,0.0,0.0,val,exploratory selected-development outputs,0.002854732918478334,0.0002695194432107217,0.0055675823426625136,known_case_group,222,2000,17,-0.00021018229511384962,-0.0010550220171175767,0.0006515690190186695,known_case_group,222,2000,17,-0.00018556380387516058,-0.0009231950901177874,0.0005696340812791952,known_case_group,222,2000,17,5.036833898657554e-05,-0.0006258015826480647,0.0007114531149041814,known_case_group,222,2000,17,0.02242152466367713,-0.02690885953217792,0.07174887892376682,known_case_group,222,2000,17,-0.0005932072471638464,-0.0018681340788704588,0.0006818689956059976,known_case_group,222,2000,17,False,eligible
P2-IMA-M-v2,17,AbsHard-3,167735cb85f00b7056ab69523f26cde7226084830c6d5529c7f927a17e785c34,H,1.0,3.0,1.0,abs_hard,47,104,0.010231505696524435,0.019198679497106564,0.008967173800582127,0.007073613339463619,0.6595744680851063,-0.009757223482638683,-0.05979281636678981,5,0.44680851063829785,47,0.4883720930232558,43,0.44680851063829785,47,0.008967173800582127,0.7446808510638298,0.008161937158750509,0.7021276595744681,0.007073613339463619,0.6595744680851063,0.005578120524025976,0.5319148936170213,0.8251896995385507,0.7343955272401317,0.6279488603298644,0.23517196422295472,0.1287091998107257,0.42142924857568687,194.97003863890285,0.06834584347357686,0.20853052654217746,0.22170366368385314,0.8046426083711266,0.20841981343077567,0.0,0.0,0.0,0.0,0.8149581938420262,0.8255253035873007,0.010231505696524435,0.01156227986810478,-0.00033560404875004077,18220.292553191488,14954.81914893617,22036.77659574468,23760.19680851064,0.5747720665350741,1.5355427507845694,0.021635164651032317,0,0.0,0.06382978723404255,0.32978723404255317,0.12411347517730496,0.4964539007092202,0.28368794326241126,0.4078014184397164,0.09574468085106383,0.0673758865248227,0.060283687943262415,0.060283687943262415,0.0,0.010638297872340425,0.0,0.0,0.0,0.0,0.0,0.0,val,exploratory selected-development outputs,0.010231505696524437,0.0038959762758254512,0.017346482661253455,known_case_group,47,2000,17,-0.00033560404875003356,-0.002872040922689935,0.0022295832243384955,known_case_group,47,2000,17,0.0011717550563080602,-0.0013439438909030503,0.0034992606702353235,known_case_group,47,2000,17,0.0012858929583999265,0.0004718199210435899,0.0021195309717935472,known_case_group,47,2000,17,0.0851063829787234,0.02127659574468085,0.1702127659574468,known_case_group,47,2000,17,-0.0025376426815986175,-0.005273658726864013,0.00018179279166405076,known_case_group,47,2000,17,False,
P2-IMA-M-v2,17,AbsHard-3,167735cb85f00b7056ab69523f26cde7226084830c6d5529c7f927a17e785c34,T1,1.0,3.0,1.0,abs_hard,20,49,0.008554076422811906,0.015790324677949316,0.00723624825513741,0.0053894882771641645,0.6,-0.005664157488696764,-0.05966877537238613,2,0.35,20,0.3888888888888889,18,0.35,20,0.00723624825513741,0.65,0.0064583354713519895,0.6,0.0053894882771641645,0.6,0.003984275193302859,0.5,0.8562011848844138,0.7747919007502613,0.6852929071759424,0.2500160605090202,0.13411356525965576,0.44404930795597125,129.3835549963855,0.06372776348159369,0.1986250660692652,0.24191957678024964,0.8446694428722065,0.1983496292823106,0.0,0.0,0.0,0.0,0.847647108461602,0.8554848208728814,0.008554076422811906,0.006160337353746097,0.0007163640115323934,2896.4875,9092.416666666668,4854.233333333334,12620.8625,0.5661951692756009,1.216820715204383,0.0263704217618713,0,0.0,0.05,0.32500000000000007,0.15,0.5166666666666668,0.2916666666666667,0.43333333333333346,0.09166666666666667,0.06666666666666667,0.025,0.05,0.0,0.0,0.0,0.0,0.0,0.0,0.0,0.0,val,exploratory selected-development outputs,0.008554076422811913,0.00010773250356802817,0.019260635968820793,known_case_group,20,2000,17,0.0007163640115324055,-0.003906209529399607,0.005074354123921889,known_case_group,20,2000,17,0.00119316799112055,-0.002108193610089533,0.005123437057665574,known_case_group,20,2000,17,0.00019191174750618733,-0.0008932095056173937,0.001321017145405436,known_case_group,20,2000,17,0.05,0.0,0.15,known_case_group,20,2000,17,0.0007480696390720992,-0.00384662966686572,0.00501827865995774,known_case_group,20,2000,17,False,
P2-IMA-M-v2,17,B,1703ca22a1c39afeca05ffd0c12fe01606f41d5af81442d20102f130cc2ca491,M,1.0,0.0,1.0,b,223,471,0.0031217520805409188,0.011903312882738803,0.008781560802197882,0.0067438898745179774,0.600896860986547,-0.012942089849007299,-0.06193025400077063,23,0.40358744394618834,223,0.4787234042553192,188,0.40358744394618834,223,0.008781560802197882,0.8116591928251121,0.007873825860984897,0.7219730941704036,0.0067438898745179774,0.600896860986547,0.005269160390665608,0.45739910313901344,0.8583737524417797,0.7755375099324165,0.6987280789928993,0.3806204766280753,0.219428350090096,0.5815666348788837,187.44914237683105,0.052788022730477224,0.15468505128204646,0.15215047356524325,0.8427803697651756,0.15466196949653355,0.0,0.0,0.0,0.0,0.8552520003612387,0.858316915574831,0.0031217520805409188,0.004866169679280711,5.6836866948728446e-05,48452.69730941703,15074.58258594918,19760.031763826606,45846.33856502243,0.5448845091851863,1.1220629092472727,0.016037291036094116,0,0.0,0.10426008968609872,0.39088191330343897,0.17563527653213779,0.46636771300448565,0.29970104633781836,0.35650224215246734,0.10164424514200306,0.03662182361733931,0.03811659192825112,0.02578475336322869,0.002242152466367713,0.002242152466367713,0.0,0.0,0.0,0.0,0.0,0.0,val,exploratory selected-development outputs,0.0031217520805409127,0.000676849629290171,0.005776971289877636,known_case_group,222,2000,17,5.683686694872837e-05,-0.0006281059306919971,0.0007217008173740612,known_case_group,222,2000,17,-0.0006495593846318582,-0.0013459368558496297,0.0001289691781275519,known_case_group,222,2000,17,-0.0006783120074817978,-0.0012915397831382044,-4.2437444682484046e-05,known_case_group,222,2000,17,-0.02242152466367713,-0.07174887892376682,0.026785714285714284,known_case_group,222,2000,17,0.0008704937176061457,-0.0004354979885211579,0.0020762608572811782,known_case_group,222,2000,17,False,
P2-IMA-M-v2,17,Anchor,1703ca22a1c39afeca05ffd0c12fe01606f41d5af81442d20102f130cc2ca491,M,0.0,0.0,0.0,anchor,223,471,0.0,0.0,0.0,0.0,0.0,0.0,0.0,23,0.0,223,nan,0,nan,0,0.0,0.0,0.0,0.0,0.0,0.0,0.0,0.0,0.8552520003612387,0.7712988339685611,0.689989287840007,0.3886079197875741,0.2238025948857011,0.5797458381689296,187.64819463248088,0.053639315683159126,0.15955122096132718,0.14955452714806738,0.8304520855019375,0.15951223071780027,0.0,0.0,0.0,0.0,0.8552520003612387,0.858316915574831,0.0,0.0,-0.0030649152135921896,0.0,0.0,0.0,0.0,0.0,0.0,0.0,0,0.0,0.0,0.0,0.0,0.0,0.0,0.0,0.0,0.0,0.0,0.0,0.0,0.0,0.0,1.0000000000000007,0.0,0.0,1.0000000000000007,0.0,val,exploratory selected-development outputs,0.0,0.0,0.0,known_case_group,222,2000,17,-0.003064915213592184,-0.005960417091519355,-0.00044952275667436314,known_case_group,222,2000,17,-0.012552872267370662,-0.015159721823721342,-0.010398665699488843,known_case_group,222,2000,17,-0.0074222018819997725,-0.008905656402203414,-0.006067176422306309,known_case_group,222,2000,17,-0.6233183856502242,-0.6846846846846847,-0.5585585585585585,known_case_group,222,2000,17,0.013812583566613443,0.01065539650038222,0.016963117198871426,known_case_group,222,2000,17,False,
P2-IMA-M-v2,17,B,1703ca22a1c39afeca05ffd0c12fe01606f41d5af81442d20102f130cc2ca491,H,1.0,0.0,1.0,b,47,104,0.009993568115628446,0.017659298311039982,0.00766573019541154,0.005872287924145452,0.6170212765957447,-0.007889383974134233,-0.056630292500970694,5,0.46808510638297873,47,0.5365853658536586,41,0.46808510638297873,47,0.00766573019541154,0.7446808510638298,0.0069043257487009894,0.6595744680851063,0.005872287924145452,0.6170212765957447,0.00451180938283945,0.46808510638297873,0.8249517619576547,0.7345991190929028,0.6284498412238376,0.23985451063058896,0.13438469739803055,0.42557127161363173,193.52791836578774,0.06680448220777924,0.20995943423968255,0.22682872391677403,0.8069098554220442,0.20984968788573943,0.0,0.0,0.0,0.0,0.8149581938420262,0.8255253035873007,0.009993568115628446,0.01013337217059964,-0.0005735416296460328,19734.464539007095,9419.597517730495,19592.0195035461,23105.343971631206,0.5377559301057929,1.547586181999415,0.01963846897148298,0,0.0,0.06914893617021277,0.3191489361702127,0.15425531914893614,0.4840425531914896,0.2659574468085105,0.3794326241134752,0.10283687943262412,0.08333333333333334,0.05319148936170213,0.07801418439716312,0.0,0.010638297872340425,0.0,0.0,0.0,0.0,0.0,0.0,val,exploratory selected-development outputs,0.009993568115628432,0.0037883107353703553,0.017275204270694726,known_case_group,47,2000,17,-0.00057354162964604,-0.0025199253591759604,0.0011262863862678523,known_case_group,47,2000,17,-0.0003676261297585192,-0.0021847171861440148,0.0012880841330523453,known_case_group,47,2000,17,8.456754308176065e-05,-0.0009464580413781564,0.0012504008856793346,known_case_group,47,2000,17,0.0425531914893617,0.0,0.10638297872340426,known_case_group,47,2000,17,-0.0006698031730941683,-0.003324583416216158,0.0018091088790669013,known_case_group,47,2000,17,False,
P2-IMA-M-v2,17,Anchor,1703ca22a1c39afeca05ffd0c12fe01606f41d5af81442d20102f130cc2ca491,H,0.0,0.0,0.0,anchor,47,104,0.0,0.0,0.0,0.0,0.0,0.0,0.0,5,0.0,47,nan,0,nan,0,0.0,0.0,0.0,0.0,0.0,0.0,0.0,0.0,0.8149581938420262,0.722216178015042,0.610136492624857,0.24001946218359105,0.13496483836013265,0.4127066241775352,204.36709473738685,0.07160556074306546,0.22009280641028223,0.2212892971785924,0.7811036847494848,0.22000206158386001,0.0,0.0,0.0,0.0,0.8149581938420262,0.8255253035873007,0.0,0.0,-0.010567109745274477,0.0,0.0,0.0,0.0,0.0,0.0,0.0,0,0.0,0.0,0.0,0.0,0.0,0.0,0.0,0.0,0.0,0.0,0.0,0.0,0.0,0.0,0.9999999999999984,0.0,0.0,0.9999999999999984,0.0,val,exploratory selected-development outputs,0.0,0.0,0.0,known_case_group,47,2000,17,-0.01056710974527447,-0.017965677084707997,-0.004351990530580878,known_case_group,47,2000,17,-0.018026924440798505,-0.02480176095947219,-0.012031511428884407,known_case_group,47,2000,17,-0.005787720381063693,-0.008095028043232713,-0.003696414761083283,known_case_group,47,2000,17,-0.574468085106383,-0.723404255319149,-0.425531914893617,known_case_group,47,2000,17,0.007219580801040064,-0.0021517169594449754,0.016487109063002096,known_case_group,47,2000,17,False,
P2-IMA-M-v2,17,B,1703ca22a1c39afeca05ffd0c12fe01606f41d5af81442d20102f130cc2ca491,T1,1.0,0.0,1.0,b,20,49,0.007292400753814125,0.013768162358729411,0.006475761604915285,0.004739870690619865,0.6,-0.006438286890669026,-0.057064675499188255,2,0.35,20,0.3888888888888889,18,0.35,20,0.006475761604915285,0.7,0.005755915320946241,0.6,0.004739870690619865,0.6,0.003461538387812369,0.45,0.8549395092154161,0.7740840494980071,0.6862655069738246,0.25411697158653124,0.1389961722937671,0.4512309198143914,130.05619320443256,0.06352511734441721,0.20327782553310197,0.2523083035911744,0.8457526534795761,0.20298447368128306,0.0,0.0,0.0,0.0,0.847647108461602,0.8554848208728814,0.007292400753814125,0.0015075778899093465,-0.0005453116574653867,2689.1583333333333,7740.445833333333,4547.704166666666,10081.641666666666,0.5267752342620232,1.1998806236994688,0.02365128216885801,0,0.0,0.0875,0.36666666666666675,0.1375,0.4708333333333335,0.2916666666666667,0.35000000000000003,0.04166666666666667,0.12083333333333332,0.025,0.10833333333333334,0.0,0.0,0.0,0.0,0.0,0.0,0.0,0.0,val,exploratory selected-development outputs,0.00729240075381411,-5.785767401575527e-05,0.01646403835944091,known_case_group,20,2000,17,-0.0005453116574653972,-0.003858781941592379,0.0019038942189704103,known_case_group,20,2000,17,-0.0008289943280993552,-0.003230880853355134,0.0009441574825378544,known_case_group,20,2000,17,-0.0004577058390381115,-0.0012154612493349068,0.00025857947886832736,known_case_group,20,2000,17,0.05,0.0,0.15,known_case_group,20,2000,17,-2.6059762900162987e-05,-0.0034241448368269862,0.002750948579615964,known_case_group,20,2000,17,False,
P2-IMA-M-v2,17,Anchor,1703ca22a1c39afeca05ffd0c12fe01606f41d5af81442d20102f130cc2ca491,T1,0.0,0.0,0.0,anchor,20,49,0.0,0.0,0.0,0.0,0.0,0.0,0.0,2,0.0,20,nan,0,nan,0,0.0,0.0,0.0,0.0,0.0,0.0,0.0,0.0,0.847647108461602,0.762493513549044,0.67527476964469,0.23388609452810988,0.13048392727678376,0.4147215520463618,135.89430343440048,0.06622242439280127,0.2047854034230113,0.24316759017917017,0.8335967816412448,0.2044637444419212,0.0,0.0,0.0,0.0,0.847647108461602,0.8554848208728814,0.0,0.0,-0.00783771241127951,0.0,0.0,0.0,0.0,0.0,0.0,0.0,0,0.0,0.0,0.0,0.0,0.0,0.0,0.0,0.0,0.0,0.0,0.0,0.0,0.0,0.0,1.0000000000000007,0.0,0.0,1.0000000000000007,0.0,val,exploratory selected-development outputs,0.0,0.0,0.0,known_case_group,20,2000,17,-0.007837712411279507,-0.01719173644684905,-0.0003490963061150778,known_case_group,20,2000,17,-0.014597156686828766,-0.02294952166230337,-0.008242775090707581,known_case_group,20,2000,17,-0.005197576529657977,-0.008569292947136308,-0.00228050623152767,known_case_group,20,2000,17,-0.55,-0.75,-0.35,known_case_group,20,2000,17,0.006412227127768863,-0.0071433926278214885,0.019197861758163313,known_case_group,20,2000,17,False,
P2-IMA-M-v2,17,D0,6e0811712543811a10b6cde1ec29db65b7bb4f25142c6991f2738d3d5c073f0a,M,1.0,0.0,1.0,d0,223,471,0.0030649152135921896,0.012552872267370662,0.009487957053778473,0.0074222018819997725,0.6233183856502242,-0.013812583566613443,-0.06666460902230338,23,0.42152466367713004,223,0.48205128205128206,195,0.42152466367713004,223,0.009487957053778473,0.7847533632286996,0.008594419909036416,0.7309417040358744,0.0074222018819997725,0.6233183856502242,0.005835094162595868,0.5112107623318386,0.858316915574831,0.7752951481186273,0.6953457042321619,0.3803099174830215,0.21931091895986743,0.5812617008170544,186.71883120506132,0.052603580986980106,0.1539851270312574,0.14980114680215137,0.841830892524535,0.15395645851260165,0.0,0.0,0.0,0.0,0.8552520003612387,0.858316915574831,0.0030649152135921896,0.00556609393006973,0.0,44658.63826606876,22850.47346786248,27008.185724962634,43215.56352765321,0.5537203169380424,1.1581989799741819,0.017116719721224975,0,0.0,0.08034379671150975,0.37369207772795315,0.15620328849028423,0.4775784753363243,0.31539611360239245,0.38116591928251226,0.10089686098654717,0.043348281016442454,0.043348281016442454,0.02354260089686098,0.002242152466367713,0.002242152466367713,0.0,0.0,0.0,0.0,0.0,0.0,val,exploratory selected-development outputs,0.003064915213592184,0.0004495227566743582,0.0059604170915193485,known_case_group,222,2000,17,0.0,0.0,0.0,known_case_group,222,2000,17,0.0,0.0,0.0,known_case_group,222,2000,17,0.0,0.0,0.0,known_case_group,222,2000,17,0.0,0.0,0.0,known_case_group,222,2000,17,0.0,0.0,0.0,known_case_group,222,2000,17,True,
P2-IMA-M-v2,17,D0,6e0811712543811a10b6cde1ec29db65b7bb4f25142c6991f2738d3d5c073f0a,H,1.0,0.0,1.0,d0,47,104,0.010567109745274477,0.018026924440798505,0.007459814695524027,0.005787720381063693,0.574468085106383,-0.007219580801040064,-0.05794142116732668,5,0.44680851063829785,47,0.5121951219512195,41,0.44680851063829785,47,0.007459814695524027,0.7021276595744681,0.006748207026063355,0.6595744680851063,0.005787720381063693,0.574468085106383,0.00439432111961448,0.5106382978723404,0.8255253035873007,0.7350900907206728,0.6209810422844424,0.2403868682310032,0.133263234458589,0.4251556828737232,193.33473550692392,0.06673486552728539,0.2089820848976044,0.22406689796170734,0.8061027287175169,0.20886263439558078,0.0,0.0,0.0,0.0,0.8149581938420262,0.8255253035873007,0.010567109745274477,0.011110721512677823,0.0,16426.77659574468,14412.64716312057,24745.629432624115,21186.351063829785,0.5511957602828149,1.561624850728891,0.02152789912581525,0,0.0,0.0549645390070922,0.28368794326241126,0.15780141843971626,0.5354609929078017,0.2446808510638297,0.41489361702127675,0.09042553191489362,0.0797872340425532,0.05319148936170213,0.07446808510638298,0.0,0.010638297872340425,0.0,0.0,0.0,0.0,0.0,0.0,val,exploratory selected-development outputs,0.01056710974527447,0.004351990530580875,0.01796567708470799,known_case_group,47,2000,17,0.0,0.0,0.0,known_case_group,47,2000,17,0.0,0.0,0.0,known_case_group,47,2000,17,0.0,0.0,0.0,known_case_group,47,2000,17,0.0,0.0,0.0,known_case_group,47,2000,17,0.0,0.0,0.0,known_case_group,47,2000,17,False,
P2-IMA-M-v2,17,D0,6e0811712543811a10b6cde1ec29db65b7bb4f25142c6991f2738d3d5c073f0a,T1,1.0,0.0,1.0,d0,20,49,0.00783771241127951,0.014597156686828766,0.006759444275549255,0.005197576529657977,0.55,-0.006412227127768863,-0.06454127006817767,2,0.35,20,0.3888888888888889,18,0.35,20,0.006759444275549255,0.6,0.006107265805132482,0.55,0.005197576529657977,0.55,0.003879365166870754,0.45,0.8554848208728814,0.7744003509217026,0.6853174809618701,0.2537101814259652,0.13630878642372002,0.44801352516778836,129.85992451379303,0.06364091315807203,0.201767320279032,0.2491297678090632,0.8455951280891896,0.20145208314800261,0.0,0.0,0.0,0.0,0.847647108461602,0.8554848208728814,0.00783771241127951,0.0030180831439793115,0.0,2598.5583333333334,9408.420833333334,5138.329166666666,10736.391666666666,0.5435935532872397,1.264414377682803,0.02656947265971899,0,0.0,0.029166666666666667,0.3083333333333334,0.14583333333333334,0.5416666666666667,0.2916666666666667,0.4333333333333334,0.037500000000000006,0.11249999999999999,0.0,0.09999999999999999,0.0,0.0,0.0,0.0,0.0,0.0,0.0,0.0,val,exploratory selected-development outputs,0.007837712411279507,0.0003490963061150688,0.017191736446849036,known_case_group,20,2000,17,0.0,0.0,0.0,known_case_group,20,2000,17,0.0,0.0,0.0,known_case_group,20,2000,17,0.0,0.0,0.0,known_case_group,20,2000,17,0.0,0.0,0.0,known_case_group,20,2000,17,0.0,0.0,0.0,known_case_group,20,2000,17,False,
P2-IMA-M-v2,17,MeanHinge-0.3,e5de11536b6fb3180d4dba34150e15fe67b211f2258af0f0228b90027fe97eab,M,1.0,0.3,1.0,mean_hinge,223,471,0.003098565677874918,0.012479487773661885,0.009380922095786969,0.0073248646533767645,0.6188340807174888,-0.013631765392784673,-0.0660497236877129,23,0.42152466367713004,223,0.48205128205128206,195,0.42152466367713004,223,0.009380922095786969,0.7847533632286996,0.008489234966622117,0.7219730941704036,0.0073248646533767645,0.6188340807174888,0.005749745131782404,0.5067264573991032,0.8583505660391136,0.7753701940352705,0.6954209896199842,0.38071199348030343,0.21971679237668637,0.5815250474321073,186.75552996773888,0.05261988810867203,0.15392661752995043,0.1496736694489096,0.8418204350922848,0.15389843826396293,0.0,0.0,0.0,0.0,0.8552520003612387,0.858316915574831,0.003098565677874918,0.00562460343137673,3.365046428272728e-05,44251.1793721973,22592.65022421525,26810.950672645737,42939.080717488796,0.5470416175014153,1.1499456751505908,0.016999918918974316,0,0.0,0.08183856502242155,0.375186846038865,0.15695067264574014,0.48206278026905974,0.3131539611360247,0.3826606875934241,0.09715994020926765,0.041106128550074734,0.04185351270553064,0.02354260089686098,0.002242152466367713,0.002242152466367713,0.0,0.0,0.0,0.0,0.0,0.0,val,exploratory selected-development outputs,0.003098565677874915,0.0005536352976980499,0.0059876815449764415,known_case_group,222,2000,17,3.365046428273051e-05,-3.456470579869802e-05,0.00010562714059500086,known_case_group,222,2000,17,-7.338449370877621e-05,-0.00013726198942730114,-3.905398663605839e-06,known_case_group,222,2000,17,-9.733722862301008e-05,-0.00016055077200123618,-3.0660876135748594e-05,known_case_group,222,2000,17,-0.004484304932735426,-0.02242152466367713,0.009009009009009009,known_case_group,222,2000,17,0.00018081817382877314,4.94859961222081e-05,0.0002959275768664301,known_case_group,222,2000,17,False,eligible
P2-IMA-M-v2,17,MeanHinge-0.3,e5de11536b6fb3180d4dba34150e15fe67b211f2258af0f0228b90027fe97eab,H,1.0,0.3,1.0,mean_hinge,47,104,0.010563856794896666,0.01799132092442392,0.007427464129527255,0.005753009450717068,0.574468085106383,-0.007145180014957062,-0.05785536401455389,5,0.44680851063829785,47,0.5,42,0.44680851063829785,47,0.007427464129527255,0.7021276595744681,0.00671184942804416,0.6595744680851063,0.005753009450717068,0.574468085106383,0.004363183424856056,0.5106382978723404,0.8255220506369227,0.7350948413639365,0.6209995661894835,0.24008422622840617,0.13313109976431642,0.4250322837082157,193.3576268357681,0.06673941535441294,0.2089306260954509,0.2239471259881934,0.8060858741688234,0.20881111665523897,0.0,0.0,0.0,0.0,0.8149581938420262,0.8255253035873007,0.010563856794896666,0.011162180314831276,-3.2529503778121825e-06,16391.54964539007,14283.156028368792,24599.567375886523,21109.322695035462,0.5461321411804487,1.5533216028421595,0.021416428490658872,0,0.0,0.0549645390070922,0.28368794326241126,0.14716312056737585,0.5354609929078017,0.2446808510638297,0.4255319148936172,0.09042553191489362,0.0797872340425532,0.05319148936170213,0.07446808510638298,0.0,0.010638297872340425,0.0,0.0,0.0,0.0,0.0,0.0,val,exploratory selected-development outputs,0.01056385679489666,0.004397156667307888,0.01796069718245988,known_case_group,47,2000,17,-3.2529503778104156e-06,-0.00016525048560082743,0.00016822681013311692,known_case_group,47,2000,17,-3.560351637458482e-05,-0.00019466759651243714,0.0001480880394284719,known_case_group,47,2000,17,-3.4710930346624465e-05,-0.00010817328463875717,3.9627113254781325e-05,known_case_group,47,2000,17,0.0,0.0,0.0,known_case_group,47,2000,17,7.440078608300117e-05,-0.00012440177595931685,0.0002774243721303809,known_case_group,47,2000,17,False,
P2-IMA-M-v2,17,MeanHinge-0.3,e5de11536b6fb3180d4dba34150e15fe67b211f2258af0f0228b90027fe97eab,T1,1.0,0.3,1.0,mean_hinge,20,49,0.007856815558011782,0.014619444076730029,0.006762628518718246,0.005200796125676703,0.55,-0.00628524532807836,-0.0642761111980823,2,0.35,20,0.3684210526315789,19,0.35,20,0.006762628518718246,0.6,0.00610792100776346,0.55,0.005200796125676703,0.55,0.0038900936646794073,0.45,0.8555039240196136,0.7743673021523363,0.6851705222105962,0.2532766614574695,0.13650957972548566,0.44758328698686756,130.01375183251793,0.06369988817041658,0.20185588609116772,0.24926242361931755,0.8455506527175507,0.20153827580763414,0.0,0.0,0.0,0.0,0.847647108461602,0.8554848208728814,0.007856815558011782,0.0029295173318435743,1.9103146732270953e-05,2533.891666666667,9446.191666666666,5138.608333333334,10520.908333333335,0.5388236311733302,1.2571788328168998,0.026413081177213242,0,0.0,0.029166666666666667,0.3083333333333334,0.12083333333333335,0.5416666666666667,0.2916666666666667,0.4583333333333334,0.037500000000000006,0.11249999999999999,0.0,0.09999999999999999,0.0,0.0,0.0,0.0,0.0,0.0,0.0,0.0,val,exploratory selected-development outputs,0.007856815558011782,0.0002701117934495827,0.017289798939130505,known_case_group,20,2000,17,1.9103146732274422e-05,-0.0003188684802872152,0.0004163747636764332,known_case_group,20,2000,17,2.228738990126246e-05,-0.0002862346648758719,0.00040713777208215013,known_case_group,20,2000,17,3.2195960187257232e-06,-0.0001034384215450237,0.00015742317106840249,known_case_group,20,2000,17,0.0,0.0,0.0,known_case_group,20,2000,17,0.00012698179969050373,-0.00021407785284808246,0.0005001276864215617,known_case_group,20,2000,17,False,
P2-IMA-M-v2,17,MeanHinge-1,620b3af2bc45c68dd76fd4f887746abb38776e96ef14bddddde8eb98d5e2fd3f,M,1.0,1.0,1.0,mean_hinge,223,471,0.0031315434063909045,0.012260490932536677,0.009128947526145771,0.007095725913575082,0.6188340807174888,-0.013268737753924809,-0.06517372138879636,23,0.4349775784753363,223,0.5,194,0.4349775784753363,223,0.009128947526145771,0.7847533632286996,0.0082421799988973,0.7174887892376681,0.007095725913575082,0.6188340807174888,0.005564761837496336,0.47533632286995514,0.8583835437676297,0.7754663227166987,0.696999804286288,0.3811174423383741,0.22010556052782626,0.582115541842993,186.82330667150686,0.052643453714428766,0.15378882174529082,0.14932394609229727,0.8417463018071096,0.15376100441656554,0.0,0.0,0.0,0.0,0.8552520003612387,0.858316915574831,0.0031315434063909045,0.005762399216036359,6.662819279871418e-05,43543.7533632287,21975.531016442448,26330.22234678625,42461.466367713,0.5354349130449584,1.1324639244236216,0.016726240659655514,0,0.0,0.08520179372197315,0.37070254110612955,0.15358744394618856,0.479820627802692,0.3086696562032893,0.38602391629297567,0.10164424514200308,0.043348281016442454,0.044095665171898356,0.022421524663677125,0.002242152466367713,0.002242152466367713,0.0,0.0,0.0,0.0,0.0,0.0,val,exploratory selected-development outputs,0.003131543406390901,0.0006239351978601362,0.0059272657717727014,known_case_group,222,2000,17,6.662819279871701e-05,-0.00011634188964142504,0.0002424119461414028,known_case_group,222,2000,17,-0.0002923813348339843,-0.00045319446622906997,-9.674364574587645e-05,known_case_group,222,2000,17,-0.0003264759684246934,-0.0005088262454643117,-0.00011446808692514459,known_case_group,222,2000,17,-0.004484304932735426,-0.02252252252252252,0.013513513513513514,known_case_group,222,2000,17,0.0005438458126886356,0.00011708707198095485,0.0008721705893476189,known_case_group,222,2000,17,False,eligible
P2-IMA-M-v2,17,MeanHinge-1,620b3af2bc45c68dd76fd4f887746abb38776e96ef14bddddde8eb98d5e2fd3f,H,1.0,1.0,1.0,mean_hinge,47,104,0.010515523916712666,0.017778634092553657,0.007263110175840989,0.0055932478476544475,0.574468085106383,-0.00689462748205866,-0.05750815736956978,5,0.44680851063829785,47,0.5121951219512195,41,0.44680851063829785,47,0.007263110175840989,0.723404255319149,0.0065427397121767305,0.6595744680851063,0.0055932478476544475,0.574468085106383,0.00422464348018653,0.48936170212765956,0.8254737177587388,0.7350900293944066,0.6211500442773356,0.2398468510246105,0.13311052457011238,0.42500494107837233,193.35835295149818,0.06676117898970314,0.20862344978046968,0.22324516891761095,0.8059982679858309,0.20850533323221668,0.0,0.0,0.0,0.0,0.8149581938420262,0.8255253035873007,0.010515523916712666,0.01146935662981255,-5.15858285618122e-05,16383.14716312057,13802.051418439718,24003.01241134752,20994.703900709217,0.5365866418890604,1.5312733285240536,0.021118991073054767,0,0.0,0.08687943262411348,0.2943262411347517,0.13652482269503544,0.5141843971631208,0.2446808510638297,0.4255319148936172,0.10106382978723405,0.0797872340425532,0.05319148936170213,0.05319148936170213,0.0,0.010638297872340425,0.0,0.0,0.0,0.0,0.0,0.0,val,exploratory selected-development outputs,0.010515523916712672,0.00441885037981278,0.017712331266519124,known_case_group,47,2000,17,-5.158582856179893e-05,-0.0004478333193007282,0.00031330342330993416,known_case_group,47,2000,17,-0.0002482903482448502,-0.000625153254620881,0.0001443746114471054,known_case_group,47,2000,17,-0.00019447253340924538,-0.0003712677139793791,-1.4323147820830585e-05,known_case_group,47,2000,17,0.0,0.0,0.0,known_case_group,47,2000,17,0.0003249533189814035,-0.00016369623666175105,0.0007890409363919431,known_case_group,47,2000,17,False,
P2-IMA-M-v2,17,MeanHinge-1,620b3af2bc45c68dd76fd4f887746abb38776e96ef14bddddde8eb98d5e2fd3f,T1,1.0,1.0,1.0,mean_hinge,20,49,0.007844589457558419,0.014460224237662156,0.0066156347801037355,0.005064702870418993,0.55,-0.006003330663230252,-0.06346438674496557,2,0.35,20,0.3888888888888889,18,0.35,20,0.0066156347801037355,0.6,0.0059653521674914575,0.55,0.005064702870418993,0.55,0.003770701027883748,0.45,0.8554916979191602,0.7743091176385064,0.6851003437249985,0.25201472379522405,0.136960589921128,0.44733133728648306,130.22982518603925,0.06377440261564973,0.20167183421241744,0.24875773929525166,0.8454140685498714,0.20135284124600505,0.0,0.0,0.0,0.0,0.847647108461602,0.8554848208728814,0.007844589457558419,0.0031135692105938996,6.877046278907193e-06,2413.5708333333337,9338.829166666666,5105.070833333333,10186.979166666666,0.5298880039492595,1.2374283803840538,0.02601407969089616,0,0.0,0.07916666666666666,0.3083333333333334,0.12083333333333335,0.5416666666666667,0.2916666666666667,0.4583333333333334,0.037500000000000006,0.11249999999999999,0.0,0.05,0.0,0.0,0.0,0.0,0.0,0.0,0.0,0.0,val,exploratory selected-development outputs,0.007844589457558435,0.00035327200313278924,0.017227169321108928,known_case_group,20,2000,17,6.87704627892749e-06,-0.0006277074551830757,0.000745996300607253,known_case_group,20,2000,17,-0.00013693244916661103,-0.0007551881394209539,0.0005685820597868215,known_case_group,20,2000,17,-0.00013287365923898468,-0.00040723051594903406,0.00018288390190806107,known_case_group,20,2000,17,0.0,0.0,0.0,known_case_group,20,2000,17,0.0004088964645386106,-0.00031821982262117963,0.001180841993374323,known_case_group,20,2000,17,False,
P2-IMA-M-v2,17,MeanHinge-3,0df5ad8bc3e2976f7e9d2e569fc8ba34993ec7e46fa8153ee61792bdda7498d7,M,1.0,3.0,1.0,mean_hinge,223,471,0.0033679372703377957,0.011895752895099703,0.008527815624761906,0.006553848743810593,0.6188340807174888,-0.012281676299502386,-0.061382241995475206,23,0.4260089686098655,223,0.4846938775510204,196,0.4260089686098655,223,0.008527815624761906,0.7757847533632287,0.007661824272170124,0.7040358744394619,0.006553848743810593,0.6188340807174888,0.00507468547119574,0.4484304932735426,0.8586199376315766,0.7759663147529152,0.7005519399642846,0.38346213955449,0.22095855220875046,0.5836836012302745,186.97085817290224,0.05263723183035504,0.15397992278052489,0.15092054418840145,0.8429606988443459,0.15395275668597572,0.0,0.0,0.0,0.0,0.8552520003612387,0.858316915574831,0.0033679372703377957,0.005571298180802297,0.0003030220567456065,42934.23393124066,19629.683482810167,23987.83669656203,41940.13826606875,0.5275580781090695,1.1410217872907553,0.016158782770053285,0,0.0,0.08520179372197315,0.3628550074738425,0.16405082212257124,0.48878923766816296,0.30044843049327424,0.3800448430493284,0.09715994020926762,0.046711509715994026,0.044095665171898356,0.026158445440956645,0.002242152466367713,0.002242152466367713,0.0,0.0,0.0,0.0,0.0,0.0,val,exploratory selected-development outputs,0.0033679372703377887,0.0009476545958404291,0.006082288898156371,known_case_group,222,2000,17,0.00030302205674560503,-0.0002069267669326685,0.0008529700838421523,known_case_group,222,2000,17,-0.000657119372270958,-0.0011109457170514394,-0.00014788659686901497,known_case_group,222,2000,17,-0.0008683531381891807,-0.0013639004545144373,-0.00037368354983756614,known_case_group,222,2000,17,-0.004484304932735426,-0.036036036036036036,0.02702702702702703,known_case_group,222,2000,17,0.001530907267111058,0.0005200751191165856,0.0023949474708075077,known_case_group,222,2000,17,True,eligible
P2-IMA-M-v2,17,MeanHinge-3,0df5ad8bc3e2976f7e9d2e569fc8ba34993ec7e46fa8153ee61792bdda7498d7,H,1.0,3.0,1.0,mean_hinge,47,104,0.011204626964304293,0.018155873744513606,0.0069512467802093116,0.005263803086600733,0.5957446808510638,-0.005757368975216273,-0.053962360539014445,5,0.425531914893617,47,0.47619047619047616,42,0.425531914893617,47,0.0069512467802093116,0.7021276595744681,0.006218716683522935,0.6595744680851063,0.005263803086600733,0.5957446808510638,0.003949193826713403,0.40425531914893614,0.8261628208063305,0.736068188094319,0.6290318688399169,0.23958971668293558,0.13220447865360183,0.42612154074368314,192.9943923944439,0.06641063489049295,0.20860838772504464,0.22520612766128195,0.8079893541161454,0.2085014456587288,0.0,0.0,0.0,0.0,0.8149581938420262,0.8255253035873007,0.011204626964304293,0.011484418685237568,0.000637517219029815,17619.28014184397,11559.56914893617,21051.792553191488,22801.91134751773,0.5331313061305502,1.5344868740255064,0.01984977194900215,0,0.0,0.11879432624113476,0.29787234042553185,0.11524822695035461,0.49822695035461023,0.22340425531914887,0.39361702127659587,0.0851063829787234,0.10815602836879433,0.07446808510638298,0.07446808510638298,0.0,0.010638297872340425,0.0,0.0,0.0,0.0,0.0,0.0,val,exploratory selected-development outputs,0.011204626964304281,0.004829609821471164,0.018557528735125287,known_case_group,47,2000,17,0.0006375172190298085,-0.0007489670411426854,0.0021890142873255193,known_case_group,47,2000,17,0.00012894930371510043,-0.0012423077108122361,0.0017192632083452431,known_case_group,47,2000,17,-0.0005239172944629605,-0.00124300238167533,0.00023567088768943457,known_case_group,47,2000,17,0.02127659574468085,0.0,0.06382978723404255,known_case_group,47,2000,17,0.0014622118258237904,-0.00042053618396915133,0.0034423398106624907,known_case_group,47,2000,17,False,
P2-IMA-M-v2,17,MeanHinge-3,0df5ad8bc3e2976f7e9d2e569fc8ba34993ec7e46fa8153ee61792bdda7498d7,T1,1.0,3.0,1.0,mean_hinge,20,49,0.009014584804837796,0.01465242423956388,0.005637839434726081,0.004226727792889044,0.55,-0.0037690128293939975,-0.058134900628299624,2,0.35,20,0.3888888888888889,18,0.35,20,0.005637839434726081,0.55,0.005054506101392747,0.55,0.004226727792889044,0.55,0.0029970925529728054,0.35,0.8566616932664395,0.7763447623359211,0.6873269931951798,0.2530448722284394,0.14041116632871567,0.4530686584101863,129.68759600183097,0.06331400288937708,0.2023661664687097,0.2511783007609968,0.8464459697405499,0.2020678861392458,0.0,0.0,0.0,0.0,0.847647108461602,0.8554848208728814,0.009014584804837796,0.0024192369543015956,0.0011768723935582854,2242.7,7897.629166666666,4652.470833333333,10313.7,0.5283862082234271,1.2016901682513117,0.023339186910228852,0,0.0,0.10416666666666666,0.26666666666666666,0.12083333333333335,0.5541666666666668,0.24166666666666667,0.4333333333333334,0.025,0.15416666666666665,0.025,0.07500000000000001,0.0,0.0,0.0,0.0,0.0,0.0,0.0,0.0,val,exploratory selected-development outputs,0.009014584804837782,0.001040666141464445,0.018390821349459453,known_case_group,20,2000,17,0.0011768723935582758,-0.001296057569161213,0.004464916714868211,known_case_group,20,2000,17,5.526755273511218e-05,-0.0024153014225327444,0.003221043999042943,known_case_group,20,2000,17,-0.0009708487367689336,-0.001800303532524075,-0.0002548321600876271,known_case_group,20,2000,17,0.0,0.0,0.0,known_case_group,20,2000,17,0.0026432142983748657,-0.00018679361561060135,0.006056570046100877,known_case_group,20,2000,17,False,
P2-IMA-M-v2,17,RSI-0.3,3aad4f5915d66103446b1b42b5d8e352d8ddf8857903bf29236f1a23cb6d3c29,M,1.0,0.3,1.0,rsi,223,471,0.003236266760644795,0.011353013060636023,0.008116746299991226,0.006110627256964825,0.600896860986547,-0.011553678992292234,-0.0579254909294771,23,0.4260089686098655,223,0.4973821989528796,191,0.4260089686098655,223,0.008116746299991226,0.7713004484304933,0.007249535844933083,0.7130044843049327,0.006110627256964825,0.600896860986547,0.004667147712043988,0.452914798206278,0.8584882671218835,0.7756359225309657,0.6959067644672462,0.38403202553288035,0.2211865502904269,0.5841850387721209,186.96472770121775,0.052669186716036855,0.15380111154619888,0.14960208488449903,0.8419998615768962,0.1537717420782448,0.0,0.0,0.0,0.0,0.8552520003612387,0.858316915574831,0.003236266760644795,0.005750109415128269,0.0001713515470526052,36959.56689088191,21270.309043348283,26017.278400597905,36811.13714499253,0.534350016799755,1.1253351742490645,0.015188760534159088,0,0.0,0.08632286995515699,0.3628550074738425,0.16218236173393147,0.4910313901345307,0.3011958146487302,0.3800448430493284,0.0915545590433483,0.05007473841554559,0.04260089686098655,0.027653213751868452,0.002242152466367713,0.002242152466367713,0.0,0.0,0.0,0.0,0.0,0.0,val,exploratory selected-development outputs,0.00323626676064479,0.0009288396876710251,0.00575908035126127,known_case_group,222,2000,17,0.0001713515470526062,-0.0003208768840707781,0.0006094284472828219,known_case_group,222,2000,17,-0.0011998592067346398,-0.001715097846822535,-0.0007749254221508075,known_case_group,222,2000,17,-0.0013115746250349503,-0.0016515064744141018,-0.0009954784685774058,known_case_group,222,2000,17,-0.02242152466367713,-0.05357142857142857,0.0045045045045045045,known_case_group,222,2000,17,0.002258904574321212,0.0016726160491175948,0.0028585163063966335,known_case_group,222,2000,17,False,eligible
P2-IMA-M-v2,17,RSI-0.3,3aad4f5915d66103446b1b42b5d8e352d8ddf8857903bf29236f1a23cb6d3c29,H,1.0,0.3,1.0,rsi,47,104,0.009637965878765047,0.01618559300193475,0.006547627123169704,0.004918237011791523,0.574468085106383,-0.006012642829987218,-0.05381075646621403,5,0.44680851063829785,47,0.525,40,0.44680851063829785,47,0.006547627123169704,0.6808510638297872,0.0058514036432315815,0.6382978723404256,0.004918237011791523,0.574468085106383,0.0035910936354537166,0.5106382978723404,0.8245961597207914,0.7340503615171513,0.6138987440992287,0.2408773961144204,0.13246390392062865,0.42534639975764515,194.2492699075793,0.06698593322557778,0.2097263066296248,0.22496848331899746,0.80551586855794,0.2096067296522364,0.0,0.0,0.0,0.0,0.8149581938420262,0.8255253035873007,0.009637965878765047,0.010366499780657444,-0.0009291438665094325,13891.163120567375,13956.260638297872,24003.462765957443,18165.687943262412,0.5340336253374788,1.521936001230712,0.019772267654989267,0,0.0,0.08333333333333334,0.28368794326241126,0.150709219858156,0.5407801418439718,0.2446808510638297,0.4113475177304966,0.07446808510638298,0.09042553191489362,0.05319148936170213,0.056737588652482275,0.0,0.010638297872340425,0.0,0.0,0.0,0.0,0.0,0.0,val,exploratory selected-development outputs,0.009637965878765042,0.003889403196682305,0.01648877486175549,known_case_group,47,2000,17,-0.0009291438665094291,-0.0020656772273533824,1.6981699695639694e-05,known_case_group,47,2000,17,-0.001841331438863755,-0.003139475836763751,-0.0007382052396960125,known_case_group,47,2000,17,-0.0008694833692721693,-0.0015026553600696534,-0.0003456890518317566,known_case_group,47,2000,17,0.0,0.0,0.0,known_case_group,47,2000,17,0.0012069379710528455,-0.00010313234679151289,0.002720231878319798,known_case_group,47,2000,17,False,
P2-IMA-M-v2,17,RSI-0.3,3aad4f5915d66103446b1b42b5d8e352d8ddf8857903bf29236f1a23cb6d3c29,T1,1.0,0.3,1.0,rsi,20,49,0.007035579313237119,0.013121740190066183,0.00608616087682906,0.004585303790827197,0.55,-0.005792295161741787,-0.059633612946072945,2,0.35,20,0.4375,16,0.35,20,0.00608616087682906,0.6,0.005460303790827197,0.55,0.004585303790827197,0.55,0.00337157681595369,0.45,0.8546826877748389,0.7731873800073059,0.6842627903573588,0.24884768886421282,0.13445936471918823,0.4448946422104326,130.6321129317148,0.06394486244552157,0.202452245571961,0.25018979536835106,0.8452853071192902,0.20213265315913592,0.0,0.0,0.0,0.0,0.847647108461602,0.8554848208728814,0.007035579313237119,0.002333157851050297,-0.0008021330980423919,2072.1,9072.454166666666,4958.245833333333,8944.8,0.5274269559456151,1.2269560678253746,0.02416953204328457,0,0.0,0.09583333333333333,0.3083333333333334,0.17916666666666667,0.5541666666666668,0.2916666666666667,0.4000000000000001,0.025,0.11249999999999999,0.0,0.03333333333333333,0.0,0.0,0.0,0.0,0.0,0.0,0.0,0.0,val,exploratory selected-development outputs,0.007035579313237112,0.00017648361246711908,0.01567448793031595,known_case_group,20,2000,17,-0.0008021330980423957,-0.002055008985932054,0.00038993815684487063,known_case_group,20,2000,17,-0.0014754164967625864,-0.0025247923160058735,-0.0003815939908830711,known_case_group,20,2000,17,-0.0006122727388307803,-0.0011561187063223318,-6.672344064961617e-05,known_case_group,20,2000,17,0.0,0.0,0.0,known_case_group,20,2000,17,0.0006199319660270764,-0.00106059021286182,0.0021735321405812256,known_case_group,20,2000,17,False,
P2-IMA-M-v2,17,RSI-1,1e4601988e0929a2a1e1f936c88503f6bfbcf754a6b56807b3bdae26349b1a94,M,1.0,1.0,1.0,rsi,223,471,0.0031275890595799443,0.008773162467152143,0.005645573407572198,0.0038679211496023703,0.5112107623318386,-0.007797784427664569,-0.041122508708104674,23,0.3542600896860987,223,0.4514285714285714,175,0.3542600896860987,223,0.005645573407572198,0.7623318385650224,0.004830235321346644,0.6502242152466368,0.0038679211496023703,0.5112107623318386,0.0026599521750332914,0.3901345291479821,0.8583795894208186,0.7758117517518015,0.6994412670296268,0.3894684310610939,0.2239791564473355,0.5881212917514534,186.7025554505804,0.05278175116620032,0.15456934561549238,0.15157700535816576,0.8424383150243955,0.1545310450299026,0.0,0.0,0.0,0.0,0.8552520003612387,0.858316915574831,0.0031275890595799443,0.0049818753458347916,6.267384598775418e-05,24387.120702541102,17270.05979073244,23504.626307922277,27549.39050822123,0.4970903751251149,1.0390178461343595,0.011733369814335627,0,0.0,0.12630792227204798,0.3337070254110622,0.21823617339312448,0.48654708520179524,0.24065769805680162,0.3467862481315405,0.11733931240657709,0.05792227204783259,0.04110612855007474,0.02690582959641255,0.002242152466367713,0.002242152466367713,0.0,0.0,0.0,0.0,0.0,0.0,val,exploratory selected-development outputs,0.0031275890595799396,0.001481682125456161,0.00485224124788725,known_case_group,222,2000,17,6.267384598775557e-05,-0.001398364058994414,0.0013952502223837761,known_case_group,222,2000,17,-0.0037797098002185195,-0.005173727780066335,-0.002599691890940417,known_case_group,222,2000,17,-0.003554280732397405,-0.004481784642690023,-0.0027303912017966124,known_case_group,222,2000,17,-0.11210762331838565,-0.16216216216216217,-0.0625,known_case_group,222,2000,17,0.006014799138948875,0.004361512703720104,0.007741764993396312,known_case_group,222,2000,17,False,eligible
P2-IMA-M-v2,17,RSI-1,1e4601988e0929a2a1e1f936c88503f6bfbcf754a6b56807b3bdae26349b1a94,H,1.0,1.0,1.0,rsi,47,104,0.006367352334955242,0.011573339670672636,0.005205987335717393,0.003554683920970211,0.5531914893617021,-0.0051780465827538005,-0.04255160126645041,5,0.3829787234042553,47,0.45,40,0.3829787234042553,47,0.005205987335717393,0.7021276595744681,0.004500520608607878,0.6170212765957447,0.003554683920970211,0.5531914893617021,0.0023431292011821016,0.40425531914893614,0.8213255461769815,0.7305131018179736,0.6140589487524301,0.2412214524695765,0.1360893189945752,0.42358027112833113,197.3739790506186,0.06803763278143864,0.21284790600630196,0.22961436184403874,0.8039185516046978,0.2127283398351924,0.0,0.0,0.0,0.0,0.8149581938420262,0.8255253035873007,0.006367352334955242,0.007244900403980244,-0.004199757410319235,10498.63475177305,10995.847517730495,16563.59929078014,13359.641843971633,0.5025790056827808,1.3679289047849197,0.015074475099329219,0,0.0,0.10283687943262412,0.24113475177304955,0.15780141843971626,0.47872340425531945,0.19148936170212763,0.37765957446808524,0.15248226950354607,0.11702127659574468,0.09574468085106383,0.07446808510638298,0.0,0.010638297872340425,0.0,0.0,0.0,0.0,0.0,0.0,val,exploratory selected-development outputs,0.00636735233495524,0.0023793533077543674,0.01086856823053168,known_case_group,47,2000,17,-0.00419975741031923,-0.007564311792853096,-0.0013072430866871644,known_case_group,47,2000,17,-0.006453584770125868,-0.009888545795798825,-0.0034693959334578823,known_case_group,47,2000,17,-0.0022330364600934827,-0.0035221826811544224,-0.0010422166574030394,known_case_group,47,2000,17,-0.02127659574468085,-0.0851063829787234,0.0425531914893617,known_case_group,47,2000,17,0.0020415342182862634,-0.001902413028090098,0.006034893257071119,known_case_group,47,2000,17,False,
P2-IMA-M-v2,17,RSI-1,1e4601988e0929a2a1e1f936c88503f6bfbcf754a6b56807b3bdae26349b1a94,T1,1.0,1.0,1.0,rsi,20,49,0.005166281129723872,0.010389899247119427,0.005223618117395555,0.0034851921350893427,0.6,-0.004900623349365996,-0.04393679947708612,2,0.35,20,0.3888888888888889,18,0.35,20,0.005223618117395555,0.65,0.004509954408284479,0.6,0.0034851921350893427,0.6,0.0022815502796602414,0.35,0.8528133895913257,0.77112307402968,0.684115176469341,0.2449160731984889,0.13856142986581518,0.44653023704631706,132.47600232086285,0.06447674397281403,0.20422355813595158,0.252740423893556,0.8442933061470587,0.20391429899361074,0.0,0.0,0.0,0.0,0.847647108461602,0.8554848208728814,0.005166281129723872,0.0005618452870597438,-0.0026714312815556396,1509.1833333333334,7493.8083333333325,4267.491666666667,6522.166666666667,0.49016217308195564,1.0893668473985163,0.019189720027002616,0,0.0,0.09166666666666667,0.2833333333333334,0.09583333333333333,0.4583333333333334,0.24166666666666667,0.4208333333333334,0.13333333333333333,0.125,0.07500000000000001,0.07500000000000001,0.0,0.0,0.0,0.0,0.0,0.0,0.0,0.0,val,exploratory selected-development outputs,0.005166281129723879,-0.00018562861280292683,0.011882171637282406,known_case_group,20,2000,17,-0.002671431281555628,-0.0063979878884885795,0.0007754329318629641,known_case_group,20,2000,17,-0.004207257439709339,-0.007241709698225083,-0.0016896966902923936,known_case_group,20,2000,17,-0.0017123843945686349,-0.0034373017760352402,-5.731109592828738e-05,known_case_group,20,2000,17,0.05,0.0,0.15,known_case_group,20,2000,17,0.0015116037784028674,-0.0034634291889584974,0.006325046537224817,known_case_group,20,2000,17,False,
P2-IMA-M-v2,17,RSI-3,40c40abc702c65bb2f4b3381335796730c89eb4e152188b699dd6f3d0bb4b784,M,1.0,3.0,1.0,rsi,223,471,0.0027582219186173635,0.00785694858417242,0.005098726665555055,0.003259121028041759,0.5291479820627802,-0.00723643822756978,-0.03846017709358078,23,0.36771300448430494,223,0.47126436781609193,174,0.36771300448430494,223,0.005098726665555055,0.7623318385650224,0.004262719858521688,0.672645739910314,0.003259121028041759,0.5291479820627802,0.002151081527013113,0.34977578475336324,0.8580102222798561,0.7752217180522288,0.6975865556036256,0.38910959198274014,0.2249051040345986,0.5858774443228356,187.8662622620409,0.052984391152327046,0.15570228411474996,0.15347917223898577,0.8420746035216882,0.1556576408043133,0.0,0.0,0.0,0.0,0.8552520003612387,0.858316915574831,0.0027582219186173635,0.0038489368465772214,-0.0003066932949748261,20447.58632286996,16043.380792227206,21128.82100149476,22610.826233183856,0.5385163862658628,0.979093175809635,0.01056195156593837,0,0.0,0.12294469357249643,0.3475336322869964,0.23355754857997055,0.49551569506726606,0.2462630792227209,0.33295964125560623,0.10687593423019438,0.04559043348281017,0.03811659192825113,0.02615844544095664,0.002242152466367713,0.002242152466367713,0.0,0.0,0.0,0.0,0.0,0.0,val,exploratory selected-development outputs,0.0027582219186173536,0.001207834762415669,0.004519340613527434,known_case_group,222,2000,17,-0.0003066932949748302,-0.001831972135657271,0.0011828710836968006,known_case_group,222,2000,17,-0.0046959236831982405,-0.006134828810328283,-0.0033829401646882466,known_case_group,222,2000,17,-0.004163080853958015,-0.005296950429311993,-0.0031132842569347647,known_case_group,222,2000,17,-0.09417040358744394,-0.15246636771300448,-0.036036036036036036,known_case_group,222,2000,17,0.006576145339043665,0.004403950470491863,0.00875244665583398,known_case_group,222,2000,17,True,eligible
P2-IMA-M-v2,17,RSI-3,40c40abc702c65bb2f4b3381335796730c89eb4e152188b699dd6f3d0bb4b784,H,1.0,3.0,1.0,rsi,47,104,0.005016167696920153,0.010203018262014335,0.0051868505650941804,0.003102157307004886,0.5957446808510638,-0.005373266286946135,-0.032746389805270205,5,0.425531914893617,47,0.5263157894736842,38,0.425531914893617,47,0.0051868505650941804,0.8085106382978723,0.004253500334535782,0.7446808510638298,0.003102157307004886,0.5957446808510638,0.0017944589889487355,0.3829787234042553,0.8199743615389465,0.7284781496691513,0.612026531402495,0.23735864671650964,0.13438021980916867,0.42067533477893343,197.99233707897594,0.0682860679744002,0.21754676843365878,0.2373639069396857,0.8022703651035406,0.21741706160720206,0.0,0.0,0.0,0.0,0.8149581938420262,0.8255253035873007,0.005016167696920153,0.0025460379766234272,-0.005550942048354324,6996.88829787234,12612.436170212768,20767.28723404255,9506.920212765957,0.524181879643337,1.3347756266777884,0.01424584725261816,0,0.0,0.11879432624113476,0.32978723404255317,0.14716312056737588,0.4148936170212767,0.2429078014184396,0.3209219858156028,0.15602836879432622,0.08865248226950355,0.10283687943262412,0.0673758865248227,0.0,0.010638297872340425,0.0,0.0,0.0,0.0,0.0,0.0,val,exploratory selected-development outputs,0.00501616769692014,0.0007438541180703684,0.00996249119923263,known_case_group,47,2000,17,-0.005550942048354331,-0.009345020580570807,-0.0020585753957867068,known_case_group,47,2000,17,-0.00782390617878417,-0.01145106442324113,-0.004603976823901932,known_case_group,47,2000,17,-0.002685563074058808,-0.004541232214587256,-0.0009742983830588293,known_case_group,47,2000,17,0.02127659574468085,-0.1276595744680851,0.1702127659574468,known_case_group,47,2000,17,0.0018463145140939284,-0.0032033134231672948,0.007025067627293045,known_case_group,47,2000,17,False,
P2-IMA-M-v2,17,RSI-3,40c40abc702c65bb2f4b3381335796730c89eb4e152188b699dd6f3d0bb4b784,T1,1.0,3.0,1.0,rsi,20,49,0.0003551946159581057,0.007041871825115731,0.0066866772091576255,0.004177449377398718,0.65,-0.008546103912800678,-0.041328373029919485,2,0.3,20,0.35294117647058826,17,0.3,20,0.0066866772091576255,0.85,0.00558627595005026,0.75,0.004177449377398718,0.65,0.002534062786336691,0.45,0.8480023030775599,0.7642809441674618,0.679296968749472,0.23449582167711935,0.12748371334510072,0.43049601729450054,134.7613564633537,0.06547506437339029,0.2121036670481165,0.2645170775086929,0.8403097413480282,0.21178576804675084,0.0,0.0,0.0,0.0,0.847647108461602,0.8554848208728814,0.0003551946159581057,-0.007318263625105223,-0.007482517795321407,1132.3125,9260.233333333334,4193.316666666667,4359.0875,0.5101916462431186,1.0079752430945585,0.017726976721133724,0,0.0,0.15416666666666665,0.4666666666666668,0.07083333333333333,0.33333333333333337,0.3375000000000001,0.2875,0.11666666666666667,0.08333333333333334,0.09166666666666667,0.058333333333333334,0.0,0.0,0.0,0.0,0.0,0.0,0.0,0.0,val,exploratory selected-development outputs,0.0003551946159580877,-0.004711111955455723,0.006653806907787282,known_case_group,20,2000,17,-0.007482517795321419,-0.013454931532968553,-0.0017789374932408917,known_case_group,20,2000,17,-0.007555284861713037,-0.011968346824094464,-0.003665228699068007,known_case_group,20,2000,17,-0.0010201271522592586,-0.0034571952753412604,0.001330351839473072,known_case_group,20,2000,17,0.1,-0.15,0.35,known_case_group,20,2000,17,-0.002133876785031816,-0.009527104668081302,0.005256018336991668,known_case_group,20,2000,17,False,
P2-IMA-M-v2,17,Shrink-D0-0.000000,6e0811712543811a10b6cde1ec29db65b7bb4f25142c6991f2738d3d5c073f0a,M,0.0,0.0,0.0,shrink,223,471,0.0,0.0,0.0,0.0,0.0,0.0,0.0,23,0.0,223,nan,0,nan,0,0.0,0.0,0.0,0.0,0.0,0.0,0.0,0.0,0.8552520003612387,0.7712988339685611,0.689989287840007,0.3886079197875741,0.2238025948857011,0.5797458381689296,187.64819463248088,0.053639315683159126,0.15955122096132718,0.14955452714806738,0.8304520855019375,0.15951223071780027,0.0,0.0,0.0,0.0,0.8552520003612387,0.858316915574831,0.0,0.0,-0.0030649152135921896,0.0,0.0,0.0,0.0,0.5537203169380424,0.0,0.0,0,0.0,0.0,0.0,0.0,0.0,0.0,0.0,0.0,0.0,0.0,0.0,0.0,0.0,0.0,1.0000000000000007,0.0,0.0,1.0000000000000007,0.0,val,exploratory selected-development outputs,0.0,0.0,0.0,known_case_group,222,2000,17,-0.003064915213592184,-0.005960417091519355,-0.00044952275667436314,known_case_group,222,2000,17,-0.012552872267370662,-0.015159721823721342,-0.010398665699488843,known_case_group,222,2000,17,-0.0074222018819997725,-0.008905656402203414,-0.006067176422306309,known_case_group,222,2000,17,-0.6233183856502242,-0.6846846846846847,-0.5585585585585585,known_case_group,222,2000,17,0.013812583566613443,0.01065539650038222,0.016963117198871426,known_case_group,222,2000,17,False,outside Dice tolerance; retain D0 if no eligible candidate
P2-IMA-M-v2,17,Shrink-D0-0.000000,6e0811712543811a10b6cde1ec29db65b7bb4f25142c6991f2738d3d5c073f0a,H,0.0,0.0,0.0,shrink,47,104,0.0,0.0,0.0,0.0,0.0,0.0,0.0,5,0.0,47,nan,0,nan,0,0.0,0.0,0.0,0.0,0.0,0.0,0.0,0.0,0.8149581938420262,0.722216178015042,0.610136492624857,0.24001946218359105,0.13496483836013265,0.4127066241775352,204.36709473738685,0.07160556074306546,0.22009280641028223,0.2212892971785924,0.7811036847494848,0.22000206158386001,0.0,0.0,0.0,0.0,0.8149581938420262,0.8255253035873007,0.0,0.0,-0.010567109745274477,0.0,0.0,0.0,0.0,0.5511957602828149,0.0,0.0,0,0.0,0.0,0.0,0.0,0.0,0.0,0.0,0.0,0.0,0.0,0.0,0.0,0.0,0.0,0.9999999999999984,0.0,0.0,0.9999999999999984,0.0,val,exploratory selected-development outputs,0.0,0.0,0.0,known_case_group,47,2000,17,-0.01056710974527447,-0.017965677084707997,-0.004351990530580878,known_case_group,47,2000,17,-0.018026924440798505,-0.02480176095947219,-0.012031511428884407,known_case_group,47,2000,17,-0.005787720381063693,-0.008095028043232713,-0.003696414761083283,known_case_group,47,2000,17,-0.574468085106383,-0.723404255319149,-0.425531914893617,known_case_group,47,2000,17,0.007219580801040064,-0.0021517169594449754,0.016487109063002096,known_case_group,47,2000,17,False,
P2-IMA-M-v2,17,Shrink-D0-0.000000,6e0811712543811a10b6cde1ec29db65b7bb4f25142c6991f2738d3d5c073f0a,T1,0.0,0.0,0.0,shrink,20,49,0.0,0.0,0.0,0.0,0.0,0.0,0.0,2,0.0,20,nan,0,nan,0,0.0,0.0,0.0,0.0,0.0,0.0,0.0,0.0,0.847647108461602,0.762493513549044,0.67527476964469,0.23388609452810988,0.13048392727678376,0.4147215520463618,135.89430343440048,0.06622242439280127,0.2047854034230113,0.24316759017917017,0.8335967816412448,0.2044637444419212,0.0,0.0,0.0,0.0,0.847647108461602,0.8554848208728814,0.0,0.0,-0.00783771241127951,0.0,0.0,0.0,0.0,0.5435935532872397,0.0,0.0,0,0.0,0.0,0.0,0.0,0.0,0.0,0.0,0.0,0.0,0.0,0.0,0.0,0.0,0.0,1.0000000000000007,0.0,0.0,1.0000000000000007,0.0,val,exploratory selected-development outputs,0.0,0.0,0.0,known_case_group,20,2000,17,-0.007837712411279507,-0.01719173644684905,-0.0003490963061150778,known_case_group,20,2000,17,-0.014597156686828766,-0.02294952166230337,-0.008242775090707581,known_case_group,20,2000,17,-0.005197576529657977,-0.008569292947136308,-0.00228050623152767,known_case_group,20,2000,17,-0.55,-0.75,-0.35,known_case_group,20,2000,17,0.006412227127768863,-0.0071433926278214885,0.019197861758163313,known_case_group,20,2000,17,False,
P2-IMA-M-v2,17,Shrink-D0-0.333333,6e0811712543811a10b6cde1ec29db65b7bb4f25142c6991f2738d3d5c073f0a,M,0.3333333333333333,0.0,0.3333333333333333,shrink,223,471,0.0022397792471117095,0.004892064791755145,0.002652285544643436,0.001216368681239338,0.3452914798206278,-0.0032593442986890543,-0.019155720119735428,23,0.242152466367713,223,0.3829787234042553,141,0.242152466367713,223,0.002652285544643436,0.7443946188340808,0.0019329275616893759,0.5515695067264574,0.001216368681239338,0.3452914798206278,0.000565719414823367,0.19282511210762332,0.8574917796083505,0.7745711388287568,0.6934957154943202,0.392886958472366,0.2270480550885981,0.5862146842442492,185.70852775688363,0.052677194458871195,0.15511659421277288,0.14771849320171632,0.8374853047245236,0.15506996911386464,0.0,0.0,0.0,0.0,0.8552520003612387,0.858316915574831,0.0022397792471117095,0.004434626748554285,-0.0008251359664804809,9050.405455904336,9504.824738415546,13670.260463378172,11829.809790732439,0.5537203169380424,0.47010705085234306,0.005748922453898806,0,0.0,0.18310911808669686,0.3183856502242161,0.31988041853512783,0.5213004484304944,0.1670403587443948,0.30231689088191416,0.1158445440956653,0.039985052316890875,0.0171898355754858,0.01046337817638266,0.002242152466367713,0.002242152466367713,0.0,0.0,0.0,0.0,0.0,0.0,val,exploratory selected-development outputs,0.002239779247111701,0.001254585481727193,0.0033434457228840816,known_case_group,222,2000,17,-0.000825135966480483,-0.002839901026897412,0.0011312271057356145,known_case_group,222,2000,17,-0.007660807475615516,-0.009574002371766316,-0.00612235334063955,known_case_group,222,2000,17,-0.006205833200760436,-0.0074818296284730286,-0.0050317193157605805,known_case_group,222,2000,17,-0.27802690582959644,-0.3452914798206278,-0.21076233183856502,known_case_group,222,2000,17,0.010553239267924392,0.008186222887661564,0.013115950573767944,known_case_group,222,2000,17,True,eligible
P2-IMA-M-v2,17,Shrink-D0-0.333333,6e0811712543811a10b6cde1ec29db65b7bb4f25142c6991f2738d3d5c073f0a,H,0.3333333333333333,0.0,0.3333333333333333,shrink,47,104,0.0035460276717440174,0.006154929801871326,0.0026089021301273097,0.0012375794990003401,0.3191489361702128,-0.002141176317708883,-0.020209163142394914,5,0.2765957446808511,47,0.40625,32,0.2765957446808511,47,0.0026089021301273097,0.7446808510638298,0.0019199676864881982,0.5319148936170213,0.0012375794990003401,0.3191489361702128,0.0005516066338784757,0.19148936170212766,0.8185042215137702,0.7267712121280246,0.6120917916402063,0.24306743922081042,0.13980094991137507,0.42227319410517355,199.3231129927637,0.06874796516366519,0.21350777434541823,0.22114282769707516,0.7941272809499642,0.21338620976835215,0.0,0.0,0.0,0.0,0.8149581938420262,0.8255253035873007,0.0035460276717440174,0.006585032064863976,-0.007021082073530462,2949.1400709219856,6947.540780141844,10913.757092198583,4012.710992907802,0.5511957602828149,0.623165217845925,0.007863644463251468,0,0.0,0.202127659574468,0.28191489361702116,0.2198581560283687,0.48049645390070944,0.13652482269503544,0.36702127659574474,0.14893617021276592,0.07801418439716312,0.0425531914893617,0.031914893617021274,0.0,0.010638297872340425,0.0,0.0,0.0,0.0,0.0,0.0,val,exploratory selected-development outputs,0.003546027671744009,0.0011947341987417698,0.006200268906335071,known_case_group,47,2000,17,-0.007021082073530462,-0.011955101957990984,-0.0026135118960416807,known_case_group,47,2000,17,-0.011871994638927179,-0.01661632871144627,-0.007572053715569231,known_case_group,47,2000,17,-0.004550140882063352,-0.006615284063834343,-0.002687437680069055,known_case_group,47,2000,17,-0.2553191489361702,-0.40425531914893614,-0.10638297872340426,known_case_group,47,2000,17,0.0050784044833311805,-0.0016175524886726785,0.012085573636614054,known_case_group,47,2000,17,False,
P2-IMA-M-v2,17,Shrink-D0-0.333333,6e0811712543811a10b6cde1ec29db65b7bb4f25142c6991f2738d3d5c073f0a,T1,0.3333333333333333,0.0,0.3333333333333333,shrink,20,49,0.0023178107100200983,0.0053686243839567455,0.0030508136739366464,0.0014908503798762717,0.35,-0.002556887523085727,-0.022318494053478577,2,0.2,20,0.3076923076923077,13,0.2,20,0.0030508136739366464,0.7,0.002291274751326412,0.45,0.0014908503798762717,0.35,0.000609854861579921,0.25,0.849964919171622,0.7665582427071429,0.6795110634031036,0.2403541997759524,0.13359647617031795,0.43650293444486143,134.0484312386845,0.06524880100138164,0.20391945652663707,0.24673596336506307,0.8388970455775657,0.20357929486898446,0.0,0.0,0.0,0.0,0.847647108461602,0.8554848208728814,0.0023178107100200983,0.0008659468963742256,-0.005519901701259414,505.1541666666667,4829.820833333333,2868.479166666667,2824.645833333333,0.5435935532872397,0.5007278956134432,0.010133282788412292,0,0.0,0.22499999999999998,0.37916666666666676,0.16666666666666666,0.4125000000000001,0.2375,0.3708333333333334,0.125,0.08333333333333333,0.0,0.0,0.0,0.0,0.0,0.0,0.0,0.0,0.0,0.0,val,exploratory selected-development outputs,0.0023178107100200905,-0.001220975840888051,0.006234839823862179,known_case_group,20,2000,17,-0.005519901701259417,-0.012021892028998884,0.0002700297348658007,known_case_group,20,2000,17,-0.009228532302872022,-0.014549565008507027,-0.0048212876253155065,known_case_group,20,2000,17,-0.0037067261497817057,-0.006569569434592199,-0.0011799504446937837,known_case_group,20,2000,17,-0.2,-0.45,0.05,known_case_group,20,2000,17,0.003855339604683136,-0.005419532957698306,0.01323432184448693,known_case_group,20,2000,17,False,
P2-IMA-M-v2,17,Shrink-D0-0.666667,6e0811712543811a10b6cde1ec29db65b7bb4f25142c6991f2738d3d5c073f0a,M,0.6666666666666666,0.0,0.6666666666666666,shrink,223,471,0.0032020266478423897,0.008927142350336393,0.0057251157024940024,0.0038657405316973766,0.5381165919282511,-0.007959548731028892,-0.04072335472162955,23,0.38565022421524664,223,0.48044692737430167,179,0.38565022421524664,223,0.0057251157024940024,0.7757847533632287,0.004881735296895293,0.6636771300448431,0.0038657405316973766,0.5381165919282511,0.0026536481014424553,0.3721973094170404,0.8584540270090811,0.775821774367011,0.699345835374978,0.3905958109018727,0.2252471161646517,0.5872559572170416,187.18361431825338,0.052808854266908144,0.1535131425912783,0.14815809609917804,0.8411318098624342,0.15346866556130478,0.0,0.0,0.0,0.0,0.8552520003612387,0.858316915574831,0.0032020266478423897,0.006038078370048861,0.0001371114342502,25079.04783258595,16415.12481315396,21542.942451420033,27205.0687593423,0.5537203169380424,0.8461932105474348,0.011462674042676852,0,0.0,0.12705530642750387,0.3557548579970114,0.18871449925261613,0.48281016442451563,0.2597159940209273,0.36995515695067366,0.1124813153961137,0.04446935724962631,0.03886397608370702,0.01569506726457399,0.002242152466367713,0.002242152466367713,0.0,0.0,0.0,0.0,0.0,0.0,val,exploratory selected-development outputs,0.003202026647842388,0.0014227542049203353,0.005142884970332723,known_case_group,222,2000,17,0.00013711143425020373,-0.000955536612114719,0.0012333509759497462,known_case_group,222,2000,17,-0.0036257299170342682,-0.0046026070096497505,-0.002754688966075367,known_case_group,222,2000,17,-0.0035564613503023977,-0.004350355985092739,-0.0028218319506543126,known_case_group,222,2000,17,-0.08520179372197309,-0.13901345291479822,-0.03153153153153153,known_case_group,222,2000,17,0.005853034835584553,0.004399454249404494,0.00739144888692824,known_case_group,222,2000,17,False,eligible
P2-IMA-M-v2,17,Shrink-D0-0.666667,6e0811712543811a10b6cde1ec29db65b7bb4f25142c6991f2738d3d5c073f0a,H,0.6666666666666666,0.0,0.6666666666666666,shrink,47,104,0.006670516284521228,0.011612910232388763,0.004942393947867531,0.003174517787783524,0.5106382978723404,-0.004863230937387118,-0.03987406259715702,5,0.40425531914893614,47,0.5277777777777778,36,0.40425531914893614,47,0.004942393947867531,0.7446808510638298,0.004137771337552436,0.6595744680851063,0.003174517787783524,0.5106382978723404,0.0020309060517420974,0.3617021276595745,0.8216287101265477,0.7304931949633852,0.6197643827116935,0.24316602072051183,0.13651058532505778,0.4258274020203394,197.1796975387234,0.06807054116612248,0.21093965642127796,0.22402731084689192,0.8021479943445294,0.21080958064114258,0.0,0.0,0.0,0.0,0.8149581938420262,0.8255253035873007,0.006670516284521228,0.009153149989004253,-0.0038965934607532483,8271.670212765957,11652.420212765957,17784.57978723404,10974.41489361702,0.5511957602828149,1.1533679097177296,0.014695321125774092,0,0.0,0.13120567375886524,0.25354609929078004,0.1843971631205673,0.45390070921985837,0.18971631205673756,0.3776595744680852,0.18262411347517724,0.09929078014184398,0.07446808510638298,0.0425531914893617,0.0,0.010638297872340425,0.0,0.0,0.0,0.0,0.0,0.0,val,exploratory selected-development outputs,0.006670516284521232,0.0024725479971467244,0.011557495691491984,known_case_group,47,2000,17,-0.0038965934607532397,-0.00667136802273375,-0.001327490599193516,known_case_group,47,2000,17,-0.006414014208409744,-0.009164751427244048,-0.003848174040830913,known_case_group,47,2000,17,-0.0026132025932801687,-0.003981283344899773,-0.0013197720483196797,known_case_group,47,2000,17,-0.06382978723404255,-0.19148936170212766,0.06382978723404255,known_case_group,47,2000,17,0.002356349863652946,-0.001627236578941359,0.006670620586767466,known_case_group,47,2000,17,False,
P2-IMA-M-v2,17,Shrink-D0-0.666667,6e0811712543811a10b6cde1ec29db65b7bb4f25142c6991f2738d3d5c073f0a,T1,0.6666666666666666,0.0,0.6666666666666666,shrink,20,49,0.004391165366157581,0.009616871800448531,0.00522570643429095,0.003279012539955969,0.45,-0.005182179632688549,-0.04526218792553355,2,0.25,20,0.3333333333333333,15,0.25,20,0.00522570643429095,0.7,0.004381837984003078,0.65,0.003279012539955969,0.45,0.0020833454742543696,0.35,0.8520382738277593,0.7697291724068595,0.6822407728569432,0.2451248497892619,0.13719513402028644,0.44659091379841,132.87828788680267,0.06478922379483006,0.20391336339525878,0.25057165888138117,0.8427449320753416,0.2035748558075984,0.0,0.0,0.0,0.0,0.847647108461602,0.8554848208728814,0.004391165366157581,0.0008720400277525186,-0.003446547045121931,1297.25,8055.4958333333325,4350.154166666666,6023.8,0.5435935532872397,0.9206078886340551,0.018713514894983463,0,0.0,0.20833333333333331,0.31250000000000006,0.13333333333333333,0.4250000000000001,0.2125,0.3958333333333334,0.15416666666666665,0.10833333333333332,0.05,0.0,0.0,0.0,0.0,0.0,0.0,0.0,0.0,0.0,val,exploratory selected-development outputs,0.004391165366157588,-0.0011322152057714955,0.011381771025981756,known_case_group,20,2000,17,-0.00344654704512192,-0.006973166890176054,-9.704967478153458e-05,known_case_group,20,2000,17,-0.0049802848863802355,-0.007701107967946573,-0.002601643984248299,known_case_group,20,2000,17,-0.0019185639897020084,-0.0035332987055228583,-0.0004320585320691531,known_case_group,20,2000,17,-0.1,-0.3,0.1,known_case_group,20,2000,17,0.0012300474950803137,-0.003912751345708852,0.006279207904345579,known_case_group,20,2000,17,False,
P2-IMA-M-v2,17,Shrink-D0-1.000000,6e0811712543811a10b6cde1ec29db65b7bb4f25142c6991f2738d3d5c073f0a,M,1.0,0.0,1.0,shrink,223,471,0.0030649152135921896,0.012552872267370662,0.009487957053778473,0.0074222018819997725,0.6233183856502242,-0.013812583566613443,-0.06666460902230338,23,0.42152466367713004,223,0.48205128205128206,195,0.42152466367713004,223,0.009487957053778473,0.7847533632286996,0.008594419909036416,0.7309417040358744,0.0074222018819997725,0.6233183856502242,0.005835094162595868,0.5112107623318386,0.858316915574831,0.7752951481186273,0.6953457042321619,0.3803099174830215,0.21931091895986743,0.5812617008170544,186.71883120506132,0.052603580986980106,0.1539851270312574,0.14980114680215137,0.841830892524535,0.15395645851260165,0.0,0.0,0.0,0.0,0.8552520003612387,0.858316915574831,0.0030649152135921896,0.00556609393006973,0.0,44658.63826606876,22850.47346786248,27008.185724962634,43215.56352765321,0.5537203169380424,1.1581989799741819,0.017116719721224975,0,0.0,0.08034379671150975,0.37369207772795315,0.15620328849028423,0.4775784753363243,0.31539611360239245,0.38116591928251226,0.10089686098654717,0.043348281016442454,0.043348281016442454,0.02354260089686098,0.002242152466367713,0.002242152466367713,0.0,0.0,0.0,0.0,0.0,0.0,val,exploratory selected-development outputs,0.003064915213592184,0.0004495227566743582,0.0059604170915193485,known_case_group,222,2000,17,0.0,0.0,0.0,known_case_group,222,2000,17,0.0,0.0,0.0,known_case_group,222,2000,17,0.0,0.0,0.0,known_case_group,222,2000,17,0.0,0.0,0.0,known_case_group,222,2000,17,0.0,0.0,0.0,known_case_group,222,2000,17,False,eligible
P2-IMA-M-v2,17,Shrink-D0-1.000000,6e0811712543811a10b6cde1ec29db65b7bb4f25142c6991f2738d3d5c073f0a,H,1.0,0.0,1.0,shrink,47,104,0.010567109745274477,0.018026924440798505,0.007459814695524027,0.005787720381063693,0.574468085106383,-0.007219580801040064,-0.05794142116732668,5,0.44680851063829785,47,0.5121951219512195,41,0.44680851063829785,47,0.007459814695524027,0.7021276595744681,0.006748207026063355,0.6595744680851063,0.005787720381063693,0.574468085106383,0.00439432111961448,0.5106382978723404,0.8255253035873007,0.7350900907206728,0.6209810422844424,0.2403868682310032,0.133263234458589,0.4251556828737232,193.33473550692392,0.06673486552728539,0.2089820848976044,0.22406689796170734,0.8061027287175169,0.20886263439558078,0.0,0.0,0.0,0.0,0.8149581938420262,0.8255253035873007,0.010567109745274477,0.011110721512677823,0.0,16426.77659574468,14412.64716312057,24745.629432624115,21186.351063829785,0.5511957602828149,1.561624850728891,0.02152789912581525,0,0.0,0.0549645390070922,0.28368794326241126,0.15780141843971626,0.5354609929078017,0.2446808510638297,0.41489361702127675,0.09042553191489362,0.0797872340425532,0.05319148936170213,0.07446808510638298,0.0,0.010638297872340425,0.0,0.0,0.0,0.0,0.0,0.0,val,exploratory selected-development outputs,0.01056710974527447,0.004351990530580875,0.01796567708470799,known_case_group,47,2000,17,0.0,0.0,0.0,known_case_group,47,2000,17,0.0,0.0,0.0,known_case_group,47,2000,17,0.0,0.0,0.0,known_case_group,47,2000,17,0.0,0.0,0.0,known_case_group,47,2000,17,0.0,0.0,0.0,known_case_group,47,2000,17,False,
P2-IMA-M-v2,17,Shrink-D0-1.000000,6e0811712543811a10b6cde1ec29db65b7bb4f25142c6991f2738d3d5c073f0a,T1,1.0,0.0,1.0,shrink,20,49,0.00783771241127951,0.014597156686828766,0.006759444275549255,0.005197576529657977,0.55,-0.006412227127768863,-0.06454127006817767,2,0.35,20,0.3888888888888889,18,0.35,20,0.006759444275549255,0.6,0.006107265805132482,0.55,0.005197576529657977,0.55,0.003879365166870754,0.45,0.8554848208728814,0.7744003509217026,0.6853174809618701,0.2537101814259652,0.13630878642372002,0.44801352516778836,129.85992451379303,0.06364091315807203,0.201767320279032,0.2491297678090632,0.8455951280891896,0.20145208314800261,0.0,0.0,0.0,0.0,0.847647108461602,0.8554848208728814,0.00783771241127951,0.0030180831439793115,0.0,2598.5583333333334,9408.420833333334,5138.329166666666,10736.391666666666,0.5435935532872397,1.264414377682803,0.02656947265971899,0,0.0,0.029166666666666667,0.3083333333333334,0.14583333333333334,0.5416666666666667,0.2916666666666667,0.4333333333333334,0.037500000000000006,0.11249999999999999,0.0,0.09999999999999999,0.0,0.0,0.0,0.0,0.0,0.0,0.0,0.0,val,exploratory selected-development outputs,0.007837712411279507,0.0003490963061150688,0.017191736446849036,known_case_group,20,2000,17,0.0,0.0,0.0,known_case_group,20,2000,17,0.0,0.0,0.0,known_case_group,20,2000,17,0.0,0.0,0.0,known_case_group,20,2000,17,0.0,0.0,0.0,known_case_group,20,2000,17,0.0,0.0,0.0,known_case_group,20,2000,17,False,
