threshold,dsc,iou,acc,sen,spe,pre
0.300000,0.881834,0.806068,0.940724,0.917388,0.953571,0.884655
0.320000,0.882879,0.807915,0.941378,0.914443,0.956696,0.889459
0.340000,0.883730,0.809475,0.941898,0.911522,0.959557,0.893967
0.360000,0.884432,0.810787,0.942301,0.908606,0.962173,0.898214
0.380000,0.885019,0.811925,0.942616,0.905676,0.964631,0.902303
0.400000,0.885464,0.812845,0.942841,0.902748,0.966918,0.906166
0.420000,0.885754,0.813519,0.942962,0.899737,0.969056,0.909856
0.440000,0.885932,0.814020,0.942993,0.896717,0.971065,0.913375
0.460000,0.885972,0.814334,0.942936,0.893609,0.972946,0.916786
0.480000,0.885858,0.814416,0.942793,0.890405,0.974734,0.920029
0.500000,0.885610,0.814298,0.942543,0.887090,0.976408,0.923176
0.520000,0.885201,0.813948,0.942206,0.883657,0.977989,0.926210
0.540000,0.884686,0.813448,0.941818,0.880136,0.979506,0.929187
0.560000,0.884013,0.812714,0.941332,0.876509,0.980917,0.932018
0.580000,0.883211,0.811799,0.940785,0.872752,0.982272,0.934799
0.600000,0.882320,0.810733,0.940160,0.868932,0.983546,0.937501
0.620000,0.881327,0.809517,0.939469,0.865003,0.984749,0.940151
0.640000,0.880158,0.808040,0.938692,0.860883,0.985901,0.942737
0.660000,0.878813,0.806298,0.937825,0.856559,0.986999,0.945262
0.680000,0.877281,0.804296,0.936856,0.851944,0.988056,0.947795
0.700000,0.875554,0.802017,0.935794,0.847083,0.989085,0.950306
