seed,stage,run_id,epoch,method,weight,q,augmented_train_loss,augmented_train_seg,augmented_train_risk,augmented_train_weighted_risk,augmented_train_rho,augmented_train_J,augmented_train_kappa_pm,augmented_train_activation_rate,augmented_train_mean_weight,canonical_train_loss,canonical_train_seg,canonical_train_risk,canonical_train_weighted_risk,canonical_train_rho,canonical_train_J,canonical_train_kappa_pm,canonical_train_activation_rate,canonical_train_mean_weight,val_loss,val_seg,val_risk,val_weighted_risk,val_rho,val_J,val_kappa_pm,val_activation_rate,val_mean_weight,val_images,val_J_p50,val_J_p90,val_J_p99,val_dice,val_iou,val_G_plus,val_H_epsilon,val_mean_gain,val_H_minus,val_any_harm,val_sign_flip,seg_gradient_norm,weighted_risk_gradient_norm,risk_seg_gradient_ratio,risk_seg_gradient_cosine,gradient_norm_before_clip,gradient_norm_finite_count,gradient_norm_nonfinite_count,gradient_clip_fraction,amp_skipped_steps,amp_skipped_step_fraction,augmented_message_rms,augmented_logit_delta_rms,lr_group0,lr_group1,epoch_seconds,peak_cuda_bytes,anchor_max_absolute_error,best_epoch,best_val_dice,optimizer_steps,optimizer_step_attempts,skipped_optimizer_steps
17,D,AbsHard-1,1,abs_hard,1.0,0.1325787454843521,0.16253678826836807,0.12199775935394434,0.04053902922845227,0.04053902922845227,0.3268978049729164,0.006420224361478735,0.6097892590074779,0.24806254333294142,1.248062544741005,0.16170985042988079,0.12146498617937093,0.04024486398970313,0.04024486398970313,0.3344323615449209,0.007181194329708384,0.6363018355265837,0.25367097287134277,1.2536709753531814,0.21783882065471513,0.1540359703013715,0.0638028508879144,0.0638028508879144,0.43049327781916735,0.004259026125428421,0.5650224216583064,0.344170406260298,1.3441704083985813,223,0.0006843395531177521,0.013967840373516094,0.027597992233932018,0.8580250803162616,0.7748773155244529,0.01200394698357369,0.007125707639929421,0.0027730799550228437,0.009230867028550846,0.6547085201793722,0.4484304932735426,,,,,0.09302803020640883,184,0,0.0,0,0.0,0.5714644796984352,1.3026456645001536,5e-05,,42.30088120399887,541135360,0.0,1,0.8580250803162616,184,184,0
17,D,AbsHard-1,2,abs_hard,1.0,0.1325787454843521,0.1617508033843854,0.12153392439590353,0.0402168790728454,0.0402168790728454,0.33624518762471156,0.007106260656753338,0.6295037389936129,0.25401087833617836,1.2540108813143847,0.16216916402005405,0.1216977369128888,0.04047142752729121,0.04047142752729121,0.33329934550336554,0.0066434988966635865,0.628144119646499,0.2535576712996031,1.253557673690272,0.21991113015354483,0.15498010981243288,0.0649310210761468,0.0649310210761468,0.4431988078382518,0.004289162391170258,0.5426008969946292,0.3508968636594011,1.3508968657976843,223,0.00071759894490242,0.013981591910123825,0.03318657230585814,0.8574188752628005,0.7741913909632784,0.011902406577593963,0.007536636516231594,0.0021668749015616644,0.009735531676032298,0.672645739910314,0.4484304932735426,,,,,0.09577189703755405,184,0,0.0,0,0.0,0.5662953299672707,1.2909032307241275,0.0001,,27.550594242002262,544739840,0.0,1,0.8580250803162616,368,368,0
17,D,AbsHard-1,3,abs_hard,1.0,0.1325787454843521,0.16197585177757884,0.12178915435667349,0.040186697306072834,0.040186697306072834,0.33873782295260113,0.006903285554146114,0.6342624065666925,0.252141401019735,1.2521414024176685,0.1612558228012496,0.1212718027797708,0.03998402008866887,0.03998402008866887,0.33063675757981253,0.0070148839659287384,0.628823929299796,0.25242465510609846,1.2524246572232587,0.21899874822441237,0.15466156708819984,0.06433717849676919,0.06433717849676919,0.4383408114514543,0.004144396027602306,0.5650224216583064,0.3449177907721344,1.3449177939795594,223,0.0008858451619744301,0.013068185001611715,0.031081589162349703,0.8578733746729197,0.7745710777068359,0.01211239704885198,0.0073468100200385755,0.0026213743116809884,0.009491022737170991,0.6502242152466368,0.4349775784753363,,,,,0.09496320011701596,184,0,0.0,0,0.0,0.5720995716426683,1.3009080169317515,0.0001,,26.976965591002227,545847808,0.0,1,0.8580250803162616,552,552,0
17,D,AbsHard-1,4,abs_hard,1.0,0.1325787454843521,0.16152728107371028,0.12144579869561418,0.04008148233156163,0.04008148233156163,0.3285973295113572,0.00707932154902521,0.6111488783545919,0.2531611157833193,1.2531611181942481,0.16120534602940123,0.12125710853806651,0.03994823782653329,0.03994823782653329,0.3272943600232224,0.0065359793805069635,0.6240652617267165,0.2525379567690077,1.2525379590482473,0.2190766161466393,0.1545626822474826,0.06451393353163928,0.06451393353163928,0.420029899197309,0.004004514285973002,0.5739910315237773,0.3508968636594011,1.3508968657976843,223,0.00045510753989219666,0.0136710524559021,0.029466983973979954,0.8581170828273674,0.7749723874825788,0.011152283816731407,0.006270995977010346,0.0028650824661287833,0.008287201350602624,0.6188340807174888,0.4439461883408072,,,,,0.0945293875714845,184,0,0.0,0,0.0,0.5680872122554675,1.3017125040616677,9.98292246503335e-05,,25.892873221000627,543750656,0.0,4,0.8581170828273674,736,736,0
17,D,AbsHard-1,5,abs_hard,1.0,0.1325787454843521,0.16104229039213108,0.12120152871617648,0.03984076149634577,0.03984076149634577,0.32599139204445055,0.006786572978853037,0.6172671652140057,0.25338771914965763,1.2533877221683836,0.16124148139594607,0.12134247403883107,0.039899007044115274,0.039899007044115274,0.3314865197882532,0.006966294880731179,0.6247450713800136,0.2510650358197642,1.2510650379166646,0.21968886971206408,0.15504412647052732,0.06464474397657163,0.06464474397657163,0.45029895776055856,0.004126486320710519,0.5336322871291584,0.3538864006376053,1.35388640384503,223,0.0007176212966442108,0.014300116896629338,0.031321499794721604,0.8573281053639467,0.7738160328129713,0.01168491904831591,0.007420558109059959,0.002076105002707732,0.009608814045608179,0.6547085201793722,0.4439461883408072,0.04740796238183975,0.15864786505699158,3.3464391231536865,0.14057298004627228,0.0928559695046557,184,0,0.0,0,0.0,0.5709317772770706,1.2987894890424998,9.931806517013612e-05,,37.56070739400093,544281088,0.0,4,0.8581170828273674,920,920,0
17,D,AbsHard-1,6,abs_hard,1.0,0.1325787454843521,0.16070175422121277,0.1211802531654214,0.03952150110644114,0.03952150110644114,0.33092001224358336,0.006633766773609504,0.610469068660775,0.2536143221310577,1.2536143238734097,0.16092581024366848,0.12108242103005655,0.03984338873445723,0.03984338873445723,0.3294470907878422,0.007054920452168904,0.6179469748470429,0.25163154391145154,1.2516315457449732,0.21875677321256543,0.15449048364910845,0.06426628979733172,0.06426628979733172,0.4353512747405356,0.004391166952651645,0.5784753364565126,0.3568759365466678,1.3568759376158095,223,0.0010144207626581192,0.013044054806232453,0.03140379294753075,0.857785632286171,0.7745400580368741,0.011963854526915757,0.007307693809017508,0.0025336319249322993,0.009430222601983456,0.6547085201793722,0.4439461883408072,,,,,0.09070155331257569,184,0,0.0,0,0.0,0.5856453698614369,1.307333905087865,9.847001329696653e-05,,34.369936966999376,543224320,0.0,4,0.8581170828273674,1104,1104,0
17,D,AbsHard-1,7,abs_hard,1.0,0.1325787454843521,0.16086461835678217,0.12115394183764402,0.03971067699925244,0.03971067699925244,0.3274303225333151,0.0069456085214924124,0.6063902107409925,0.25055517883304024,1.250555180838771,0.1607378595068615,0.12112471800143017,0.039613141371842596,0.039613141371842596,0.3315431705589281,0.007306683594569878,0.6329027872600983,0.25259460750929275,1.2525946093934641,0.21806006601305822,0.15429378030278756,0.06376628393950484,0.06376628393950484,0.4409566559064549,0.00424222797238907,0.5829596412556054,0.3523916316139324,1.352391632683074,223,0.0007282495498657227,0.01355892345309258,0.03168558798730373,0.8578600693705414,0.7744880918491045,0.012074933709247913,0.007359696694433076,0.002608069009302596,0.009466864699945319,0.6591928251121076,0.4484304932735426,,,,,0.09586895179286924,184,0,0.0,0,0.0,0.590948819871182,1.3066270791965982,9.729086208503174e-05,,26.669470299999375,543754752,0.0,4,0.8581170828273674,1288,1288,0
17,D,AbsHard-1,8,abs_hard,1.0,0.1325787454843521,0.16061169689079274,0.121118029573189,0.039493667572356235,0.039493667572356235,0.32842737663205507,0.007198987409120608,0.6220258327668253,0.25197144907238855,1.251971451138899,0.16062124103895262,0.12094156531190321,0.03967967588677423,0.03967967588677423,0.32882393192547993,0.006785570684757734,0.6254248810333106,0.2495921148907806,1.2495921167850819,0.21862238785878424,0.15437342306690902,0.06424896546008875,0.06424896546008875,0.4473094213169252,0.004180767887163356,0.6008968611201898,0.3531390161257688,1.3531390182640521,223,0.000813215970993042,0.013232785463333138,0.03291891284286976,0.8577044614126581,0.7745971626628851,0.011822064639129787,0.00728894279654966,0.0024524610514192902,0.009369603587710497,0.6322869955156951,0.4260089686098655,,,,,0.09406880535306814,184,0,0.0,0,0.0,0.5948436131457919,1.3207248588619025,9.578866633275288e-05,,27.013745066997217,543750656,0.0,4,0.8581170828273674,1472,1472,0
17,D,AbsHard-1,9,abs_hard,1.0,0.1325787454843521,0.16072234062618498,0.12109213552857483,0.03963020533716773,0.03963020533716773,0.3344890128828732,0.007088336297282398,0.6145479266008174,0.2513482900884669,1.2513482920739376,0.16068935556366362,0.12093874436304895,0.039750611370766215,0.039750611370766215,0.315057786263875,0.006448256045342964,0.6002719238613188,0.25185814719675026,1.2518581497191086,0.21957004050235576,0.15469723786206524,0.06487280347555742,0.06487280347555742,0.439835579673271,0.003835115220497943,0.5336322869955157,0.34715994243664594,1.3471599469804978,223,0.00048519205302000046,0.012098418176174172,0.02926243606954813,0.8577979920610854,0.7746818125476729,0.011418550790803917,0.006768091093619389,0.0025459916998465753,0.008872559090957341,0.6412556053811659,0.4484304932735426,,,,,0.09499039420979502,184,0,0.0,0,0.0,0.5977066469419262,1.3139451727595017,9.397368756032445e-05,,25.818767848999414,546306560,0.0,4,0.8581170828273674,1656,1656,0
17,D,AbsHard-1,10,abs_hard,1.0,0.1325787454843521,0.15988863802012904,0.12072893957918311,0.039159698355474455,0.039159698355474455,0.3311126248557741,0.007190210892335163,0.619986403806934,0.2509290739073387,1.2509290759535892,0.16041243671459215,0.12088928155899858,0.039523155078985794,0.039523155078985794,0.3173238184685451,0.006850552823433158,0.6091094493541809,0.24857240044122483,1.2485724027103344,0.21744202464952597,0.15381727350934205,0.0636247528107177,0.0636247528107177,0.439461886882782,0.0039998031672374285,0.5515695067264574,0.3486547111930334,1.3486547133313167,223,0.0004684031009674072,0.014634124189615266,0.029057702571153643,0.8581523993384722,0.7749761290092819,0.011714406488200128,0.0067502977580479965,0.0029003989772333184,0.008814007510966811,0.6188340807174888,0.4080717488789238,0.044918615370988846,0.11496973782777786,2.559512138366699,-0.3234676122665405,0.09065364379152331,184,0,0.0,0,0.0,0.6153837521762952,1.339485365735448,9.185832391312644e-05,,39.63254425199921,543750656,0.0,10,0.8581523993384722,1840,1840,0
17,D,AbsHard-1,11,abs_hard,1.0,0.1325787454843521,0.16060330881341472,0.12102692071310442,0.039576387866688253,0.039576387866688253,0.3304328150201379,0.006956198376592029,0.6179469748470429,0.2482324955740565,1.2482324978836858,0.16030985153932947,0.1208663058222191,0.03944354522707388,0.03944354522707388,0.32400861355133564,0.006932484597299453,0.6179469748673028,0.24857240046148477,1.2485724027103344,0.21835163636592472,0.15431437243795182,0.06403726499711451,0.06403726499711451,0.43086696954051473,0.004347422323085268,0.6053811660529252,0.34940209570486985,1.3494020989122946,223,0.0008575394749641418,0.013048589229583749,0.03261508822441101,0.8581613524392527,0.7749367044539529,0.012182584223945775,0.00716316146250508,0.0029093520780139022,0.009273232145931874,0.6547085201793722,0.43946188340807174,,,,,0.0959576602883475,184,0,0.0,0,0.0,0.6111975810288087,1.3487220638148163,8.945702546981969e-05,,26.72753053300039,544739840,0.0,11,0.8581613524392527,2024,2024,0
17,D,AbsHard-1,12,abs_hard,1.0,0.1325787454843521,0.1598777130985649,0.12081076683417054,0.03906694639636075,0.03906694639636075,0.332642196909981,0.0069228503079882325,0.6227056424403823,0.2469635178024148,1.2469635196967161,0.1602552568098058,0.12080289184905331,0.03945236506118147,0.03945236506118147,0.3312032659146188,0.007344880497646863,0.6356220258327668,0.2549739413262224,1.2549739434231226,0.21910836951882315,0.15460547156665358,0.06450289888766848,0.06450289888766848,0.431988046040984,0.004251277707976544,0.5650224216583064,0.3538864006376053,1.35388640384503,223,0.0007241256535053253,0.0133766382932663,0.031907112710177904,0.8576727007432207,0.77430836590531,0.011923188100371544,0.007397754746039657,0.002420700381981967,0.009502487718389574,0.6547085201793722,0.45739910313901344,,,,,0.09604676881724078,184,0,0.0,0,0.0,0.6094938511757747,1.3420601611875969,8.678619553365659e-05,,26.77753000699886,543691264,0.0,11,0.8581613524392527,2208,2208,0
17,D,AbsHard-1,13,abs_hard,1.0,0.1325787454843521,0.15979104117065526,0.12061614675648677,0.03917489472186582,0.03917489472186582,0.3292771387189363,0.007463228734011333,0.6206662134602311,0.2517448457060502,1.2517448479751598,0.1601363260078641,0.12066155026288847,0.03947477568427505,0.03947477568427505,0.32140267661118654,0.006637605598603485,0.611148878314072,0.25214140109064465,1.2521414029849458,0.21937530604713165,0.1547424247981187,0.06463288058079947,0.06463288058079947,0.4409566559064549,0.0043113113113683165,0.5919282512547189,0.34715994323850213,1.347159946445927,223,0.0008714543655514717,0.013086843490600585,0.03248599097132683,0.8579557685720449,0.7747107512193021,0.011628817284835316,0.006852853493789462,0.002703768210806119,0.008925049074029197,0.6412556053811659,0.4349775784753363,,,,,0.09159322788574449,184,0,0.0,0,0.0,0.6181616488358249,1.3415546875609003,8.386407858128706e-05,,27.201654975000565,542706176,0.0,11,0.8581613524392527,2392,2392,0
17,D,AbsHard-1,14,abs_hard,1.0,0.1325787454843521,0.16038721347041554,0.12089893409765796,0.03948827945276839,0.03948827945276839,0.32706775740650057,0.0069832539378073735,0.6077498300881065,0.2524813060591125,1.2524813081357529,0.16024767306084378,0.12086743419770883,0.039380238332103794,0.039380238332103794,0.3360752349682684,0.007736934443909161,0.6342624065666925,0.25599365583655787,1.2559936580651476,0.21696497419757158,0.15371055620400895,0.06325442009843518,0.06325442009843518,0.44431988407143563,0.004514678682601539,0.5739910315237773,0.3516442481712376,1.3516442513786624,223,0.0010067764669656754,0.014209233224391948,0.032059822529554374,0.8579861763339932,0.7746587318803763,0.013008685880122444,0.008164773721782884,0.0027341759727542263,0.01027450990736822,0.6457399103139013,0.4260089686098655,,,,,0.10008900754315697,184,0,0.0,0,0.0,0.6237344271300928,1.3625624583143254,8.07106356344834e-05,,40.728912522998144,543750656,0.0,11,0.8581613524392527,2576,2576,0
17,D,AbsHard-1,15,abs_hard,1.0,0.1325787454843521,0.15975319835744206,0.12054979979465155,0.0392033985376239,0.0392033985376239,0.32221844875431643,0.006967781776771896,0.611148878314072,0.24913890871525135,1.2491389108628015,0.15987769169397373,0.1205280296641252,0.03934966176916053,0.03934966176916053,0.3256514867416942,0.007207107958925178,0.6179469748470429,0.2530478139887206,1.2530478159640615,0.21833707332076513,0.15417721346354804,0.06415985878807547,0.06415985878807547,0.4439461934192298,0.004351855941626323,0.5784753364565126,0.3426756383057667,1.3426756415131915,223,0.0007646875455975533,0.012878142297267916,0.0359854356944561,0.8581585383766416,0.7749934308109846,0.012261631509543621,0.007254271948279278,0.002906538015402876,0.009355093494140746,0.6591928251121076,0.452914798206278,0.05008527263998985,0.12926292419433594,2.580857038497925,-0.1742674857378006,0.09130153800968242,184,0,0.0,0,0.0,0.6375466360832038,1.349539258395848,7.734740790612135e-05,,26.995404473000235,543691264,0.0,11,0.8581613524392527,2760,2760,0
17,D,AbsHard-1,16,abs_hard,1.0,0.1325787454843521,0.15939857893801318,0.12030904645886574,0.03908953226562703,0.03908953226562703,0.3263312971243479,0.0064915867308996756,0.6247450713800136,0.25100838507947915,1.2510083878145666,0.16011306732123112,0.12085350865737506,0.03925955871134024,0.03925955871134024,0.32967369395158147,0.00768538163439893,0.6356220258327668,0.2544640841470293,1.25446408618315,0.21768721751033457,0.15400125467189224,0.0636859623372822,0.0636859623372822,0.43497758195004654,0.004504152548587108,0.5919282512547189,0.35426009235895267,1.3542600966355192,223,0.0009407401084899902,0.013663701713085175,0.036818016543984415,0.8578804242761786,0.7746034411780708,0.012170571914097025,0.00747136146187262,0.002628423914939806,0.009542147999157218,0.6591928251121076,0.47085201793721976,,,,,0.09431286320171278,184,0,0.0,0,0.0,0.6346508633831273,1.353858830974154,7.379736965185368e-05,,30.079790512001637,543750656,0.0,11,0.8581613524392527,2944,2944,0
17,D,AbsHard-1,17,abs_hard,1.0,0.1325787454843521,0.15922847694073464,0.1203533648168206,0.038875112547789255,0.038875112547789255,0.3254248840844526,0.007186001510170043,0.6050305914343984,0.25106503607301306,1.2510650377545853,0.15974062247636123,0.12047762218115687,0.03926300045617563,0.03926300045617563,0.3235554071529474,0.006806417932622464,0.619986403806934,0.25089508355838924,1.250895085989578,0.21927777620976283,0.15464291009935027,0.06463486778094629,0.06463486778094629,0.44319880837282255,0.0043249579330263115,0.5515695068601001,0.34940209570486985,1.3494020989122946,223,0.0007199682295322418,0.013327629864215856,0.03520844154059887,0.8577635234471884,0.7744978515904817,0.011677195295260354,0.007073513693112315,0.0025115230859496444,0.009165672209310709,0.6591928251121076,0.4618834080717489,,,,,0.09433966581507222,184,0,0.0,0,0.0,0.6354902892818918,1.352409756216018,7.008477123264848e-05,,26.816239908999705,542642688,0.0,11,0.8581613524392527,3128,3128,0
17,D,AbsHard-1,18,abs_hard,1.0,0.1325787454843521,0.1588143598969537,0.12013053617748494,0.03868382410203277,0.03868382410203277,0.33318604417474473,0.007291711595028615,0.6227056424403823,0.25044187719039085,1.2504418789327427,0.1595145354641286,0.12044522488384649,0.0390693106633794,0.0390693106633794,0.3236687089171562,0.0071013651526755294,0.6220258327668253,0.25440743334596455,1.2544074354327348,0.21832987966826145,0.1543607242037897,0.06396915426168741,0.06396915426168741,0.41853513124277775,0.004309955410108037,0.5919282512547189,0.3516442481712376,1.3516442513786624,223,0.0006966441869735718,0.013498008251190187,0.03341306984424591,0.8576617961800035,0.774282646415515,0.012056308807940617,0.007520090554587572,0.0024097958187645945,0.009646512989176022,0.6591928251121076,0.4484304932735426,,,,,0.0916444492607337,184,0,0.0,0,0.0,0.6397990089557741,1.335329940299625,6.623497346023418e-05,,26.81977144800112,543750656,0.0,11,0.8581613524392527,3312,3312,0
17,D,AbsHard-1,19,abs_hard,1.0,0.1325787454843521,0.15928457227087928,0.12030927130837249,0.03897530071513413,0.03897530071513413,0.32791751955416154,0.006917855727348925,0.6152277362541144,0.2507251312564944,1.250725134143531,0.15957832419997894,0.12039205383314396,0.03918626985119663,0.03918626985119663,0.3221391370148986,0.006884543229640607,0.6172671651937458,0.2514049406565427,1.2514049429053924,0.21834625256970325,0.1541945077645939,0.06415174450441326,0.06415174450441326,0.42264574445416575,0.004199744565537692,0.5201793723309521,0.34715994323850213,1.347159946445927,223,0.0002942085266113281,0.013953301683068275,0.03511208079755307,0.8577671558191556,0.7745868483481535,0.01216894859812101,0.007493607059962821,0.0025151554579168514,0.009653793140204158,0.6457399103139013,0.43946188340807174,,,,,0.09619843273464104,184,0,0.0,0,0.0,0.6464613865575065,1.3573054044466952,6.227427435703997e-05,,40.74665155199909,542183936,0.0,11,0.8581613524392527,3496,3496,0
17,D,AbsHard-1,20,abs_hard,1.0,0.1325787454843521,0.15957846164065181,0.12042638909940327,0.03915207299772956,0.03915207299772956,0.3195898516558207,0.006675426271023263,0.601631543167913,0.24885565431485931,1.2488556556520132,0.1597497002009548,0.12056440803305297,0.039185293001209195,0.039185293001209195,0.32808747144072825,0.007228190077986013,0.628144119646499,0.25633356069359625,1.256333562729717,0.2187282720355175,0.1544507427199539,0.06427752834665401,0.06427752834665401,0.42750374110824857,0.004314683570898234,0.5650224216583064,0.3508968636594011,1.3508968657976843,223,0.0004855506122112274,0.014349937438964845,0.03367394775152207,0.8578426902960514,0.774387763606488,0.011817002683001369,0.007163379425731606,0.0025906899348127565,0.009226312748188614,0.6502242152466368,0.452914798206278,0.07095503807067871,0.1247287392616272,1.757856011390686,-0.5732398629188538,0.09616631814076201,184,0,0.0,0,0.0,0.644026931213296,1.3526433416358803,5.822972951403669e-05,,26.170457648000593,542714368,0.0,11,0.8581613524392527,3680,3680,0
17,D,AbsHard-1,21,abs_hard,1.0,0.1325787454843521,0.15907124981517132,0.12023449860852564,0.03883675098410326,0.03883675098410326,0.33448901310573215,0.00716440815175931,0.6315431679535042,0.2514049409199215,1.2514049431485113,0.1593049836859745,0.12025765126493819,0.039047332297439036,0.039047332297439036,0.32140267657066673,0.0068415438700236255,0.6145479265805575,0.25287786159565623,1.2528778635507372,0.21885574685885767,0.15449625193538152,0.06435949696152735,0.06435949696152735,0.4360986581832304,0.004294556479967897,0.5560538117928355,0.3516442481712376,1.3516442513786624,223,0.00047697126865386963,0.014253681898117066,0.03505951538681984,0.8577702002279279,0.7743794868218158,0.01181438066514552,0.00718148746107279,0.0025181998666891584,0.009296180798456361,0.6367713004484304,0.4439461883408072,,,,,0.09548695476563729,184,0,0.0,0,0.0,0.6429967780638001,1.3364546737917091,5.4128967273616625e-05,,26.41708927700165,543750656,0.0,11,0.8581613524392527,3864,3864,0
17,D,AbsHard-1,22,abs_hard,1.0,0.1325787454843521,0.1582913723559626,0.11977732097976958,0.038514051742928976,0.038514051742928976,0.32863131947536844,0.006888645331644061,0.6267845003804247,0.25055517893433976,1.2505551810818898,0.15922923734060848,0.12026509255130302,0.038964145192366795,0.038964145192366795,0.3242918675161397,0.0071523247469016515,0.6254248810333106,0.25078178181444033,1.2507817840835498,0.21893594096594327,0.1545796960993198,0.0643562453677836,0.0643562453677836,0.43871450344008717,0.004279139325348452,0.5695067265910418,0.3516442481712376,1.3516442513786624,223,0.0006698295474052429,0.013164058327674867,0.037310915216803554,0.8578133805709369,0.7745786952026311,0.012614537382044084,0.007905234523255752,0.0025613802096981675,0.010053157172345914,0.6636771300448431,0.43946188340807174,,,,,0.09443934438952609,184,0,0.0,0,0.0,0.6457660376377727,1.3574196982966817,5e-05,,28.688968964001106,544213504,0.0,11,0.8581613524392527,4048,4048,0
17,D,AbsHard-1,23,abs_hard,1.0,0.1325787454843521,0.158637027941862,0.1200370638650911,0.03859996415753352,0.03859996415753352,0.32927713882023585,0.007024485639639624,0.612508497661186,0.24794924164977225,1.2479492432401749,0.1594879721284399,0.12051345266649952,0.03897451954711508,0.03897451954711508,0.3356220284787106,0.0079589858043364,0.6335825969133954,0.25350102043775863,1.2535010222915401,0.217502021602451,0.15408006885126568,0.06342195128111561,0.06342195128111561,0.4379671191955361,0.004572967850945623,0.5739910315237773,0.3568759365466678,1.3568759397540926,223,0.000638376921415329,0.01342618316411973,0.03992189683020115,0.8578605288608016,0.7746174072587738,0.013298423967477482,0.008560467008614974,0.002608528499562861,0.010689895467914622,0.6591928251121076,0.4170403587443946,,,,,0.09471035264837353,184,0,0.0,0,0.0,0.6522867936317039,1.358766078463067,4.5871032726383386e-05,,27.23896185200283,543750656,0.0,11,0.8581613524392527,4232,4232,0
17,D,AbsHard-1,24,abs_hard,1.0,0.1325787454843521,0.15849165859006037,0.11995656955999877,0.038535089175996226,0.038535089175996226,0.3189327020494408,0.007262182548151647,0.6084296397414035,0.2515748931914264,1.2515748945893599,0.15917461598956772,0.12017840748737654,0.03899620857234901,0.03899620857234901,0.3197598030662796,0.006983952269855226,0.6084296397008837,0.25197144873810007,1.2519714508957802,0.21934637126633938,0.15472850143374883,0.06461786939825177,0.06461786939825177,0.4353512747405356,0.0043596066534519196,0.5650224216583064,0.3516442481712376,1.3516442513786624,223,0.0006228163838386536,0.013467513769865038,0.036825779303908346,0.857805928134491,0.774556570551437,0.012122546793760958,0.007426293927427045,0.0025539277732521417,0.009568619020508816,0.6681614349775785,0.45739910313901344,,,,,0.08959383136876252,184,0,0.0,0,0.0,0.6526489457844392,1.359512756538132,4.177027048596331e-05,,26.812807095000608,544739840,0.0,11,0.8581613524392527,4416,4416,0
17,D,AbsHard-1,25,abs_hard,1.0,0.1325787454843521,0.15842103504814475,0.11993650830193169,0.03848452719794567,0.03848452719794567,0.3259347411724761,0.006841196467274361,0.6233854521139393,0.2544074335890834,1.2544074360000124,0.15911966876299669,0.12018022662437668,0.03893944173615222,0.03893944173615222,0.3209494700405891,0.007037024008712265,0.6131883072739633,0.24981871814568946,1.24981872019194,0.21783722649775278,0.15400739635587274,0.06382982930661317,0.06382982930661317,0.431988046040984,0.004520693399229258,0.5874439463219835,0.3508968636594011,1.3508968657976843,223,0.0010451097041368484,0.014373745769262319,0.03590710416436196,0.85786205392251,0.7745102450471917,0.011748427968770375,0.007051863499664772,0.0026100535612713516,0.009138374407499024,0.6502242152466368,0.4439461883408072,0.061305105686187744,0.12399788945913315,2.0226356983184814,-0.5723732709884644,0.09632139069878537,184,0,0.0,0,0.0,0.6520272695823855,1.3677679339180822,3.7725725642960056e-05,,29.710930665001797,544272896,0.0,11,0.8581613524392527,4600,4600,0
17,D,AbsHard-1,26,abs_hard,1.0,0.1325787454843521,0.1579405862323935,0.11959908078066919,0.03834150566821247,0.03834150566821247,0.32372536020445875,0.006820017781585358,0.6152277362541144,0.24794924212588007,1.2479492440505713,0.1589890942787897,0.12011259060826616,0.03887650360784447,0.03887650360784447,0.3146045799363964,0.007013363174253342,0.6043507817811012,0.252424655207398,1.2524246572232587,0.21826505514003772,0.1542492133352254,0.06401584183822298,0.06401584183822298,0.4375934272069033,0.004364249507391266,0.5739910315237773,0.3516442481712376,1.3516442513786624,223,0.0006389468908309937,0.014209923148155225,0.0353849283605814,0.8576255953153775,0.774160207657284,0.011737506458252875,0.007230666455941805,0.002373594954138632,0.009363911504114242,0.6457399103139013,0.4439461883408072,,,,,0.08823033152957974,184,0,0.0,0,0.0,0.6519015137430119,1.3646238501305166,3.376502653976584e-05,,27.13868940699831,543750656,0.0,11,0.8581613524392527,4784,4784,0
17,D,AbsHard-1,27,abs_hard,1.0,0.1325787454843521,0.1581654309679423,0.11977399850199613,0.03839143263815537,0.03839143263815537,0.32553818544346325,0.007085614627826121,0.6111488783545919,0.24806254334307137,1.2480625453082823,0.15894795828616026,0.12006817186753982,0.03887978689092953,0.03887978689092953,0.32004305718303294,0.0068543265422680785,0.6131883072739633,0.25389757610599173,1.2538975781927622,0.21884553936297582,0.15449652042356843,0.0643490189728181,0.0643490189728181,0.44020927246376,0.004242110153818879,0.5560538117928355,0.3516442481712376,1.3516442513786624,223,0.00039583444595336914,0.013298550248146059,0.033836480230093,0.8577574430420748,0.7744294961633118,0.012179115289705158,0.007539045989038094,0.0025054426808360395,0.009673672608869118,0.6367713004484304,0.4349775784753363,,,,,0.08832494632098013,184,0,0.0,0,0.0,0.6486510696780422,1.348132645468349,2.9915228767351532e-05,,27.069733753000037,543224320,0.0,11,0.8581613524392527,4968,4968,0
17,D,AbsHard-1,28,abs_hard,1.0,0.1325787454843521,0.15810994438214176,0.11972858256867433,0.038381361703699886,0.038381361703699886,0.3301269009982867,0.006722903611344386,0.6186267845205998,0.24619306659390536,1.2461930695721115,0.15881633580257745,0.1200513353889123,0.038765000121578234,0.038765000121578234,0.3208928192091345,0.007313193516257485,0.6118286879673691,0.2514615914981273,1.2514615936558073,0.217564621313805,0.15391888840316123,0.06364573301087581,0.06364573301087581,0.4342301979727809,0.004316693395292679,0.5874439463219835,0.3516442481712376,1.3516442513786624,223,0.0008585751056671143,0.013880316913127902,0.03734362453222275,0.8578366269538666,0.7745644283694609,0.012426987660690288,0.007694875275761134,0.0025846265926278596,0.009842361068062426,0.6681614349775785,0.4304932735426009,,,,,0.0937935606394287,184,0,0.0,0,0.0,0.651148702301409,1.3678559782388418,2.6202630348146324e-05,,28.060567643002287,543232512,0.0,11,0.8581613524392527,5152,5152,0
17,D,AbsHard-1,29,abs_hard,1.0,0.1325787454843521,0.1585207612213839,0.11989995524196054,0.038620805794868256,0.038620805794868256,0.32684115416172166,0.00703380057631905,0.619986403806934,0.24772263849616294,1.2477226403195545,0.15881861463178995,0.12003811783607439,0.038780496673532894,0.038780496673532894,0.3243485183070745,0.007161699967407562,0.6165873555404486,0.2533310680345643,1.253331070040295,0.2183939607421379,0.15433502197265625,0.06405893823491084,0.06405893823491084,0.4375934272069033,0.00443606647232656,0.6008968611201898,0.3538864006376053,1.35388640384503,223,0.000902865082025528,0.01223040819168091,0.03726218231022359,0.8579553004069796,0.7747090114469032,0.012613598415448254,0.007797721226166148,0.002703300045740682,0.009910298369707572,0.6322869955156951,0.4260089686098655,,,,,0.09769675958618197,184,0,0.0,0,0.0,0.6607240234380183,1.3487564356106778,2.265259209387865e-05,,26.414565292001498,543750656,0.0,11,0.8581613524392527,5336,5336,0
17,D,AbsHard-1,30,abs_hard,1.0,0.1325787454843521,0.1576627802577333,0.11949927400845722,0.038163506380015796,0.038163506380015796,0.32457512215965056,0.006838207683613984,0.6029911624745071,0.25134829006820697,1.2513482922360168,0.1589502034788631,0.12005371590259527,0.038896488146077685,0.038896488146077685,0.31868343783591896,0.006772638553640167,0.6036709721278042,0.25157489314077663,1.2515748951566372,0.21942707775954173,0.15478001367885436,0.06464706558416777,0.06464706558416777,0.4368460437642085,0.004531787278239235,0.5784753364565126,0.3516442481712376,1.3516442513786624,223,0.0005763396620750427,0.016020479798316962,0.03605832315981388,0.8578090878620074,0.7743975318308461,0.012072950546823938,0.007377720050324206,0.002557087500768525,0.009515863046055412,0.6547085201793722,0.4484304932735426,0.04873397946357727,0.17147278785705566,3.5185468196868896,-0.29523617029190063,0.0908317127386513,184,0,0.0,0,0.0,0.6621419286112422,1.3579020195681115,1.928936436551661e-05,,31.166388199999346,543750656,0.0,11,0.8581613524392527,5520,5520,0
17,D,AbsHard-1,31,abs_hard,1.0,0.1325787454843521,0.15799872194278167,0.11959132459964338,0.03840739723376646,0.03840739723376646,0.32143666720325487,0.006844312785225614,0.612508497661186,0.24670292401621732,1.246702925839609,0.1587498446991053,0.12001447106586842,0.03873537383473788,0.03873537383473788,0.3225356926122221,0.00701442370121573,0.6145479265805575,0.25287786161591613,1.2528778635507372,0.21833389843793194,0.15427619719986424,0.06405770264131606,0.06405770264131606,0.4297458935746163,0.0044050047240917455,0.582959641389248,0.3538864006376053,1.35388640384503,223,0.0008063390851020813,0.014598993957042712,0.03609725892543793,0.8579264231127831,0.7745963931387364,0.012268407945924868,0.007445555143342137,0.002674422751544358,0.00959398519438051,0.6636771300448431,0.452914798206278,,,,,0.0952544177821635,184,0,0.0,0,0.0,0.662293513993854,1.3658907369750997,1.6135921418712956e-05,,36.4260813180008,543754752,0.0,11,0.8581613524392527,5704,5704,0
17,D,AbsHard-1,32,abs_hard,1.0,0.1325787454843521,0.15815500718529413,0.11967716840640936,0.03847783886831327,0.03847783886831327,0.32442782997558267,0.006748542042179565,0.6152277362541144,0.24670292409725694,1.2467029268120844,0.15872400350752208,0.12000417313775913,0.038719830014581465,0.038719830014581465,0.32145932738186145,0.007067253826640959,0.6091094493541809,0.25321776643243477,1.253217768539465,0.21817222471461703,0.15424132113232206,0.06393090384958036,0.06393090384958036,0.423766819618208,0.004329397150987734,0.5784753364565126,0.3538864006376053,1.35388640384503,223,0.000672096386551857,0.013473401218652733,0.03536867097020149,0.8579249124003405,0.7746065259879359,0.012534194486615427,0.007695469656671637,0.0026729120391017387,0.009861282447513688,0.6636771300448431,0.452914798206278,,,,,0.09394023084567617,184,0,0.0,0,0.0,0.6618038398092208,1.3502990707107212,1.3213804466343421e-05,,26.70787566799845,543750656,0.0,11,0.8581613524392527,5888,5888,0
17,D,AbsHard-1,33,abs_hard,1.0,0.1325787454843521,0.15765527976685687,0.11943141237802848,0.03822386757643035,0.03822386757643035,0.32780421802294163,0.007198042621562874,0.6084296397211436,0.24098119261230763,1.2409811937266024,0.1587471265642113,0.12000099702261484,0.03874612973327416,0.03874612973327416,0.31879673949882825,0.006974980273680669,0.610469068660775,0.25287786162604614,1.2528778637128164,0.21864456432817228,0.15443992895395767,0.06420463504010786,0.06420463504010786,0.43871450344008717,0.004379919308317081,0.582959641389248,0.3538864006376053,1.35388640384503,223,0.0008907392621040344,0.013828375935554508,0.03620752774178982,0.8579553916525745,0.7746514239036352,0.012465013701846998,0.007613173709053752,0.0027033912913356543,0.009761622410511343,0.6681614349775785,0.4618834080717489,,,,,0.09184088059903486,184,0,0.0,0,0.0,0.6613283507201982,1.3420085437271907,1.0542974530180327e-05,,26.882564248000563,544281088,0.0,11,0.8581613524392527,6072,6072,0
17,D,AbsHard-1,34,abs_hard,1.0,0.1325787454843521,0.1577774704839809,0.11945550280473088,0.038321967475384695,0.038321967475384695,0.32859732934927793,0.006983907534319839,0.6227056424201224,0.24624971766847886,1.2462497199173286,0.15867852860774254,0.11995431810698487,0.038724210761603976,0.038724210761603976,0.3194198983814504,0.006940722915387942,0.6091094493541809,0.2515182422890621,1.251518244244143,0.21870618316892015,0.15446034040418977,0.06424584189605285,0.06424584189605285,0.431988046040984,0.004373061188784816,0.5874439463219835,0.3538864006376053,1.35388640384503,223,0.0008546710014343262,0.013745899870991707,0.03644660860300064,0.857866264566502,0.7745558507788842,0.012332428423334504,0.007555333640680576,0.002614264205263074,0.009718164218071429,0.6636771300448431,0.4439461883408072,,,,,0.09221192274202147,184,0,0.0,0,0.0,0.6633935922189899,1.3484817022538704,8.141676086873584e-06,,27.185315907001495,544281088,0.0,11,0.8581613524392527,6256,6256,0
17,D,AbsHard-1,35,abs_hard,1.0,0.1325787454843521,0.15782475537594526,0.11956358901310501,0.038261166320411176,0.038261166320411176,0.33511217176549535,0.006677798360542164,0.6179469748875627,0.24698617825453012,1.2469861807262388,0.15870289757776876,0.11996270213744659,0.03874019577162309,0.03874019577162309,0.32145932734134164,0.006915272333336973,0.6131883072739633,0.25231135354448875,1.25231135539827,0.21884837245460048,0.15452245940274723,0.0643259139539415,0.0643259139539415,0.43647235097371945,0.004385769283691329,0.5964125561874544,0.3538864006376053,1.35388640384503,223,0.0008753389120101929,0.013835762441158297,0.035833458453416824,0.8578610945481591,0.7745269619668942,0.012296281033129955,0.007519754083803175,0.002609094186920232,0.009687186846209722,0.6681614349775785,0.452914798206278,0.05063346400856972,0.13121120631694794,2.591392993927002,-0.39151519536972046,0.09556533373973292,184,0,0.0,0,0.0,0.6660627189861692,1.342606481488632,6.026312439675552e-06,,27.191499971002486,543750656,0.0,11,0.8581613524392527,6440,6440,0
17,D,AbsHard-1,36,abs_hard,1.0,0.1325787454843521,0.15695263206310453,0.11899709574913671,0.03795553594913124,0.03795553594913124,0.33029685389784874,0.006868368955750086,0.6274643100337217,0.24783593998686299,1.247835941739345,0.15874233831259607,0.11997900997940007,0.038763328338894086,0.038763328338894086,0.3191366443254768,0.00688140229544796,0.610469068660775,0.2511216866512188,1.2511216885050003,0.21883498232460877,0.15450044196817372,0.06433454132534464,0.06433454132534464,0.44020927246376,0.004427753875424643,0.5919282512547189,0.3538864006376053,1.35388640384503,223,0.0008829794824123383,0.014870828390121462,0.03535804681479931,0.8578831259827474,0.7745266197491633,0.012186770855054348,0.007406451735525931,0.002631125621508575,0.009555645233545774,0.6547085201793722,0.452914798206278,,,,,0.08810846501475443,184,0,0.0,0,0.0,0.6630095142223265,1.3501674025926902,4.2113336672471245e-06,,27.745671649998258,543754752,0.0,11,0.8581613524392527,6624,6624,0
17,D,AbsHard-1,37,abs_hard,1.0,0.1325787454843521,0.1589058188811441,0.12022213054343521,0.03868368849139926,0.03868368849139926,0.3178336762352755,0.006940638392205768,0.5927940177155708,0.248402447936731,1.248402449891812,0.1586734401296386,0.11994479114429064,0.03872864855942498,0.03872864855942498,0.3225923434436767,0.006967787370088882,0.6145479265805575,0.2525379567892676,1.2525379587240888,0.2185741302812046,0.1543751300851326,0.06419900019607201,0.06419900019607201,0.4379671199973923,0.004386197976066392,0.5964125561874544,0.3538864006376053,1.35388640384503,223,0.0009674541652202606,0.013706569373607641,0.03584685705602169,0.8578636819216905,0.7745427214607897,0.012267489668369201,0.007493159962878226,0.0026116815604518137,0.009655808107917387,0.6547085201793722,0.4484304932735426,,,,,0.09631043927663047,184,0,0.0,0,0.0,0.6662993390599022,1.3835100162288416,2.7091379149682626e-06,,27.198153839999577,543750656,0.0,11,0.8581613524392527,6808,6808,0
17,D,AbsHard-1,38,abs_hard,1.0,0.1325787454843521,0.15861650029061847,0.12001671212048534,0.03859978783109626,0.03859978783109626,0.31318831016302595,0.006663804424228305,0.5968728755948335,0.25429413184513455,1.254294133931905,0.15865730806263348,0.11994091892408563,0.038716389586333326,0.038716389586333326,0.32157262896373107,0.007015777830073115,0.6118286879673691,0.2521980519626191,1.2521980538974402,0.21850847015199104,0.15435069819469624,0.06415777105520659,0.06415777105520659,0.4379671199973923,0.004380242141055553,0.5964125561874544,0.3538864006376053,1.35388640384503,223,0.0009174048900604248,0.013559132069349293,0.036014295592904096,0.8578551390156592,0.774532137693696,0.012332851500633709,0.007562853101461178,0.0026031386544203856,0.009729712846213325,0.6591928251121076,0.452914798206278,,,,,0.09392426997099233,184,0,0.0,0,0.0,0.6643592026084661,1.3667117566194222,1.5299867030334814e-06,,27.179401026998676,543224320,0.0,11,0.8581613524392527,6992,6992,0
17,D,AbsHard-1,39,abs_hard,1.0,0.1325787454843521,0.15843210543077224,0.11998060384143541,0.03845150178639607,0.03845150178639607,0.32667120174839737,0.006706033931676467,0.6152277362743743,0.24823249551327678,1.248232497640567,0.15865208117391363,0.11993903783735656,0.03871304309660877,0.03871304309660877,0.3215726290447707,0.0070240965149764864,0.6118286879673691,0.25185814713597054,1.2518581490707916,0.2184673538389762,0.1543318563779908,0.06413549736075337,0.06413549736075337,0.4379671199973923,0.004373493376751785,0.5964125561874544,0.3538864006376053,1.35388640384503,223,0.0007150899618864059,0.013444772362709047,0.0361186283826828,0.8578580856922874,0.774539715789665,0.01233922598854821,0.007567558349607042,0.0026060853310488044,0.009733140657499407,0.6591928251121076,0.452914798206278,,,,,0.09577735700725537,184,0,0.0,0,0.0,0.6643762028087741,1.386202676464682,6.819348298638839e-07,,26.73231563799709,543750656,0.0,11,0.8581613524392527,7176,7176,0
17,D,AbsHard-1,40,abs_hard,1.0,0.1325787454843521,0.1589600463086938,0.12017597673419055,0.03878406946465657,0.03878406946465657,0.3237480202513759,0.007103939455766725,0.6240652617672363,0.246759574624813,1.2467595758606673,0.15865288109073503,0.11993980435572216,0.03871307730482769,0.03871307730482769,0.3215726290447707,0.0070254280543547406,0.611148878314072,0.25185814713597054,1.2518581490707916,0.21847111187173646,0.15433374822407026,0.06413736197713245,0.06413736197713245,0.4379671199973923,0.00437270353376999,0.5964125561874544,0.3538864006376053,1.35388640384503,223,0.0007221158593893051,0.013437242805957797,0.03610355786979199,0.8578555779772525,0.7745349281524341,0.012335743323413388,0.007565877235350848,0.0026035776160137393,0.009732165707399647,0.6591928251121076,0.452914798206278,0.05626808479428291,0.12890717387199402,2.2909464836120605,-0.4870520830154419,0.10053110022462257,184,0,0.0,0,0.0,0.664049790200332,1.3724437247475851,1.7077534966650766e-07,,44.249374325001554,543750656,0.0,11,0.8581613524392527,7360,7360,0
