stage,step,loss
A_CNN,1,0.6335825324058533
A_CNN,2,0.535365641117096
A_CNN,3,0.4509172886610031
A_CNN,4,0.40387725830078125
A_CNN,5,0.34807732701301575
A_CNN,6,0.31169116497039795
A_CNN,7,0.2924283444881439
A_CNN,8,0.26796121895313263
A_CNN,9,0.25482963025569916
A_CNN,10,0.2382928505539894
A_CNN,11,0.232072114944458
A_CNN,12,0.219704270362854
A_CNN,13,0.21669556945562363
A_CNN,14,0.20709629356861115
A_CNN,15,0.2075684294104576
A_CNN,16,0.19839974492788315
A_CNN,17,0.19975516945123672
A_CNN,18,0.18979575484991074
A_CNN,19,0.19168010354042053
A_CNN,20,0.18187550455331802
A_CNN,21,0.1856449842453003
A_CNN,22,0.17615050077438354
A_CNN,23,0.18133068829774857
A_CNN,24,0.17162809520959854
A_CNN,25,0.17772329598665237
A_CNN,26,0.16838447004556656
A_CNN,27,0.17424263805150986
A_CNN,28,0.16534098237752914
A_CNN,29,0.1718609407544136
A_CNN,30,0.1627800464630127
A_T,1,0.6894017159938812
A_T,2,0.5302711725234985
A_T,3,0.4268018305301666
A_T,4,0.35001240670681
A_T,5,0.3068287968635559
A_T,6,0.2660524845123291
A_T,7,0.2519203796982765
A_T,8,0.23057135194540024
A_T,9,0.2273184061050415
A_T,10,0.21471186727285385
A_T,11,0.21535123884677887
A_T,12,0.2042287513613701
A_T,13,0.20657461881637573
A_T,14,0.1956614851951599
A_T,15,0.20004571229219437
A_T,16,0.18885833024978638
A_T,17,0.1952667087316513
A_T,18,0.18422780185937881
A_T,19,0.19121046364307404
A_T,20,0.18065094947814941
A_T,21,0.18766769766807556
A_T,22,0.17740203440189362
A_T,23,0.18510425090789795
A_T,24,0.17482979595661163
A_T,25,0.1826624497771263
A_T,26,0.17242463678121567
A_T,27,0.18039220571517944
A_T,28,0.17022685706615448
A_T,29,0.17820797115564346
A_T,30,0.16814600676298141
B,1,0.17175018787384033
B,2,0.16922664642333984
B,3,0.16108065843582153
B,4,0.1628718227148056
B,5,0.17092296481132507
B,6,0.16939112544059753
B,7,0.1609686315059662
B,8,0.16285482048988342
d0,1,0.17087750136852264
d0,2,0.16911891102790833
d0,3,0.16083547472953796
d0,4,0.16278162598609924
d0,5,0.17084205150604248
rsi,1,0.17356351017951965
rsi,2,0.1722078174352646
rsi,3,0.16266831755638123
rsi,4,0.16401715576648712
rsi,5,0.1722285896539688
mean_hinge,1,0.17087750136852264
mean_hinge,2,0.16916951537132263
mean_hinge,3,0.16102176904678345
mean_hinge,4,0.16277891397476196
mean_hinge,5,0.17087265849113464
abs_hard,1,0.17833909392356873
abs_hard,2,0.18121574819087982
abs_hard,3,0.17076434195041656
abs_hard,4,0.177029088139534
abs_hard,5,0.17820434272289276
