epoch,g2,g3,g4,g5
1,0.099868,0.100377,0.100162,0.099924
2,0.099799,0.100853,0.099133,0.096767
3,0.099873,0.101046,0.098869,0.086139
4,0.100052,0.100696,0.097676,0.079859
5,0.100106,0.100287,0.095599,0.073332
6,0.100097,0.101150,0.094524,0.070334
7,0.100165,0.100313,0.091695,0.067791
8,0.100211,0.100344,0.087265,0.064161
9,0.100347,0.100186,0.084302,0.063488
10,0.100489,0.099566,0.078950,0.061354
11,0.100317,0.099388,0.077058,0.060937
12,0.100479,0.100032,0.076186,0.056612
13,0.100538,0.100203,0.072665,0.056681
14,0.100484,0.100602,0.078777,0.056069
15,0.100542,0.100220,0.074608,0.050750
16,0.100246,0.101273,0.069199,0.051523
17,0.100449,0.101665,0.067145,0.050031
18,0.100662,0.099799,0.064776,0.048645
19,0.100479,0.101245,0.071202,0.048775
20,0.100570,0.098640,0.061572,0.045165
21,0.100513,0.099412,0.059846,0.041842
22,0.100612,0.098274,0.062365,0.042997
23,0.100668,0.098373,0.057138,0.041240
24,0.100499,0.098673,0.058367,0.040631
25,0.100391,0.099035,0.064853,0.040567
26,0.100384,0.100436,0.060251,0.038017
27,0.100425,0.099971,0.063028,0.038424
28,0.100314,0.099724,0.058137,0.038032
29,0.100459,0.099434,0.060305,0.034900
30,0.100746,0.097174,0.051845,0.035279
31,0.100583,0.098881,0.055403,0.036045
32,0.100608,0.099532,0.056522,0.040273
33,0.100916,0.099107,0.051999,0.034973
34,0.100665,0.099161,0.054766,0.034304
35,0.100857,0.098163,0.062020,0.032946
36,0.100854,0.098894,0.055460,0.033922
37,0.101109,0.098308,0.057519,0.032001
38,0.101059,0.099802,0.054228,0.031366
39,0.101518,0.098849,0.053580,0.030539
40,0.101660,0.098877,0.050276,0.031246
41,0.101464,0.099778,0.056178,0.031509
42,0.101442,0.098792,0.056467,0.031304
43,0.101678,0.098479,0.050672,0.031411
44,0.101905,0.097320,0.050647,0.027255
45,0.102043,0.098225,0.047986,0.028434
46,0.102122,0.097734,0.053534,0.032076
47,0.102090,0.097581,0.048941,0.029550
48,0.102580,0.095130,0.047670,0.031019
49,0.102444,0.095722,0.049426,0.029246
50,0.101794,0.096277,0.052353,0.031595
51,0.102049,0.097379,0.051244,0.029005
52,0.102268,0.097578,0.044096,0.028621
53,0.102054,0.098682,0.051829,0.027390
54,0.102109,0.098181,0.051494,0.028957
55,0.102520,0.097981,0.050267,0.028930
56,0.102126,0.098439,0.047382,0.030745
57,0.102518,0.097286,0.047574,0.029642
58,0.102741,0.096532,0.049551,0.027123
59,0.102792,0.096753,0.048310,0.028887
60,0.103172,0.096229,0.053215,0.026761
61,0.103456,0.095557,0.049707,0.026205
62,0.102862,0.097238,0.049105,0.028686
63,0.103073,0.097513,0.051334,0.028115
64,0.103047,0.097784,0.052966,0.025344
65,0.104140,0.095274,0.045897,0.026007
66,0.103788,0.095811,0.048456,0.028067
67,0.104035,0.094947,0.045177,0.025178
68,0.103428,0.095583,0.043496,0.028396
69,0.104011,0.095562,0.044138,0.028874
70,0.103076,0.097164,0.042939,0.026893
71,0.102215,0.096521,0.047453,0.025246
72,0.102598,0.096137,0.050049,0.025181
73,0.103299,0.096877,0.045222,0.025327
74,0.103860,0.095591,0.044876,0.027196
75,0.103583,0.098064,0.049760,0.027365
76,0.103253,0.098431,0.044969,0.027325
77,0.103727,0.097436,0.045287,0.025165
78,0.103880,0.097458,0.046473,0.026510
79,0.103777,0.099002,0.049768,0.028202
80,0.103815,0.097445,0.044932,0.026775
81,0.103648,0.097679,0.045169,0.026417
82,0.103285,0.097798,0.044070,0.027341
83,0.104378,0.098083,0.045513,0.028495
84,0.104785,0.097613,0.042790,0.027135
85,0.104224,0.098335,0.045602,0.027887
86,0.104723,0.098068,0.048424,0.026674
87,0.104974,0.096802,0.041098,0.026527
88,0.104568,0.097221,0.044610,0.028089
89,0.104550,0.098059,0.043703,0.026422
90,0.104660,0.098391,0.045778,0.027929
91,0.104326,0.098035,0.045813,0.027231
92,0.105036,0.097939,0.048102,0.027639
93,0.104744,0.097983,0.047404,0.026468
94,0.104545,0.097745,0.047391,0.026829
95,0.104527,0.096865,0.046581,0.028843
96,0.104867,0.097338,0.043698,0.028425
97,0.104727,0.097467,0.046622,0.027865
98,0.105401,0.097127,0.045970,0.029097
99,0.105393,0.097144,0.044793,0.029159
100,0.106158,0.094930,0.045874,0.027034
101,0.104988,0.095163,0.048718,0.027613
102,0.105563,0.094947,0.047530,0.027738
103,0.105675,0.094570,0.044543,0.028701
104,0.105733,0.095393,0.047161,0.031698
105,0.106121,0.095585,0.045734,0.029311
106,0.106298,0.096187,0.044536,0.028039
107,0.106568,0.097538,0.043024,0.029494
108,0.106094,0.096225,0.044153,0.029777
109,0.105973,0.095728,0.044809,0.028069
110,0.106315,0.095849,0.046852,0.030134
111,0.106498,0.097029,0.049507,0.030239
112,0.106826,0.097355,0.046197,0.029176
113,0.106319,0.096294,0.047220,0.029619
114,0.105791,0.096609,0.050910,0.030856
115,0.105746,0.097433,0.049922,0.031411
116,0.107131,0.096395,0.047172,0.031303
117,0.106339,0.097118,0.048621,0.030084
118,0.106381,0.096548,0.050487,0.029916
119,0.106886,0.096803,0.046612,0.030910
120,0.106323,0.096137,0.048712,0.029842
121,0.106379,0.096607,0.045137,0.029766
122,0.106686,0.096501,0.047833,0.031124
123,0.106028,0.095637,0.047978,0.032350
124,0.106149,0.097039,0.047593,0.030273
125,0.106522,0.096507,0.047856,0.031540
126,0.107004,0.096897,0.046226,0.032675
127,0.107372,0.096006,0.046672,0.031327
128,0.107760,0.096945,0.049205,0.030534
129,0.106397,0.098297,0.048759,0.031004
130,0.106940,0.097903,0.048096,0.030308
131,0.107893,0.096745,0.049192,0.032937
132,0.107104,0.097148,0.049026,0.031747
133,0.106826,0.096449,0.047417,0.031301
134,0.106577,0.096339,0.049541,0.033453
135,0.106477,0.096318,0.050334,0.032454
136,0.105965,0.097181,0.050400,0.034050
137,0.107149,0.096996,0.049350,0.031472
138,0.107619,0.096676,0.050229,0.032287
139,0.107219,0.096623,0.048978,0.034084
140,0.107698,0.096437,0.049295,0.033226
141,0.107908,0.096686,0.048434,0.032365
142,0.107205,0.094710,0.047137,0.032624
143,0.106906,0.095027,0.049755,0.032699
144,0.106995,0.095605,0.052553,0.033116
145,0.107602,0.095719,0.050834,0.033387
146,0.106964,0.095875,0.053292,0.033600
147,0.108041,0.095060,0.051957,0.033228
148,0.107472,0.095299,0.050876,0.034451
149,0.107718,0.095543,0.052695,0.033871
150,0.107635,0.094924,0.050865,0.035454
151,0.107747,0.095069,0.051421,0.033489
152,0.107677,0.095132,0.053570,0.035550
153,0.107675,0.095143,0.051724,0.035932
154,0.107400,0.097266,0.052022,0.034909
155,0.107661,0.096188,0.053561,0.036731
156,0.108909,0.096372,0.051436,0.037081
157,0.108207,0.096414,0.054413,0.038058
158,0.107877,0.097338,0.052503,0.035829
159,0.108474,0.097118,0.051460,0.035136
160,0.107738,0.098254,0.054300,0.037159
161,0.107867,0.098286,0.054488,0.037833
162,0.108038,0.097310,0.051884,0.036155
163,0.108089,0.097483,0.053194,0.035233
164,0.108636,0.096571,0.053561,0.036029
165,0.109352,0.096496,0.053007,0.036579
166,0.108692,0.096167,0.054131,0.038515
167,0.108618,0.097257,0.052245,0.037146
168,0.107481,0.099281,0.055433,0.038447
169,0.107972,0.098823,0.053649,0.039373
170,0.108432,0.098565,0.052613,0.038914
171,0.107848,0.099014,0.053903,0.039931
172,0.108294,0.098789,0.053068,0.039839
173,0.107801,0.099179,0.054433,0.040872
174,0.107801,0.099171,0.056198,0.041518
175,0.108286,0.098393,0.056170,0.041859
176,0.108113,0.098562,0.055286,0.041998
177,0.108254,0.099010,0.053997,0.041721
178,0.108986,0.099326,0.054350,0.041310
179,0.108000,0.099276,0.056669,0.040258
180,0.108561,0.099449,0.057290,0.039897
181,0.108606,0.099351,0.055975,0.042200
182,0.108910,0.098894,0.058323,0.041482
183,0.108733,0.099839,0.057434,0.042093
184,0.108917,0.099074,0.057744,0.041865
185,0.109258,0.098250,0.056337,0.041562
186,0.109060,0.098736,0.056442,0.042025
187,0.108625,0.098313,0.058207,0.043693
188,0.109197,0.097917,0.057366,0.044426
189,0.109041,0.098994,0.056385,0.043723
190,0.109900,0.098358,0.057257,0.044934
191,0.109571,0.097988,0.056528,0.043927
192,0.109452,0.098194,0.057030,0.044020
193,0.109639,0.098377,0.058404,0.045852
194,0.109436,0.099038,0.058158,0.044361
195,0.109863,0.098191,0.058049,0.044169
196,0.109273,0.098578,0.057404,0.044486
197,0.109283,0.097932,0.059376,0.045450
198,0.109545,0.098567,0.059099,0.045962
199,0.109914,0.098508,0.058362,0.045005
200,0.108656,0.099080,0.059863,0.045733
201,0.109147,0.099396,0.059434,0.045973
202,0.109614,0.099417,0.057945,0.046236
203,0.109445,0.098894,0.058424,0.046061
204,0.108873,0.099863,0.058533,0.046157
205,0.109315,0.099407,0.058715,0.046446
206,0.109505,0.099746,0.059644,0.046980
207,0.109740,0.099300,0.059467,0.046654
208,0.109739,0.099530,0.057263,0.047479
209,0.110257,0.099170,0.057827,0.047298
210,0.109617,0.099963,0.058485,0.047013
211,0.109254,0.099879,0.059727,0.049199
212,0.110186,0.100109,0.058229,0.048808
213,0.110033,0.100043,0.059864,0.049123
214,0.109877,0.099515,0.059960,0.048336
215,0.110175,0.099207,0.060207,0.049241
216,0.109657,0.099572,0.062922,0.049137
217,0.109509,0.100167,0.062080,0.049266
218,0.109540,0.099728,0.061742,0.050054
219,0.109504,0.099139,0.062771,0.048496
220,0.109274,0.099726,0.062832,0.049133
221,0.109680,0.099284,0.062031,0.049163
222,0.109242,0.099828,0.061790,0.049877
223,0.109331,0.100027,0.062027,0.050141
224,0.109768,0.099559,0.061554,0.050669
225,0.110036,0.099610,0.061602,0.051370
226,0.110172,0.099489,0.062175,0.051389
227,0.110303,0.099283,0.063234,0.051884
228,0.109938,0.099714,0.062837,0.052057
229,0.109966,0.099693,0.062285,0.051952
230,0.109742,0.099904,0.062597,0.051333
231,0.110128,0.099621,0.063659,0.051681
232,0.109689,0.100179,0.063619,0.052081
233,0.109828,0.100328,0.063264,0.052055
234,0.109727,0.099658,0.063121,0.051992
235,0.109372,0.099772,0.063339,0.052538
236,0.109179,0.099983,0.063007,0.052659
237,0.109676,0.099302,0.063611,0.052631
238,0.109550,0.099372,0.063978,0.052973
239,0.109362,0.099776,0.063531,0.053125
240,0.109364,0.100090,0.063990,0.053852
241,0.109466,0.100025,0.064408,0.053720
242,0.109559,0.099922,0.064100,0.053673
243,0.109270,0.099611,0.064381,0.053993
244,0.109561,0.099521,0.063957,0.053921
245,0.109537,0.099642,0.063742,0.054278
246,0.109641,0.100165,0.062935,0.054626
247,0.109572,0.099910,0.063540,0.055241
248,0.109803,0.099672,0.062750,0.054362
249,0.110027,0.099572,0.063167,0.054497
250,0.109616,0.099774,0.063837,0.054561
251,0.109577,0.099970,0.063544,0.054440
252,0.109738,0.099970,0.063420,0.054373
253,0.109423,0.100208,0.064164,0.054824
254,0.109734,0.100022,0.063558,0.055422
255,0.109652,0.100106,0.063798,0.055604
256,0.109565,0.100030,0.063935,0.055291
257,0.109780,0.099774,0.063298,0.055665
258,0.109697,0.099947,0.063329,0.055730
259,0.109822,0.099991,0.064334,0.056370
260,0.109909,0.099653,0.064731,0.056394
261,0.109581,0.099862,0.065539,0.056363
262,0.109883,0.099995,0.064749,0.056719
263,0.109990,0.100008,0.064709,0.056684
264,0.109819,0.100147,0.065145,0.056780
265,0.110007,0.100245,0.064775,0.056752
266,0.109888,0.100115,0.065137,0.057253
267,0.110014,0.100030,0.064963,0.057029
268,0.110132,0.100000,0.063976,0.056987
269,0.110010,0.099939,0.063957,0.056915
270,0.109914,0.100037,0.064600,0.056984
271,0.109877,0.100100,0.064785,0.057321
272,0.109917,0.099979,0.064926,0.057158
273,0.109998,0.100016,0.064626,0.057040
274,0.109943,0.100219,0.065248,0.057413
275,0.109930,0.100078,0.065095,0.057440
276,0.110031,0.100144,0.064683,0.057551
277,0.110059,0.100152,0.064380,0.057397
278,0.110022,0.100158,0.064612,0.057495
279,0.109920,0.100178,0.065068,0.057559
280,0.109826,0.100203,0.065394,0.057943
281,0.109923,0.100295,0.065193,0.057814
282,0.109923,0.100225,0.065355,0.057858
283,0.109929,0.100314,0.065315,0.057850
284,0.109886,0.100221,0.065526,0.057863
285,0.109836,0.100220,0.065507,0.058024
286,0.109852,0.100228,0.065491,0.057964
287,0.109866,0.100134,0.065365,0.058127
288,0.109868,0.100166,0.065339,0.058242
289,0.109855,0.100200,0.065289,0.058287
290,0.109853,0.100178,0.065434,0.058461
291,0.109847,0.100079,0.065599,0.058578
292,0.109803,0.100197,0.065572,0.058567
293,0.109809,0.100205,0.065525,0.058481
294,0.109794,0.100165,0.065627,0.058636
295,0.109831,0.100259,0.065455,0.058612
296,0.109843,0.100258,0.065326,0.058694
297,0.109857,0.100154,0.065380,0.058629
298,0.109886,0.100211,0.065376,0.058570
299,0.109884,0.100260,0.065285,0.058651
300,0.109931,0.100298,0.065259,0.058751
