seed,model,alpha,cal50_dice,val100_dice,all150_dice,mean_moved_fraction
17,local,0.0,0.7543997489496559,0.7879684635344042,0.7767788920061546,0.8344955956375839
17,local,0.02,0.8030916512770009,0.8369380674985366,0.8256559287580246,0.7494232382550335
17,local,0.05,0.8183605901157991,0.8519588028282247,0.8407593985907493,0.6152999161073825
17,local,0.1,0.8165269024599682,0.8550223738652953,0.8421905500635197,0.41401006711409394
17,local,0.2,0.8127943279199681,0.8544423510248239,0.8405596766565385,0.14890939597315436
17,local,0.5,0.8107505601254225,0.8530983464778912,0.838982417693735,0.004299496644295302
17,local,1.0,0.810735642306659,0.8530754761528805,0.8389621982041399,2.6216442953020134e-05
17,local,2.0,0.8107349863209565,0.8530754761528805,0.8389619795422392,0.0
17,local_large,0.0,0.7530081750490267,0.7867333314441638,0.7754916126457848,0.83342072147651
17,local_large,0.02,0.7928935409028967,0.8361574158527401,0.8217361242027922,0.7390939597315436
17,local_large,0.05,0.8210971830733966,0.854556615957642,0.8434034716628935,0.5958473154362416
17,local_large,0.1,0.8198358935555546,0.8561576058592015,0.8440503684246526,0.3778313758389262
17,local_large,0.2,0.8148796496362928,0.8542424232661375,0.8411214987228558,0.11616505872483221
17,local_large,0.5,0.8107650369788676,0.8531033077236283,0.8389905508087081,0.0022546140939597318
17,local_large,1.0,0.8107349863209565,0.8530754761528805,0.8389619795422392,0.0
17,local_large,2.0,0.8107349863209565,0.8530754761528805,0.8389619795422392,0.0
17,local8,0.0,0.6976787798362636,0.7883553125330179,0.7581298016340999,0.8286231124161074
17,local8,0.02,0.7506186319496497,0.8111348459915656,0.7909627746442602,0.7432361577181208
17,local8,0.05,0.7821132207275255,0.8376275360506393,0.8191227642762681,0.5954540687919463
17,local8,0.1,0.8002614788625962,0.8505123855985262,0.8337620833532162,0.3315069211409396
17,local8,0.2,0.8116779066629369,0.8537880660523693,0.8397513462558918,0.050204488255033555
17,local8,0.5,0.8107400714171833,0.853074683940846,0.8389631464329586,0.00026216442953020134
17,local8,1.0,0.8107349863209565,0.8530754761528805,0.8389619795422392,0.0
17,local8,2.0,0.8107349863209565,0.8530754761528805,0.8389619795422392,0.0
17,medium32,0.0,0.7008463526402054,0.7883394940405889,0.7591751135737943,0.8285444630872483
17,medium32,0.02,0.7471867958601449,0.8128260279975908,0.7909462839517755,0.7408504614093959
17,medium32,0.05,0.7813704273250014,0.835405378603155,0.8173937281771037,0.5981805788590604
17,medium32,0.1,0.8022547456950399,0.8489790388588109,0.8334042744708872,0.3282560822147651
17,medium32,0.2,0.8114181827876762,0.853793241715932,0.83966822207318,0.044594169463087245
17,medium32,0.5,0.8107349863209565,0.8530754761528805,0.8389619795422392,0.0
17,medium32,1.0,0.8107349863209565,0.8530754761528805,0.8389619795422392,0.0
17,medium32,2.0,0.8107349863209565,0.8530754761528805,0.8389619795422392,0.0
17,global,0.0,0.6888454909822087,0.7780485591173282,0.7483142030722882,0.8298815016778524
17,global,0.02,0.7361755353969696,0.8116344303885255,0.7864814653913402,0.7337720218120806
17,global,0.05,0.7749088231462744,0.8339244552708851,0.814252577896015,0.5869075083892618
17,global,0.1,0.8044329983634069,0.8503849241600089,0.8350676155611417,0.30327181208053694
17,global,0.2,0.8111912180291796,0.853420330357387,0.8393439595813179,0.033294882550335574
17,global,0.5,0.8107349863209565,0.8530754761528805,0.8389619795422392,0.0
17,global,1.0,0.8107349863209565,0.8530754761528805,0.8389619795422392,0.0
17,global,2.0,0.8107349863209565,0.8530754761528805,0.8389619795422392,0.0
