epoch,alpha
1,0.099608
2,0.099686
3,0.099634
4,0.099653
5,0.099860
6,0.099992
7,0.100235
8,0.100390
9,0.100607
10,0.100864
11,0.101220
12,0.101804
13,0.102212
14,0.102997
15,0.103410
16,0.103864
17,0.104747
18,0.105143
19,0.105901
20,0.106263
21,0.106956
22,0.107430
23,0.108154
24,0.108872
25,0.109397
26,0.109863
27,0.110004
28,0.110348
29,0.110737
30,0.111246
31,0.111652
32,0.112183
33,0.112221
34,0.112386
35,0.112717
36,0.113279
37,0.113272
38,0.113323
39,0.113592
40,0.113973
41,0.114110
42,0.114601
43,0.115256
44,0.115524
45,0.115959
46,0.116142
47,0.116390
48,0.116822
49,0.117007
50,0.117084
51,0.117464
52,0.117424
53,0.117856
54,0.118061
55,0.118496
56,0.118254
57,0.118620
58,0.118840
59,0.118892
60,0.119338
61,0.119729
62,0.119668
63,0.120151
64,0.120464
65,0.120446
66,0.120770
67,0.120915
68,0.121070
69,0.121424
70,0.121832
71,0.122018
72,0.122235
73,0.122627
74,0.122808
75,0.122928
76,0.123234
77,0.123369
78,0.123247
79,0.123716
80,0.123557
81,0.123705
82,0.123751
83,0.124198
84,0.124274
85,0.124538
86,0.124645
87,0.124641
88,0.124959
89,0.125430
90,0.125551
91,0.125425
92,0.125638
93,0.126005
94,0.126065
95,0.126320
96,0.126331
97,0.126326
98,0.126443
99,0.126538
100,0.126651
101,0.126966
102,0.127125
103,0.127227
104,0.127474
105,0.127578
106,0.127433
107,0.127515
108,0.128009
109,0.127722
110,0.127767
111,0.127987
112,0.128094
113,0.128324
114,0.128483
115,0.128684
116,0.128715
117,0.128768
118,0.128819
119,0.128932
120,0.129233
121,0.129450
122,0.129587
123,0.129666
124,0.129727
125,0.129853
126,0.130047
127,0.130148
128,0.130268
129,0.130285
130,0.130185
131,0.130347
132,0.130537
133,0.130495
134,0.130732
135,0.130837
136,0.130636
137,0.130848
138,0.130882
139,0.131080
140,0.131441
141,0.131561
142,0.131778
143,0.131934
144,0.132040
145,0.131852
146,0.132047
147,0.131971
148,0.132040
149,0.132053
150,0.132176
151,0.132247
152,0.132285
153,0.132294
154,0.132443
155,0.132410
156,0.132351
157,0.132459
158,0.132654
159,0.132626
160,0.132768
161,0.132734
162,0.132787
163,0.133012
164,0.133359
165,0.133366
166,0.133494
167,0.133380
168,0.133464
169,0.133505
170,0.133587
171,0.133645
172,0.133821
173,0.133878
174,0.133938
175,0.133994
176,0.134244
177,0.134153
178,0.134258
179,0.134320
180,0.134446
181,0.134547
182,0.134428
183,0.134523
184,0.134670
185,0.134498
186,0.134616
187,0.134743
188,0.134718
189,0.134883
190,0.134897
191,0.134938
192,0.134989
193,0.135156
194,0.135187
195,0.135268
196,0.135375
197,0.135417
198,0.135560
199,0.135506
200,0.135504
201,0.135505
202,0.135585
203,0.135635
204,0.135744
205,0.135830
206,0.135801
207,0.135737
208,0.135873
209,0.135918
210,0.135880
211,0.135944
212,0.136004
213,0.135988
214,0.135992
215,0.135991
216,0.136120
217,0.136104
218,0.136131
219,0.136146
220,0.136257
221,0.136294
222,0.136260
223,0.136310
224,0.136329
225,0.136442
226,0.136491
227,0.136484
228,0.136532
229,0.136583
230,0.136560
231,0.136590
232,0.136613
233,0.136627
234,0.136680
235,0.136741
236,0.136780
237,0.136768
238,0.136811
239,0.136843
240,0.136890
241,0.136900
242,0.136938
243,0.136992
244,0.137025
245,0.137058
246,0.137071
247,0.137154
248,0.137139
249,0.137134
250,0.137143
251,0.137164
252,0.137170
253,0.137193
254,0.137219
255,0.137226
256,0.137249
257,0.137251
258,0.137276
259,0.137269
260,0.137274
261,0.137288
262,0.137326
263,0.137364
264,0.137391
265,0.137428
266,0.137421
267,0.137432
268,0.137424
269,0.137408
270,0.137445
271,0.137432
272,0.137458
273,0.137459
274,0.137473
275,0.137491
276,0.137479
277,0.137480
278,0.137487
279,0.137484
280,0.137497
281,0.137510
282,0.137521
283,0.137526
284,0.137532
285,0.137529
286,0.137547
287,0.137542
288,0.137553
289,0.137564
290,0.137568
291,0.137568
292,0.137569
293,0.137569
294,0.137566
295,0.137568
296,0.137580
297,0.137586
298,0.137582
299,0.137588
300,0.137587
