image_id,original_split,group_id,protected_split,reason
ISIC_0011436,train,ISIC_0011436,test,known_case_group_split_conflict
ISIC_0011437,train,ISIC_0011436,test,known_case_group_split_conflict
ISIC_0011489,train,ISIC_0011489,test,known_case_group_split_conflict
ISIC_0011499,train,ISIC_0011499,test,known_case_group_split_conflict
ISIC_0011505,train,ISIC_0011505,test,known_case_group_split_conflict
ISIC_0011511,train,ISIC_0011489,test,known_case_group_split_conflict
ISIC_0011530,train,ISIC_0011404,test,known_case_group_split_conflict
ISIC_0011531,train,ISIC_0011404,test,known_case_group_split_conflict
ISIC_0011559,train,ISIC_0011559,val,known_case_group_split_conflict
ISIC_0011607,train,ISIC_0011607,val,known_case_group_split_conflict
ISIC_0011614,train,ISIC_0011613,val,known_case_group_split_conflict
ISIC_0011722,train,ISIC_0011721,test,known_case_group_split_conflict
ISIC_0011731,train,ISIC_0011731,test,known_case_group_split_conflict
ISIC_0011732,train,ISIC_0011732,val,known_case_group_split_conflict
ISIC_0011797,train,ISIC_0011797,test,known_case_group_split_conflict
ISIC_0011863,train,ISIC_0011862,test,known_case_group_split_conflict
ISIC_0011891,train,ISIC_0011890,test,known_case_group_split_conflict
ISIC_0011902,train,ISIC_0011901,test,known_case_group_split_conflict
ISIC_0011905,train,ISIC_0011905,test,known_case_group_split_conflict
ISIC_0011906,train,ISIC_0011905,test,known_case_group_split_conflict
ISIC_0011926,val,ISIC_0011925,test,known_case_group_split_conflict
ISIC_0011930,train,ISIC_0011489,test,known_case_group_split_conflict
ISIC_0013762,train,ISIC_0013762,test,known_case_group_split_conflict
ISIC_0013813,train,ISIC_0013813,val,known_case_group_split_conflict
ISIC_0014187,val,ISIC_0014187,test,known_case_group_split_conflict
ISIC_0014731,train,ISIC_0011467,test,known_case_group_split_conflict
ISIC_0014772,train,ISIC_0011404,test,known_case_group_split_conflict
ISIC_0014773,train,ISIC_0011404,test,known_case_group_split_conflict
ISIC_0014798,train,ISIC_0011834,val,known_case_group_split_conflict
ISIC_0014822,train,ISIC_0014822,test,known_case_group_split_conflict
ISIC_0014921,train,ISIC_0014822,test,known_case_group_split_conflict
ISIC_0014958,train,ISIC_0011489,test,known_case_group_split_conflict
ISIC_0014959,train,ISIC_0014959,test,known_case_group_split_conflict
ISIC_0015019,train,ISIC_0014822,test,known_case_group_split_conflict
ISIC_0015057,val,ISIC_0015057,test,known_case_group_split_conflict
ISIC_0015102,train,ISIC_0011925,test,known_case_group_split_conflict
ISIC_0015139,train,ISIC_0012022,test,known_case_group_split_conflict
ISIC_0015157,val,ISIC_0011797,test,known_case_group_split_conflict
ISIC_0015165,train,ISIC_0015146,val,known_case_group_split_conflict
ISIC_0015173,train,ISIC_0011925,test,known_case_group_split_conflict
ISIC_0015224,train,ISIC_0011651,test,known_case_group_split_conflict
ISIC_0015229,train,ISIC_0011404,test,known_case_group_split_conflict
ISIC_0015251,train,ISIC_0011857,test,known_case_group_split_conflict
ISIC_0015283,train,ISIC_0015283,test,known_case_group_split_conflict
ISIC_0015360,train,ISIC_0011828,test,known_case_group_split_conflict
ISIC_0015386,train,ISIC_0011613,val,known_case_group_split_conflict
ISIC_0015448,train,ISIC_0015447,test,known_case_group_split_conflict
ISIC_0015451,train,ISIC_0015447,test,known_case_group_split_conflict
ISIC_0015476,val,ISIC_0014822,test,known_case_group_split_conflict
ISIC_0015479,train,ISIC_0014822,test,known_case_group_split_conflict
ISIC_0015525,train,ISIC_0015408,test,known_case_group_split_conflict
ISIC_0015537,train,ISIC_0014834,test,known_case_group_split_conflict
ISIC_0015566,train,ISIC_0015566,test,known_case_group_split_conflict
ISIC_0015568,train,ISIC_0015566,test,known_case_group_split_conflict
ISIC_0015587,train,ISIC_0015331,test,known_case_group_split_conflict
ISIC_0015637,train,ISIC_0014846,test,known_case_group_split_conflict
ISIC_0015638,train,ISIC_0014846,test,known_case_group_split_conflict
ISIC_0015641,train,ISIC_0014846,test,known_case_group_split_conflict
ISIC_0019544,train,ISIC_0019540,val,known_case_group_split_conflict
ISIC_0019695,train,ISIC_0019695,val,known_case_group_split_conflict
ISIC_0019703,train,ISIC_0019695,val,known_case_group_split_conflict
ISIC_0020137,train,ISIC_0020135,test,known_case_group_split_conflict
ISIC_0020418,train,ISIC_0020409,test,known_case_group_split_conflict
ISIC_0020420,val,ISIC_0020409,test,known_case_group_split_conflict
ISIC_0021447,train,ISIC_0021447,val,known_case_group_split_conflict
ISIC_0021504,train,ISIC_0021504,test,known_case_group_split_conflict
ISIC_0021904,train,ISIC_0021902,test,known_case_group_split_conflict
ISIC_0021930,train,ISIC_0021930,val,known_case_group_split_conflict
ISIC_0021990,train,ISIC_0021987,val,known_case_group_split_conflict
ISIC_0022041,train,ISIC_0022039,test,known_case_group_split_conflict
ISIC_0022044,train,ISIC_0022039,test,known_case_group_split_conflict
ISIC_0022317,train,ISIC_0022313,val,known_case_group_split_conflict
ISIC_0023205,train,ISIC_0023199,test,known_case_group_split_conflict
ISIC_0023264,train,ISIC_0023264,test,known_case_group_split_conflict
ISIC_0023266,train,ISIC_0023264,test,known_case_group_split_conflict
ISIC_0023269,train,ISIC_0023264,test,known_case_group_split_conflict
ISIC_0023275,train,ISIC_0023264,test,known_case_group_split_conflict
ISIC_0023298,train,ISIC_0023298,val,known_case_group_split_conflict
ISIC_0023300,train,ISIC_0023298,val,known_case_group_split_conflict
ISIC_0023306,train,ISIC_0023298,val,known_case_group_split_conflict
ISIC_0023309,train,ISIC_0023298,val,known_case_group_split_conflict
ISIC_0023321,train,ISIC_0023298,val,known_case_group_split_conflict
ISIC_0023322,train,ISIC_0023298,val,known_case_group_split_conflict
ISIC_0023323,train,ISIC_0023298,val,known_case_group_split_conflict
ISIC_0023358,train,ISIC_0023343,test,known_case_group_split_conflict
ISIC_0023364,train,ISIC_0023364,test,known_case_group_split_conflict
ISIC_0023371,train,ISIC_0023364,test,known_case_group_split_conflict
ISIC_0023508,val,ISIC_0023506,test,known_case_group_split_conflict
ISIC_0023509,train,ISIC_0023506,test,known_case_group_split_conflict
