role,method,n_images,dice,dice_minus_g0,dice_improved_fraction_vs_g0,dice_harmed_fraction_vs_g0,iou,iou_minus_g0,iou_improved_fraction_vs_g0,iou_harmed_fraction_vs_g0,bf1,bf1_minus_g0,bf1_improved_fraction_vs_g0,bf1_harmed_fraction_vs_g0
cal50,G0,50,0.81068903367427,0.0,0.0,0.0,0.7160802928947798,0.0,0.0,0.0,0.3992186458512454,0.0,0.0,0.0
cal50,G1,50,0.8066132656926235,-0.004075767981646325,0.24,0.28,0.713473930982699,-0.0026063619120808693,0.24,0.28,0.40174178986063014,0.0025231440093847844,0.28,0.22
cal50,G2,50,0.7880734883909173,-0.022615545283352568,0.32,0.68,0.6907790903244062,-0.02530120257037364,0.32,0.68,0.37695363246495606,-0.0222650133862894,0.36,0.62
cal50,G3,50,0.8034082983470584,-0.0072807353272114125,0.4,0.5,0.7103086324517983,-0.005771660442981351,0.4,0.5,0.39859710872010173,-0.0006215371311436535,0.44,0.42
cal50,G4,50,0.8396142515102417,0.028925217835971743,0.92,0.08,0.7626101770065382,0.046529884111758665,0.92,0.08,0.5398648564804526,0.14064621062920726,0.98,0.0
locked100,G0,100,0.8530691660732173,0.0,0.0,0.0,0.7801396281975851,0.0,0.0,0.0,0.5138367076163441,0.0,0.0,0.0
locked100,G1,100,0.8508013968317465,-0.0022677692414708405,0.28,0.14,0.7791104490768532,-0.0010291791207314726,0.28,0.14,0.512526360568493,-0.001310347047851183,0.22,0.19
locked100,G2,100,0.8383657442829322,-0.014703421790285047,0.38,0.61,0.7612302527954976,-0.018909375402087262,0.38,0.61,0.49900071995532264,-0.014835987661021535,0.4,0.55
locked100,G3,100,0.8470506788887245,-0.0060184871844928415,0.39,0.56,0.7739814758812195,-0.006158152316365477,0.39,0.56,0.5077022017048034,-0.0061345059115407285,0.4,0.5
locked100,G4,100,0.8855906496842664,0.03252148361104892,0.97,0.02,0.8298629690475727,0.04972334084998791,0.97,0.02,0.6724069933079123,0.158570285691568,0.95,0.02
