protocol_id,seed,rsi_run_id,rsi_checkpoint_hash,rsi_action,rsi_lambda,rsi_alpha,rsi_method,rsi_workpoint_selected,rsi_workpoint_status,control_run_id,control_checkpoint_hash,control_action,control_lambda,control_alpha,control_method,control_workpoint_selected,control_workpoint_status,comparison_class,both_existing_workpoints_selected,control_coordinate_dominates_rsi,dominance_scope,difference_orientation,epsilon_d,n_images,n_references,bootstrap_unit,bootstrap_units,bootstrap_repeats,bootstrap_seed,resampled_image_count_min,resampled_image_count_max,worst_tail_n_observed,worst_tail_definition,worst_tail_reranked_each_draw,interval_scope,dice_rsi,dice_control,dice_difference,dice_ci_low,dice_ci_high,G_plus_rsi,G_plus_control,G_plus_difference,G_plus_ci_low,G_plus_ci_high,H_epsilon_rsi,H_epsilon_control,H_epsilon_difference,H_epsilon_ci_low,H_epsilon_ci_high,worst_tail_10pct_rsi,worst_tail_10pct_control,worst_tail_10pct_difference,worst_tail_10pct_ci_low,worst_tail_10pct_ci_high
P2-IMA-M-v2,17,RSI-0.3,3aad4f5915d66103446b1b42b5d8e352d8ddf8857903bf29236f1a23cb6d3c29,1.0,0.3,1.0,rsi,False,eligible,AbsHard-0.3,1bb49232e61e2f2ffbd03fe40aca323ab467cbf9f13bb0fa6ee1cb26a38b7a47,1.0,0.3,1.0,abs_hard,False,eligible,simple_control,False,False,"coordinate screen only; no prespecified substantive margin, assess intervals, G+ and tail",RSI minus control,0.005,223,471,known_case_group,222,2000,17,222,228,23,"Each resampled cohort: per-image minimum reference Dice gain versus the shared CNN anchor; independently sort each method and mean the first max(1, ceil(0.1 * resampled_image_count)) images",True,exploratory selected-development validation; not independent confirmation,0.8584882671218828,0.8582183435384789,0.0002699235834038305,-0.00032614769330583396,0.0008748188195015356,0.011353013060636024,0.012401485111483484,-0.0010484720508474599,-0.0016814878667597238,-0.00047095497325213805,0.0061106272569648335,0.00734612492016572,-0.001235497663200887,-0.0017127320197239324,-0.000817958029385316,-0.0579254909294771,-0.06472355062860623,0.006798059699129125,0.0029656786608815433,0.011252107572275948
P2-IMA-M-v2,17,RSI-0.3,3aad4f5915d66103446b1b42b5d8e352d8ddf8857903bf29236f1a23cb6d3c29,1.0,0.3,1.0,rsi,False,eligible,AbsHard-1,cdfa7966292d334f35a671cfb33ac823ef2f659d99670c319a635c2b862fa168,1.0,1.0,1.0,abs_hard,True,eligible,simple_control,False,False,"coordinate screen only; no prespecified substantive margin, assess intervals, G+ and tail",RSI minus control,0.005,223,471,known_case_group,222,2000,17,222,228,23,"Each resampled cohort: per-image minimum reference Dice gain versus the shared CNN anchor; independently sort each method and mean the first max(1, ceil(0.1 * resampled_image_count)) images",True,exploratory selected-development validation; not independent confirmation,0.8584882671218828,0.8581613524392523,0.00032691468263046364,-0.0004083265834716363,0.0010707449549770829,0.011353013060636024,0.01218258422394578,-0.0008295711633097558,-0.0014950880288466409,-0.00019118078343250037,0.0061106272569648335,0.007163161462505091,-0.0010525342055402575,-0.0016425234168786365,-0.0004757367537014063,-0.0579254909294771,-0.0628710036682402,0.0049455127387630915,-0.000674529381159366,0.009992281027487828
P2-IMA-M-v2,17,RSI-0.3,3aad4f5915d66103446b1b42b5d8e352d8ddf8857903bf29236f1a23cb6d3c29,1.0,0.3,1.0,rsi,False,eligible,AbsHard-3,167735cb85f00b7056ab69523f26cde7226084830c6d5529c7f927a17e785c34,1.0,3.0,1.0,abs_hard,False,eligible,simple_control,False,False,"coordinate screen only; no prespecified substantive margin, assess intervals, G+ and tail",RSI minus control,0.005,223,471,known_case_group,222,2000,17,222,228,23,"Each resampled cohort: per-image minimum reference Dice gain versus the shared CNN anchor; independently sort each method and mean the first max(1, ceil(0.1 * resampled_image_count)) images",True,exploratory selected-development validation; not independent confirmation,0.8584882671218828,0.8581067332797168,0.00038153384216599306,-0.0006322082181474474,0.001381189060732556,0.011353013060636024,0.012367308463495501,-0.0010142954028594768,-0.001883164576971164,-0.00012540715957229097,0.0061106272569648335,0.00747257022098636,-0.0013619429640215263,-0.0020953561418281534,-0.0006069321924107218,-0.0579254909294771,-0.0651159040008051,0.007190413071327992,0.0009295462613842107,0.013218509152575756
P2-IMA-M-v2,17,RSI-0.3,3aad4f5915d66103446b1b42b5d8e352d8ddf8857903bf29236f1a23cb6d3c29,1.0,0.3,1.0,rsi,False,eligible,Anchor,1703ca22a1c39afeca05ffd0c12fe01606f41d5af81442d20102f130cc2ca491,0.0,0.0,0.0,anchor,False,,baseline_context,False,False,"coordinate screen only; no prespecified substantive margin, assess intervals, G+ and tail",RSI minus control,0.005,223,471,known_case_group,222,2000,17,222,228,23,"Each resampled cohort: per-image minimum reference Dice gain versus the shared CNN anchor; independently sort each method and mean the first max(1, ceil(0.1 * resampled_image_count)) images",True,exploratory selected-development validation; not independent confirmation,0.8584882671218828,0.8552520003612388,0.0032362667606439244,0.0009288396876710251,0.005759080351261266,0.011353013060636024,0.0,0.011353013060636024,0.009426323606993872,0.013587413715895794,0.0061106272569648335,0.0,0.0061106272569648335,0.004969402163096656,0.007382128431794901,-0.0579254909294771,0.0,-0.0579254909294771,-0.06774954296704996,-0.0476111408225647
P2-IMA-M-v2,17,RSI-0.3,3aad4f5915d66103446b1b42b5d8e352d8ddf8857903bf29236f1a23cb6d3c29,1.0,0.3,1.0,rsi,False,eligible,B,1703ca22a1c39afeca05ffd0c12fe01606f41d5af81442d20102f130cc2ca491,1.0,0.0,1.0,b,False,,baseline_context,False,False,"coordinate screen only; no prespecified substantive margin, assess intervals, G+ and tail",RSI minus control,0.005,223,471,known_case_group,222,2000,17,222,228,23,"Each resampled cohort: per-image minimum reference Dice gain versus the shared CNN anchor; independently sort each method and mean the first max(1, ceil(0.1 * resampled_image_count)) images",True,exploratory selected-development validation; not independent confirmation,0.8584882671218828,0.8583737524417798,0.00011451468010292842,-0.0006916136827670787,0.0009083595790612902,0.011353013060636024,0.011903312882738801,-0.0005502998221027771,-0.0014563337040396024,0.00028854173720786237,0.0061106272569648335,0.006743889874517981,-0.0006332626175531474,-0.0013023998119603517,-9.772157814960932e-06,-0.0579254909294771,-0.06193025400077063,0.004004763071293528,-0.0028801866239790137,0.011973614829040836
P2-IMA-M-v2,17,RSI-0.3,3aad4f5915d66103446b1b42b5d8e352d8ddf8857903bf29236f1a23cb6d3c29,1.0,0.3,1.0,rsi,False,eligible,D0,6e0811712543811a10b6cde1ec29db65b7bb4f25142c6991f2738d3d5c073f0a,1.0,0.0,1.0,d0,True,,simple_control,False,False,"coordinate screen only; no prespecified substantive margin, assess intervals, G+ and tail",RSI minus control,0.005,223,471,known_case_group,222,2000,17,222,228,23,"Each resampled cohort: per-image minimum reference Dice gain versus the shared CNN anchor; independently sort each method and mean the first max(1, ceil(0.1 * resampled_image_count)) images",True,exploratory selected-development validation; not independent confirmation,0.8584882671218828,0.858316915574831,0.0001713515470517235,-0.0003208768840707781,0.0006094284472828219,0.011353013060636024,0.012552872267370665,-0.0011998592067346409,-0.001715097846822535,-0.0007749254221508076,0.0061106272569648335,0.007422201881999784,-0.0013115746250349503,-0.001651506474414102,-0.0009954784685774058,-0.0579254909294771,-0.06666460902230338,0.008739118092826278,0.006409507165761161,0.011643111969268384
P2-IMA-M-v2,17,RSI-0.3,3aad4f5915d66103446b1b42b5d8e352d8ddf8857903bf29236f1a23cb6d3c29,1.0,0.3,1.0,rsi,False,eligible,MeanHinge-0.3,e5de11536b6fb3180d4dba34150e15fe67b211f2258af0f0228b90027fe97eab,1.0,0.3,1.0,mean_hinge,False,eligible,simple_control,False,False,"coordinate screen only; no prespecified substantive margin, assess intervals, G+ and tail",RSI minus control,0.005,223,471,known_case_group,222,2000,17,222,228,23,"Each resampled cohort: per-image minimum reference Dice gain versus the shared CNN anchor; independently sort each method and mean the first max(1, ceil(0.1 * resampled_image_count)) images",True,exploratory selected-development validation; not independent confirmation,0.8584882671218828,0.8583505660391142,0.00013770108276855986,-0.00034378517652031,0.000549212458981602,0.011353013060636024,0.012479487773661894,-0.0011264747130258698,-0.0016322175402874116,-0.0007164464014352114,0.0061106272569648335,0.007324864653376775,-0.0012142373964119414,-0.0015330729782540519,-0.0009112237081729286,-0.0579254909294771,-0.0660497236877129,0.008124232758235803,0.00579483484717429,0.011017269794393367
P2-IMA-M-v2,17,RSI-0.3,3aad4f5915d66103446b1b42b5d8e352d8ddf8857903bf29236f1a23cb6d3c29,1.0,0.3,1.0,rsi,False,eligible,MeanHinge-1,620b3af2bc45c68dd76fd4f887746abb38776e96ef14bddddde8eb98d5e2fd3f,1.0,1.0,1.0,mean_hinge,False,eligible,simple_control,False,False,"coordinate screen only; no prespecified substantive margin, assess intervals, G+ and tail",RSI minus control,0.005,223,471,known_case_group,222,2000,17,222,228,23,"Each resampled cohort: per-image minimum reference Dice gain versus the shared CNN anchor; independently sort each method and mean the first max(1, ceil(0.1 * resampled_image_count)) images",True,exploratory selected-development validation; not independent confirmation,0.8584882671218828,0.85838354376763,0.00010472335425271151,-0.0003490842740098777,0.0004865014905220452,0.011353013060636024,0.012260490932536667,-0.0009074778719006422,-0.0013960667325420251,-0.0005110819287074972,0.0061106272569648335,0.007095725913575088,-0.0009850986566102542,-0.0013106113107803864,-0.0006790788770783228,-0.0579254909294771,-0.06517372138879636,0.007248230459319258,0.004589391381243492,0.010132390022669111
P2-IMA-M-v2,17,RSI-0.3,3aad4f5915d66103446b1b42b5d8e352d8ddf8857903bf29236f1a23cb6d3c29,1.0,0.3,1.0,rsi,False,eligible,MeanHinge-3,0df5ad8bc3e2976f7e9d2e569fc8ba34993ec7e46fa8153ee61792bdda7498d7,1.0,3.0,1.0,mean_hinge,True,eligible,simple_control,False,False,"coordinate screen only; no prespecified substantive margin, assess intervals, G+ and tail",RSI minus control,0.005,223,471,known_case_group,222,2000,17,222,228,23,"Each resampled cohort: per-image minimum reference Dice gain versus the shared CNN anchor; independently sort each method and mean the first max(1, ceil(0.1 * resampled_image_count)) images",True,exploratory selected-development validation; not independent confirmation,0.8584882671218828,0.8586199376315764,-0.0001316705096936488,-0.0007608891012345615,0.00042834614528418043,0.011353013060636024,0.011895752895099703,-0.0005427398344636791,-0.001152571778145056,2.6564622074888592e-05,0.0061106272569648335,0.006553848743810606,-0.0004432214868457726,-0.0009743622188496554,5.845709669869266e-05,-0.0579254909294771,-0.061382241995475206,0.0034567510659981038,-0.0025634413178381586,0.009711552069765811
P2-IMA-M-v2,17,RSI-0.3,3aad4f5915d66103446b1b42b5d8e352d8ddf8857903bf29236f1a23cb6d3c29,1.0,0.3,1.0,rsi,False,eligible,Shrink-D0-0.000000,6e0811712543811a10b6cde1ec29db65b7bb4f25142c6991f2738d3d5c073f0a,0.0,0.0,0.0,shrink,False,outside Dice tolerance; retain D0 if no eligible candidate,simple_control,False,False,"coordinate screen only; no prespecified substantive margin, assess intervals, G+ and tail",RSI minus control,0.005,223,471,known_case_group,222,2000,17,222,228,23,"Each resampled cohort: per-image minimum reference Dice gain versus the shared CNN anchor; independently sort each method and mean the first max(1, ceil(0.1 * resampled_image_count)) images",True,exploratory selected-development validation; not independent confirmation,0.8584882671218828,0.8552520003612388,0.0032362667606439244,0.0009288396876710251,0.005759080351261266,0.011353013060636024,0.0,0.011353013060636024,0.009426323606993872,0.013587413715895794,0.0061106272569648335,0.0,0.0061106272569648335,0.004969402163096656,0.007382128431794901,-0.0579254909294771,0.0,-0.0579254909294771,-0.06774954296704996,-0.0476111408225647
P2-IMA-M-v2,17,RSI-0.3,3aad4f5915d66103446b1b42b5d8e352d8ddf8857903bf29236f1a23cb6d3c29,1.0,0.3,1.0,rsi,False,eligible,Shrink-D0-0.333333,6e0811712543811a10b6cde1ec29db65b7bb4f25142c6991f2738d3d5c073f0a,0.3333333333333333,0.0,0.3333333333333333,shrink,True,eligible,simple_control,False,False,"coordinate screen only; no prespecified substantive margin, assess intervals, G+ and tail",RSI minus control,0.005,223,471,known_case_group,222,2000,17,222,228,23,"Each resampled cohort: per-image minimum reference Dice gain versus the shared CNN anchor; independently sort each method and mean the first max(1, ceil(0.1 * resampled_image_count)) images",True,exploratory selected-development validation; not independent confirmation,0.8584882671218828,0.8574917796083509,0.000996487513531874,-0.0005790275173690614,0.0026203255772936037,0.011353013060636024,0.004892064791755144,0.0064609482688808804,0.00522403963483883,0.007943383292455804,0.0061106272569648335,0.0012163686812393375,0.004894258575725496,0.003965770886341285,0.005949736685443021,-0.0579254909294771,-0.019155720119735428,-0.03876977080974167,-0.047607052930956476,-0.029716728527509718
P2-IMA-M-v2,17,RSI-0.3,3aad4f5915d66103446b1b42b5d8e352d8ddf8857903bf29236f1a23cb6d3c29,1.0,0.3,1.0,rsi,False,eligible,Shrink-D0-0.666667,6e0811712543811a10b6cde1ec29db65b7bb4f25142c6991f2738d3d5c073f0a,0.6666666666666666,0.0,0.6666666666666666,shrink,False,eligible,simple_control,False,False,"coordinate screen only; no prespecified substantive margin, assess intervals, G+ and tail",RSI minus control,0.005,223,471,known_case_group,222,2000,17,222,228,23,"Each resampled cohort: per-image minimum reference Dice gain versus the shared CNN anchor; independently sort each method and mean the first max(1, ceil(0.1 * resampled_image_count)) images",True,exploratory selected-development validation; not independent confirmation,0.8584882671218828,0.8584540270090808,3.424011280195316e-05,-0.0006984301104318471,0.000759118879536916,0.011353013060636024,0.00892714235033639,0.0024258707102996335,0.0018783603273744296,0.0030215001569059985,0.0061106272569648335,0.00386574053169738,0.0022448867252674535,0.0017199664810470616,0.002833608565063903,-0.0579254909294771,-0.04072335472162955,-0.01720213620784755,-0.022513199962324846,-0.011937895161358965
P2-IMA-M-v2,17,RSI-0.3,3aad4f5915d66103446b1b42b5d8e352d8ddf8857903bf29236f1a23cb6d3c29,1.0,0.3,1.0,rsi,False,eligible,Shrink-D0-1.000000,6e0811712543811a10b6cde1ec29db65b7bb4f25142c6991f2738d3d5c073f0a,1.0,0.0,1.0,shrink,False,eligible,simple_control,False,False,"coordinate screen only; no prespecified substantive margin, assess intervals, G+ and tail",RSI minus control,0.005,223,471,known_case_group,222,2000,17,222,228,23,"Each resampled cohort: per-image minimum reference Dice gain versus the shared CNN anchor; independently sort each method and mean the first max(1, ceil(0.1 * resampled_image_count)) images",True,exploratory selected-development validation; not independent confirmation,0.8584882671218828,0.858316915574831,0.0001713515470517235,-0.0003208768840707781,0.0006094284472828219,0.011353013060636024,0.012552872267370665,-0.0011998592067346409,-0.001715097846822535,-0.0007749254221508076,0.0061106272569648335,0.007422201881999784,-0.0013115746250349503,-0.001651506474414102,-0.0009954784685774058,-0.0579254909294771,-0.06666460902230338,0.008739118092826278,0.006409507165761161,0.011643111969268384
P2-IMA-M-v2,17,RSI-1,1e4601988e0929a2a1e1f936c88503f6bfbcf754a6b56807b3bdae26349b1a94,1.0,1.0,1.0,rsi,False,eligible,AbsHard-0.3,1bb49232e61e2f2ffbd03fe40aca323ab467cbf9f13bb0fa6ee1cb26a38b7a47,1.0,0.3,1.0,abs_hard,False,eligible,simple_control,False,False,"coordinate screen only; no prespecified substantive margin, assess intervals, G+ and tail",RSI minus control,0.005,223,471,known_case_group,222,2000,17,222,228,23,"Each resampled cohort: per-image minimum reference Dice gain versus the shared CNN anchor; independently sort each method and mean the first max(1, ceil(0.1 * resampled_image_count)) images",True,exploratory selected-development validation; not independent confirmation,0.8583795894208185,0.8582183435384789,0.00016124588233956683,-0.00119664800026428,0.001416926665154639,0.008773162467152144,0.012401485111483484,-0.00362832264433134,-0.005045786251105397,-0.0024482168115323747,0.0038679211496023746,0.00734612492016572,-0.003478203770563346,-0.004326666967368138,-0.0026655348128502778,-0.041122508708104674,-0.06472355062860623,0.023601041920501553,0.01578778885740613,0.03301240054170278
P2-IMA-M-v2,17,RSI-1,1e4601988e0929a2a1e1f936c88503f6bfbcf754a6b56807b3bdae26349b1a94,1.0,1.0,1.0,rsi,False,eligible,AbsHard-1,cdfa7966292d334f35a671cfb33ac823ef2f659d99670c319a635c2b862fa168,1.0,1.0,1.0,abs_hard,True,eligible,simple_control,False,False,"coordinate screen only; no prespecified substantive margin, assess intervals, G+ and tail",RSI minus control,0.005,223,471,known_case_group,222,2000,17,222,228,23,"Each resampled cohort: per-image minimum reference Dice gain versus the shared CNN anchor; independently sort each method and mean the first max(1, ceil(0.1 * resampled_image_count)) images",True,exploratory selected-development validation; not independent confirmation,0.8583795894208185,0.8581613524392523,0.00021823698156619997,-0.0010708593231409315,0.0014388237999536644,0.008773162467152144,0.01218258422394578,-0.0034094217567936357,-0.0047311567937493885,-0.002315743095429129,0.0038679211496023746,0.007163161462505091,-0.0032952403129027164,-0.004105934576535274,-0.0025450113082935255,-0.041122508708104674,-0.0628710036682402,0.02174849496013552,0.014226687714010089,0.030290151639140186
P2-IMA-M-v2,17,RSI-1,1e4601988e0929a2a1e1f936c88503f6bfbcf754a6b56807b3bdae26349b1a94,1.0,1.0,1.0,rsi,False,eligible,AbsHard-3,167735cb85f00b7056ab69523f26cde7226084830c6d5529c7f927a17e785c34,1.0,3.0,1.0,abs_hard,False,eligible,simple_control,False,False,"coordinate screen only; no prespecified substantive margin, assess intervals, G+ and tail",RSI minus control,0.005,223,471,known_case_group,222,2000,17,222,228,23,"Each resampled cohort: per-image minimum reference Dice gain versus the shared CNN anchor; independently sort each method and mean the first max(1, ceil(0.1 * resampled_image_count)) images",True,exploratory selected-development validation; not independent confirmation,0.8583795894208185,0.8581067332797168,0.0002728561411017294,-0.0010889810262240465,0.0015738858170448627,0.008773162467152144,0.012367308463495501,-0.0035941459963433568,-0.005021949860039243,-0.0024236388304776277,0.0038679211496023746,0.00747257022098636,-0.0036046490713839852,-0.0044633390634006434,-0.0027836956449703086,-0.041122508708104674,-0.0651159040008051,0.02399339529270042,0.016071737401244034,0.032353544363112385
P2-IMA-M-v2,17,RSI-1,1e4601988e0929a2a1e1f936c88503f6bfbcf754a6b56807b3bdae26349b1a94,1.0,1.0,1.0,rsi,False,eligible,Anchor,1703ca22a1c39afeca05ffd0c12fe01606f41d5af81442d20102f130cc2ca491,0.0,0.0,0.0,anchor,False,,baseline_context,False,False,"coordinate screen only; no prespecified substantive margin, assess intervals, G+ and tail",RSI minus control,0.005,223,471,known_case_group,222,2000,17,222,228,23,"Each resampled cohort: per-image minimum reference Dice gain versus the shared CNN anchor; independently sort each method and mean the first max(1, ceil(0.1 * resampled_image_count)) images",True,exploratory selected-development validation; not independent confirmation,0.8583795894208185,0.8552520003612388,0.0031275890595796607,0.001481682125456161,0.004852241247887247,0.008773162467152144,0.0,0.008773162467152144,0.007258792594370606,0.010364014170477314,0.0038679211496023746,0.0,0.0038679211496023746,0.003112729123307363,0.004731556553655454,-0.041122508708104674,0.0,-0.041122508708104674,-0.047329191411848374,-0.034209140171636336
P2-IMA-M-v2,17,RSI-1,1e4601988e0929a2a1e1f936c88503f6bfbcf754a6b56807b3bdae26349b1a94,1.0,1.0,1.0,rsi,False,eligible,B,1703ca22a1c39afeca05ffd0c12fe01606f41d5af81442d20102f130cc2ca491,1.0,0.0,1.0,b,False,,baseline_context,False,False,"coordinate screen only; no prespecified substantive margin, assess intervals, G+ and tail",RSI minus control,0.005,223,471,known_case_group,222,2000,17,222,228,23,"Each resampled cohort: per-image minimum reference Dice gain versus the shared CNN anchor; independently sort each method and mean the first max(1, ceil(0.1 * resampled_image_count)) images",True,exploratory selected-development validation; not independent confirmation,0.8583795894208185,0.8583737524417798,5.836979038664758e-06,-0.0013045213740452248,0.0011779614840020467,0.008773162467152144,0.011903312882738801,-0.003130150415586657,-0.004586113548905784,-0.0019427245002777982,0.0038679211496023746,0.006743889874517981,-0.0028759687249156063,-0.003710080578309371,-0.0021043031162895284,-0.041122508708104674,-0.06193025400077063,0.020807745292665956,0.01262958545573599,0.03071016955034713
P2-IMA-M-v2,17,RSI-1,1e4601988e0929a2a1e1f936c88503f6bfbcf754a6b56807b3bdae26349b1a94,1.0,1.0,1.0,rsi,False,eligible,D0,6e0811712543811a10b6cde1ec29db65b7bb4f25142c6991f2738d3d5c073f0a,1.0,0.0,1.0,d0,True,,simple_control,False,False,"coordinate screen only; no prespecified substantive margin, assess intervals, G+ and tail",RSI minus control,0.005,223,471,known_case_group,222,2000,17,222,228,23,"Each resampled cohort: per-image minimum reference Dice gain versus the shared CNN anchor; independently sort each method and mean the first max(1, ceil(0.1 * resampled_image_count)) images",True,exploratory selected-development validation; not independent confirmation,0.8583795894208185,0.858316915574831,6.267384598745984e-05,-0.001398364058994414,0.0013952502223837761,0.008773162467152144,0.012552872267370665,-0.003779709800218521,-0.005173727780066336,-0.002599691890940416,0.0038679211496023746,0.007422201881999784,-0.003554280732397409,-0.004481784642690023,-0.0027303912017966133,-0.041122508708104674,-0.06666460902230338,0.025542100314198707,0.017374544582414272,0.035069792982188805
P2-IMA-M-v2,17,RSI-1,1e4601988e0929a2a1e1f936c88503f6bfbcf754a6b56807b3bdae26349b1a94,1.0,1.0,1.0,rsi,False,eligible,MeanHinge-0.3,e5de11536b6fb3180d4dba34150e15fe67b211f2258af0f0228b90027fe97eab,1.0,0.3,1.0,mean_hinge,False,eligible,simple_control,False,False,"coordinate screen only; no prespecified substantive margin, assess intervals, G+ and tail",RSI minus control,0.005,223,471,known_case_group,222,2000,17,222,228,23,"Each resampled cohort: per-image minimum reference Dice gain versus the shared CNN anchor; independently sort each method and mean the first max(1, ceil(0.1 * resampled_image_count)) images",True,exploratory selected-development validation; not independent confirmation,0.8583795894208185,0.8583505660391142,2.902338170429619e-05,-0.0014158169613565363,0.0013372619817045653,0.008773162467152144,0.012479487773661894,-0.0037063253065097498,-0.005096827406984367,-0.002558696322235431,0.0038679211496023746,0.007324864653376775,-0.0034569435037744003,-0.004367091909048449,-0.002663649439955679,-0.041122508708104674,-0.0660497236877129,0.02492721497960823,0.016685284557794847,0.034491613544135706
P2-IMA-M-v2,17,RSI-1,1e4601988e0929a2a1e1f936c88503f6bfbcf754a6b56807b3bdae26349b1a94,1.0,1.0,1.0,rsi,False,eligible,MeanHinge-1,620b3af2bc45c68dd76fd4f887746abb38776e96ef14bddddde8eb98d5e2fd3f,1.0,1.0,1.0,mean_hinge,False,eligible,simple_control,False,False,"coordinate screen only; no prespecified substantive margin, assess intervals, G+ and tail",RSI minus control,0.005,223,471,known_case_group,222,2000,17,222,228,23,"Each resampled cohort: per-image minimum reference Dice gain versus the shared CNN anchor; independently sort each method and mean the first max(1, ceil(0.1 * resampled_image_count)) images",True,exploratory selected-development validation; not independent confirmation,0.8583795894208185,0.85838354376763,-3.954346811552156e-06,-0.0013881909702716572,0.0012468668216575561,0.008773162467152144,0.012260490932536667,-0.003487328465384522,-0.004844799922515572,-0.002375628337624315,0.0038679211496023746,0.007095725913575088,-0.003227804763972713,-0.004109418959904761,-0.0024707259134657067,-0.041122508708104674,-0.06517372138879636,0.024051212680691686,0.015831847711759554,0.03328436933558079
P2-IMA-M-v2,17,RSI-1,1e4601988e0929a2a1e1f936c88503f6bfbcf754a6b56807b3bdae26349b1a94,1.0,1.0,1.0,rsi,False,eligible,MeanHinge-3,0df5ad8bc3e2976f7e9d2e569fc8ba34993ec7e46fa8153ee61792bdda7498d7,1.0,3.0,1.0,mean_hinge,True,eligible,simple_control,False,False,"coordinate screen only; no prespecified substantive margin, assess intervals, G+ and tail",RSI minus control,0.005,223,471,known_case_group,222,2000,17,222,228,23,"Each resampled cohort: per-image minimum reference Dice gain versus the shared CNN anchor; independently sort each method and mean the first max(1, ceil(0.1 * resampled_image_count)) images",True,exploratory selected-development validation; not independent confirmation,0.8583795894208185,0.8586199376315764,-0.00024034821075791246,-0.0015247930667054803,0.0008733620911206282,0.008773162467152144,0.011895752895099703,-0.003122590427947559,-0.00445943943239505,-0.0020379283758364523,0.0038679211496023746,0.006553848743810606,-0.0026859275942082315,-0.0034545404602702354,-0.0019978699312910245,-0.041122508708104674,-0.061382241995475206,0.020259733287370532,0.012150257346680002,0.029756004159502168
P2-IMA-M-v2,17,RSI-1,1e4601988e0929a2a1e1f936c88503f6bfbcf754a6b56807b3bdae26349b1a94,1.0,1.0,1.0,rsi,False,eligible,Shrink-D0-0.000000,6e0811712543811a10b6cde1ec29db65b7bb4f25142c6991f2738d3d5c073f0a,0.0,0.0,0.0,shrink,False,outside Dice tolerance; retain D0 if no eligible candidate,simple_control,False,False,"coordinate screen only; no prespecified substantive margin, assess intervals, G+ and tail",RSI minus control,0.005,223,471,known_case_group,222,2000,17,222,228,23,"Each resampled cohort: per-image minimum reference Dice gain versus the shared CNN anchor; independently sort each method and mean the first max(1, ceil(0.1 * resampled_image_count)) images",True,exploratory selected-development validation; not independent confirmation,0.8583795894208185,0.8552520003612388,0.0031275890595796607,0.001481682125456161,0.004852241247887247,0.008773162467152144,0.0,0.008773162467152144,0.007258792594370606,0.010364014170477314,0.0038679211496023746,0.0,0.0038679211496023746,0.003112729123307363,0.004731556553655454,-0.041122508708104674,0.0,-0.041122508708104674,-0.047329191411848374,-0.034209140171636336
P2-IMA-M-v2,17,RSI-1,1e4601988e0929a2a1e1f936c88503f6bfbcf754a6b56807b3bdae26349b1a94,1.0,1.0,1.0,rsi,False,eligible,Shrink-D0-0.333333,6e0811712543811a10b6cde1ec29db65b7bb4f25142c6991f2738d3d5c073f0a,0.3333333333333333,0.0,0.3333333333333333,shrink,True,eligible,simple_control,False,False,"coordinate screen only; no prespecified substantive margin, assess intervals, G+ and tail",RSI minus control,0.005,223,471,known_case_group,222,2000,17,222,228,23,"Each resampled cohort: per-image minimum reference Dice gain versus the shared CNN anchor; independently sort each method and mean the first max(1, ceil(0.1 * resampled_image_count)) images",True,exploratory selected-development validation; not independent confirmation,0.8583795894208185,0.8574917796083509,0.0008878098124676104,6.5800727709887865e-06,0.0017974978052689656,0.008773162467152144,0.004892064791755144,0.0038810976753970005,0.003096745099285622,0.004673022105282807,0.0038679211496023746,0.0012163686812393375,0.0026515524683630373,0.0020784956822129954,0.003281196062836465,-0.041122508708104674,-0.019155720119735428,-0.021966788588369247,-0.027655754219199254,-0.016322672356339246
P2-IMA-M-v2,17,RSI-1,1e4601988e0929a2a1e1f936c88503f6bfbcf754a6b56807b3bdae26349b1a94,1.0,1.0,1.0,rsi,False,eligible,Shrink-D0-0.666667,6e0811712543811a10b6cde1ec29db65b7bb4f25142c6991f2738d3d5c073f0a,0.6666666666666666,0.0,0.6666666666666666,shrink,False,eligible,simple_control,False,True,"coordinate screen only; no prespecified substantive margin, assess intervals, G+ and tail",RSI minus control,0.005,223,471,known_case_group,222,2000,17,222,228,23,"Each resampled cohort: per-image minimum reference Dice gain versus the shared CNN anchor; independently sort each method and mean the first max(1, ceil(0.1 * resampled_image_count)) images",True,exploratory selected-development validation; not independent confirmation,0.8583795894208185,0.8584540270090808,-7.44375882623105e-05,-0.0006365470492856683,0.00048332075615527574,0.008773162467152144,0.00892714235033639,-0.0001539798831842465,-0.0008135609372146847,0.00045899924005377425,0.0038679211496023746,0.00386574053169738,2.180617904994596e-06,-0.000410431269608034,0.00041677640988507846,-0.041122508708104674,-0.04072335472162955,-0.0003991539864751231,-0.006222043361178986,0.005460154875021742
P2-IMA-M-v2,17,RSI-1,1e4601988e0929a2a1e1f936c88503f6bfbcf754a6b56807b3bdae26349b1a94,1.0,1.0,1.0,rsi,False,eligible,Shrink-D0-1.000000,6e0811712543811a10b6cde1ec29db65b7bb4f25142c6991f2738d3d5c073f0a,1.0,0.0,1.0,shrink,False,eligible,simple_control,False,False,"coordinate screen only; no prespecified substantive margin, assess intervals, G+ and tail",RSI minus control,0.005,223,471,known_case_group,222,2000,17,222,228,23,"Each resampled cohort: per-image minimum reference Dice gain versus the shared CNN anchor; independently sort each method and mean the first max(1, ceil(0.1 * resampled_image_count)) images",True,exploratory selected-development validation; not independent confirmation,0.8583795894208185,0.858316915574831,6.267384598745984e-05,-0.001398364058994414,0.0013952502223837761,0.008773162467152144,0.012552872267370665,-0.003779709800218521,-0.005173727780066336,-0.002599691890940416,0.0038679211496023746,0.007422201881999784,-0.003554280732397409,-0.004481784642690023,-0.0027303912017966133,-0.041122508708104674,-0.06666460902230338,0.025542100314198707,0.017374544582414272,0.035069792982188805
P2-IMA-M-v2,17,RSI-3,40c40abc702c65bb2f4b3381335796730c89eb4e152188b699dd6f3d0bb4b784,1.0,3.0,1.0,rsi,True,eligible,AbsHard-0.3,1bb49232e61e2f2ffbd03fe40aca323ab467cbf9f13bb0fa6ee1cb26a38b7a47,1.0,0.3,1.0,abs_hard,False,eligible,simple_control,False,False,"coordinate screen only; no prespecified substantive margin, assess intervals, G+ and tail",RSI minus control,0.005,223,471,known_case_group,222,2000,17,222,228,23,"Each resampled cohort: per-image minimum reference Dice gain versus the shared CNN anchor; independently sort each method and mean the first max(1, ceil(0.1 * resampled_image_count)) images",True,exploratory selected-development validation; not independent confirmation,0.8580102222798562,0.8582183435384789,-0.00020812125862268438,-0.0016994894751323811,0.001231179196013452,0.007856948584172418,0.012401485111483484,-0.004544536527311066,-0.005974504903680695,-0.003257496566725025,0.0032591210280417614,0.00734612492016572,-0.0040870038921239586,-0.0051110984241566565,-0.0030955381037567975,-0.03846017709358078,-0.06472355062860623,0.026263373535025447,0.015105575540255952,0.03569608521767923
P2-IMA-M-v2,17,RSI-3,40c40abc702c65bb2f4b3381335796730c89eb4e152188b699dd6f3d0bb4b784,1.0,3.0,1.0,rsi,True,eligible,AbsHard-1,cdfa7966292d334f35a671cfb33ac823ef2f659d99670c319a635c2b862fa168,1.0,1.0,1.0,abs_hard,True,eligible,simple_control,True,False,"coordinate screen only; no prespecified substantive margin, assess intervals, G+ and tail",RSI minus control,0.005,223,471,known_case_group,222,2000,17,222,228,23,"Each resampled cohort: per-image minimum reference Dice gain versus the shared CNN anchor; independently sort each method and mean the first max(1, ceil(0.1 * resampled_image_count)) images",True,exploratory selected-development validation; not independent confirmation,0.8580102222798562,0.8581613524392523,-0.00015113015939605123,-0.0015346055275254782,0.0012422199969146942,0.007856948584172418,0.01218258422394578,-0.004325635639773362,-0.005584335362365679,-0.0032084200218367954,0.0032591210280417614,0.007163161462505091,-0.0039040404344633296,-0.004956715311457803,-0.0029712230712326637,-0.03846017709358078,-0.0628710036682402,0.024410826574659414,0.014157395071131139,0.03330746274172614
P2-IMA-M-v2,17,RSI-3,40c40abc702c65bb2f4b3381335796730c89eb4e152188b699dd6f3d0bb4b784,1.0,3.0,1.0,rsi,True,eligible,AbsHard-3,167735cb85f00b7056ab69523f26cde7226084830c6d5529c7f927a17e785c34,1.0,3.0,1.0,abs_hard,False,eligible,simple_control,False,False,"coordinate screen only; no prespecified substantive margin, assess intervals, G+ and tail",RSI minus control,0.005,223,471,known_case_group,222,2000,17,222,228,23,"Each resampled cohort: per-image minimum reference Dice gain versus the shared CNN anchor; independently sort each method and mean the first max(1, ceil(0.1 * resampled_image_count)) images",True,exploratory selected-development validation; not independent confirmation,0.8580102222798562,0.8581067332797168,-9.65109998605218e-05,-0.0016174546385076605,0.0013984878481877326,0.007856948584172418,0.012367308463495501,-0.004510359879323083,-0.005910357692853244,-0.0032846984291171285,0.0032591210280417614,0.00747257022098636,-0.004213449192944599,-0.005224287680226235,-0.0033076213013912567,-0.03846017709358078,-0.0651159040008051,0.026655726907224314,0.017704471730154225,0.03468429091940171
P2-IMA-M-v2,17,RSI-3,40c40abc702c65bb2f4b3381335796730c89eb4e152188b699dd6f3d0bb4b784,1.0,3.0,1.0,rsi,True,eligible,Anchor,1703ca22a1c39afeca05ffd0c12fe01606f41d5af81442d20102f130cc2ca491,0.0,0.0,0.0,anchor,False,,baseline_context,False,False,"coordinate screen only; no prespecified substantive margin, assess intervals, G+ and tail",RSI minus control,0.005,223,471,known_case_group,222,2000,17,222,228,23,"Each resampled cohort: per-image minimum reference Dice gain versus the shared CNN anchor; independently sort each method and mean the first max(1, ceil(0.1 * resampled_image_count)) images",True,exploratory selected-development validation; not independent confirmation,0.8580102222798562,0.8552520003612388,0.0027582219186174095,0.001207834762415669,0.004519340613527434,0.007856948584172418,0.0,0.007856948584172418,0.00629763837968397,0.009617904907090162,0.0032591210280417614,0.0,0.0032591210280417614,0.002548750908856578,0.0040944513942560296,-0.03846017709358078,0.0,-0.03846017709358078,-0.04872435610575788,-0.029713452279060307
P2-IMA-M-v2,17,RSI-3,40c40abc702c65bb2f4b3381335796730c89eb4e152188b699dd6f3d0bb4b784,1.0,3.0,1.0,rsi,True,eligible,B,1703ca22a1c39afeca05ffd0c12fe01606f41d5af81442d20102f130cc2ca491,1.0,0.0,1.0,b,False,,baseline_context,False,False,"coordinate screen only; no prespecified substantive margin, assess intervals, G+ and tail",RSI minus control,0.005,223,471,known_case_group,222,2000,17,222,228,23,"Each resampled cohort: per-image minimum reference Dice gain versus the shared CNN anchor; independently sort each method and mean the first max(1, ceil(0.1 * resampled_image_count)) images",True,exploratory selected-development validation; not independent confirmation,0.8580102222798562,0.8583737524417798,-0.00036353016192358645,-0.0017499913464925894,0.0009369420767773098,0.007856948584172418,0.011903312882738801,-0.004046364298566384,-0.0053867565135880535,-0.0029415904585394083,0.0032591210280417614,0.006743889874517981,-0.0034847688464762195,-0.004358549614245566,-0.002653515177783993,-0.03846017709358078,-0.06193025400077063,0.02347007690718985,0.016100036072764366,0.03137296164386592
P2-IMA-M-v2,17,RSI-3,40c40abc702c65bb2f4b3381335796730c89eb4e152188b699dd6f3d0bb4b784,1.0,3.0,1.0,rsi,True,eligible,D0,6e0811712543811a10b6cde1ec29db65b7bb4f25142c6991f2738d3d5c073f0a,1.0,0.0,1.0,d0,True,,simple_control,True,False,"coordinate screen only; no prespecified substantive margin, assess intervals, G+ and tail",RSI minus control,0.005,223,471,known_case_group,222,2000,17,222,228,23,"Each resampled cohort: per-image minimum reference Dice gain versus the shared CNN anchor; independently sort each method and mean the first max(1, ceil(0.1 * resampled_image_count)) images",True,exploratory selected-development validation; not independent confirmation,0.8580102222798562,0.858316915574831,-0.00030669329497479136,-0.001831972135657271,0.0011828710836968006,0.007856948584172418,0.012552872267370665,-0.004695923683198247,-0.006134828810328285,-0.003382940164688249,0.0032591210280417614,0.007422201881999784,-0.004163080853958022,-0.005296950429311996,-0.0031132842569347634,-0.03846017709358078,-0.06666460902230338,0.0282044319287226,0.016814658668236133,0.03809800177830723
P2-IMA-M-v2,17,RSI-3,40c40abc702c65bb2f4b3381335796730c89eb4e152188b699dd6f3d0bb4b784,1.0,3.0,1.0,rsi,True,eligible,MeanHinge-0.3,e5de11536b6fb3180d4dba34150e15fe67b211f2258af0f0228b90027fe97eab,1.0,0.3,1.0,mean_hinge,False,eligible,simple_control,False,False,"coordinate screen only; no prespecified substantive margin, assess intervals, G+ and tail",RSI minus control,0.005,223,471,known_case_group,222,2000,17,222,228,23,"Each resampled cohort: per-image minimum reference Dice gain versus the shared CNN anchor; independently sort each method and mean the first max(1, ceil(0.1 * resampled_image_count)) images",True,exploratory selected-development validation; not independent confirmation,0.8580102222798562,0.8583505660391142,-0.000340343759257955,-0.001855734942760964,0.0011266598364584833,0.007856948584172418,0.012479487773661894,-0.004622539189489476,-0.006054466368581377,-0.003361518903809135,0.0032591210280417614,0.007324864653376775,-0.004065743625335013,-0.005185523628293437,-0.003045083549036135,-0.03846017709358078,-0.0660497236877129,0.027589546594132125,0.016235806421079732,0.03754721876978338
P2-IMA-M-v2,17,RSI-3,40c40abc702c65bb2f4b3381335796730c89eb4e152188b699dd6f3d0bb4b784,1.0,3.0,1.0,rsi,True,eligible,MeanHinge-1,620b3af2bc45c68dd76fd4f887746abb38776e96ef14bddddde8eb98d5e2fd3f,1.0,1.0,1.0,mean_hinge,False,eligible,simple_control,False,False,"coordinate screen only; no prespecified substantive margin, assess intervals, G+ and tail",RSI minus control,0.005,223,471,known_case_group,222,2000,17,222,228,23,"Each resampled cohort: per-image minimum reference Dice gain versus the shared CNN anchor; independently sort each method and mean the first max(1, ceil(0.1 * resampled_image_count)) images",True,exploratory selected-development validation; not independent confirmation,0.8580102222798562,0.85838354376763,-0.00037332148777380336,-0.0018138274179763823,0.001044222571890329,0.007856948584172418,0.012260490932536667,-0.004403542348364249,-0.005753756756013833,-0.0032089027024038074,0.0032591210280417614,0.007095725913575088,-0.0038366048855333263,-0.004877608498221296,-0.002901576186112042,-0.03846017709358078,-0.06517372138879636,0.02671354429521558,0.01594922508123271,0.03608335130940401
P2-IMA-M-v2,17,RSI-3,40c40abc702c65bb2f4b3381335796730c89eb4e152188b699dd6f3d0bb4b784,1.0,3.0,1.0,rsi,True,eligible,MeanHinge-3,0df5ad8bc3e2976f7e9d2e569fc8ba34993ec7e46fa8153ee61792bdda7498d7,1.0,3.0,1.0,mean_hinge,True,eligible,simple_control,True,False,"coordinate screen only; no prespecified substantive margin, assess intervals, G+ and tail",RSI minus control,0.005,223,471,known_case_group,222,2000,17,222,228,23,"Each resampled cohort: per-image minimum reference Dice gain versus the shared CNN anchor; independently sort each method and mean the first max(1, ceil(0.1 * resampled_image_count)) images",True,exploratory selected-development validation; not independent confirmation,0.8580102222798562,0.8586199376315764,-0.0006097153517201637,-0.002046311919857823,0.0007027289444709444,0.007856948584172418,0.011895752895099703,-0.004038804310927286,-0.005364847478675927,-0.0028938025040863725,0.0032591210280417614,0.006553848743810606,-0.0032947277157688447,-0.004187414462094844,-0.00244955375990847,-0.03846017709358078,-0.061382241995475206,0.022922064901894426,0.014478562368163167,0.03137825960145627
P2-IMA-M-v2,17,RSI-3,40c40abc702c65bb2f4b3381335796730c89eb4e152188b699dd6f3d0bb4b784,1.0,3.0,1.0,rsi,True,eligible,Shrink-D0-0.000000,6e0811712543811a10b6cde1ec29db65b7bb4f25142c6991f2738d3d5c073f0a,0.0,0.0,0.0,shrink,False,outside Dice tolerance; retain D0 if no eligible candidate,simple_control,False,False,"coordinate screen only; no prespecified substantive margin, assess intervals, G+ and tail",RSI minus control,0.005,223,471,known_case_group,222,2000,17,222,228,23,"Each resampled cohort: per-image minimum reference Dice gain versus the shared CNN anchor; independently sort each method and mean the first max(1, ceil(0.1 * resampled_image_count)) images",True,exploratory selected-development validation; not independent confirmation,0.8580102222798562,0.8552520003612388,0.0027582219186174095,0.001207834762415669,0.004519340613527434,0.007856948584172418,0.0,0.007856948584172418,0.00629763837968397,0.009617904907090162,0.0032591210280417614,0.0,0.0032591210280417614,0.002548750908856578,0.0040944513942560296,-0.03846017709358078,0.0,-0.03846017709358078,-0.04872435610575788,-0.029713452279060307
P2-IMA-M-v2,17,RSI-3,40c40abc702c65bb2f4b3381335796730c89eb4e152188b699dd6f3d0bb4b784,1.0,3.0,1.0,rsi,True,eligible,Shrink-D0-0.333333,6e0811712543811a10b6cde1ec29db65b7bb4f25142c6991f2738d3d5c073f0a,0.3333333333333333,0.0,0.3333333333333333,shrink,True,eligible,simple_control,True,False,"coordinate screen only; no prespecified substantive margin, assess intervals, G+ and tail",RSI minus control,0.005,223,471,known_case_group,222,2000,17,222,228,23,"Each resampled cohort: per-image minimum reference Dice gain versus the shared CNN anchor; independently sort each method and mean the first max(1, ceil(0.1 * resampled_image_count)) images",True,exploratory selected-development validation; not independent confirmation,0.8580102222798562,0.8574917796083509,0.0005184426715053592,-0.00030775815860686504,0.001401240451855955,0.007856948584172418,0.004892064791755144,0.002964883792417274,0.0021312627733989695,0.003906474575126091,0.0032591210280417614,0.0012163686812393375,0.0020427523468024237,0.0015039593723587133,0.00264462184155172,-0.03846017709358078,-0.019155720119735428,-0.019304456973845353,-0.027535039200828646,-0.011729876784937457
P2-IMA-M-v2,17,RSI-3,40c40abc702c65bb2f4b3381335796730c89eb4e152188b699dd6f3d0bb4b784,1.0,3.0,1.0,rsi,True,eligible,Shrink-D0-0.666667,6e0811712543811a10b6cde1ec29db65b7bb4f25142c6991f2738d3d5c073f0a,0.6666666666666666,0.0,0.6666666666666666,shrink,False,eligible,simple_control,False,False,"coordinate screen only; no prespecified substantive margin, assess intervals, G+ and tail",RSI minus control,0.005,223,471,known_case_group,222,2000,17,222,228,23,"Each resampled cohort: per-image minimum reference Dice gain versus the shared CNN anchor; independently sort each method and mean the first max(1, ceil(0.1 * resampled_image_count)) images",True,exploratory selected-development validation; not independent confirmation,0.8580102222798562,0.8584540270090808,-0.0004438047292245617,-0.0011049218434970743,0.00018918947327052233,0.007856948584172418,0.00892714235033639,-0.001070193766163973,-0.0017058556918989806,-0.0004109771928823249,0.0032591210280417614,0.00386574053169738,-0.0006066195036556186,-0.0011696177579496737,-7.085175626413606e-05,-0.03846017709358078,-0.04072335472162955,0.002263177628048771,-0.006013253986060884,0.009113524744277584
P2-IMA-M-v2,17,RSI-3,40c40abc702c65bb2f4b3381335796730c89eb4e152188b699dd6f3d0bb4b784,1.0,3.0,1.0,rsi,True,eligible,Shrink-D0-1.000000,6e0811712543811a10b6cde1ec29db65b7bb4f25142c6991f2738d3d5c073f0a,1.0,0.0,1.0,shrink,False,eligible,simple_control,False,False,"coordinate screen only; no prespecified substantive margin, assess intervals, G+ and tail",RSI minus control,0.005,223,471,known_case_group,222,2000,17,222,228,23,"Each resampled cohort: per-image minimum reference Dice gain versus the shared CNN anchor; independently sort each method and mean the first max(1, ceil(0.1 * resampled_image_count)) images",True,exploratory selected-development validation; not independent confirmation,0.8580102222798562,0.858316915574831,-0.00030669329497479136,-0.001831972135657271,0.0011828710836968006,0.007856948584172418,0.012552872267370665,-0.004695923683198247,-0.006134828810328285,-0.003382940164688249,0.0032591210280417614,0.007422201881999784,-0.004163080853958022,-0.005296950429311996,-0.0031132842569347634,-0.03846017709358078,-0.06666460902230338,0.0282044319287226,0.016814658668236133,0.03809800177830723
