image_id,role,g0_dice,g0_bf1,r32_dense_oracle_dice,r32_dense_oracle_bf1
ISIC_0001769,locked100,0.9421726559273028,0.8428753180661577,0.9920344456404736,1.0
ISIC_0001852,locked100,0.9569377990430622,0.9914040114613181,0.9971408148677627,1.0
ISIC_0001871,locked100,0.9502385821404227,0.8935877757668781,0.9970581579542883,1.0
ISIC_0003462,locked100,0.8725267596496918,0.3965137925198849,0.9951135383730957,1.0
ISIC_0003539,locked100,0.8172826652785008,0.16528408201596492,0.9941211052322163,1.0
ISIC_0003582,locked100,0.9393689986282578,0.34963705289341196,0.9974052932018682,1.0
ISIC_0003657,locked100,0.955948298601952,0.7905141994237022,0.9975443383356071,1.0
ISIC_0003805,locked100,0.9132218365414957,0.611530403045937,0.9972677595628415,1.0
ISIC_0004337,locked100,0.8936576061039581,0.5755840875605136,0.9962062039723276,1.0
ISIC_0006651,locked100,0.8833191385813359,0.33005893909626716,0.9962930658525948,1.0
ISIC_0006671,cal50,0.884255930984903,0.523505603985056,0.9830418653948065,0.9149425287356322
ISIC_0006815,cal50,0.9103169251517195,0.8638838475499092,0.9866835764109068,0.9966101694915254
ISIC_0006914,locked100,0.8987016797476711,0.24736934408979303,0.996931696905016,0.9935316946959897
ISIC_0007141,locked100,0.7802829354553492,0.0,0.9836336129830835,0.8953271028037383
ISIC_0007156,locked100,0.8842162016444265,0.24423160644318676,0.9962573946637692,1.0
ISIC_0007235,cal50,0.9149674018587877,0.4725147886307892,0.9966785896780787,1.0
ISIC_0007241,locked100,0.8675757575757576,0.16822429906542055,0.9963879598662208,1.0
ISIC_0007332,locked100,0.8877005347593583,0.2397260273972603,0.995617110799439,1.0
ISIC_0007344,locked100,0.9551708832667555,0.7038578483169087,0.9974178612768231,1.0
ISIC_0007528,cal50,0.7534007673526334,0.27324651587845555,0.9932735426008968,1.0
ISIC_0007796,cal50,0.8214355564247995,0.06532516768737241,0.9950199203187251,1.0
ISIC_0008025,cal50,0.8778100373289092,0.08019957497921093,0.9968211724698751,1.0
ISIC_0008524,locked100,0.8995581737849779,0.7077409162717219,0.995958429561201,1.0
ISIC_0009995,cal50,0.9327461476930109,0.3067307964351394,0.997703779231222,0.937561128820293
ISIC_0010459,locked100,0.9805736867812264,0.5767763454299708,0.998844164151134,0.9886128364389234
ISIC_0012099,locked100,0.8880976602238047,0.646403242147923,0.9953440248318676,1.0
ISIC_0012109,locked100,0.9321799307958477,0.8848365829709637,0.9961061946902655,1.0
ISIC_0012126,cal50,0.9275,0.948801036941024,0.9951219512195122,1.0
ISIC_0012127,cal50,0.7946197620279358,0.4983388704318937,0.990484429065744,1.0
ISIC_0012143,cal50,0.7972919937205651,0.06701940035273368,0.9892825002045325,0.9519709743877138
ISIC_0012151,cal50,0.9635464058234758,0.5363639190323685,0.9964685108887581,0.9899458623356535
ISIC_0012159,cal50,0.5957361222847949,0.2294322132097335,0.9722546728971962,0.9135659967409018
ISIC_0012160,cal50,0.7669654289372599,0.4459652124322783,0.9232585596221959,0.8129770992366413
ISIC_0012191,locked100,0.9080556727119359,0.6957110139496149,0.9946080464537537,1.0
ISIC_0012201,cal50,0.9560794044665012,0.8385724293509348,0.9966988318943626,1.0
ISIC_0012204,locked100,0.7163507870221651,0.25462481812512994,0.9376234829240756,0.8308089128204162
ISIC_0012206,locked100,0.9557574414653963,0.7703646237393329,0.9950487840396097,0.983451536643026
ISIC_0012210,locked100,0.2036781120442224,0.0356513222331048,0.7445836403831982,0.2987527743042898
ISIC_0012221,locked100,0.9501661129568106,0.9412770385787557,0.9967335510965936,1.0
ISIC_0012222,locked100,0.9421720733427362,0.906650584172934,0.9978838466964496,1.0
ISIC_0012254,cal50,0.07104322847334127,0.0,0.14524386957693344,0.0
ISIC_0012256,locked100,0.14380352237841332,0.0,0.9510107448552176,0.6449280549788818
ISIC_0012288,cal50,0.9491017964071856,0.9415664181633346,0.9964084145715751,1.0
ISIC_0012306,locked100,0.9397659149300599,0.8649557522123893,0.995937318630296,1.0
ISIC_0012313,locked100,0.9524080934739242,0.9368797141722907,0.996401882092444,0.9921671018276762
ISIC_0012316,locked100,0.9185185185185185,0.8682144922746426,0.9958053691275168,1.0
ISIC_0012335,locked100,0.6808510638297872,0.0,0.9913885898815931,1.0
ISIC_0012380,cal50,0.8762709213201939,0.2789141206584787,0.986522462562396,0.9327036599763873
ISIC_0012383,cal50,0.95872,0.770696591149693,0.9972908119823516,1.0
ISIC_0012400,locked100,0.8954929403785683,0.18840579710144925,0.9972602739726028,1.0
ISIC_0012417,cal50,0.8717594091163229,0.25927938506987613,0.9747108592719087,0.7224332651502335
ISIC_0012434,locked100,0.9265367316341829,0.6343362087102882,0.9959415584415584,1.0
ISIC_0012492,locked100,0.7681795998047828,0.3350215483343295,0.9873315905891816,0.9648033126293997
ISIC_0012513,locked100,0.5860423501342081,0.08614668218859138,0.9606325152363696,0.8042297799371247
ISIC_0012538,locked100,0.9463350785340314,0.8938169517008081,0.9956006768189509,1.0
ISIC_0012547,locked100,0.8942292490118577,0.4939976397498677,0.9877577319587629,0.9913644214162349
ISIC_0012660,locked100,0.9650704940937381,0.9480908228079141,0.9970546804968626,1.0
ISIC_0012684,locked100,0.979492342748132,0.9698654843315548,0.997331340734415,1.0
ISIC_0012720,cal50,0.9578668105580287,0.6878645304796169,0.9959790536749579,1.0
ISIC_0012746,locked100,0.9127803488786045,0.6571789391878764,0.9953917050691244,1.0
ISIC_0012876,locked100,0.38823529411764707,0.0,0.7821100917431193,0.5837837837837838
ISIC_0012927,locked100,0.8031635185730512,0.41932450634069485,0.9821493098214931,0.8619999330164941
ISIC_0012956,locked100,0.868237347294939,0.5782610266228371,0.9972645564673701,0.9968847352024921
ISIC_0012959,cal50,0.832102081934184,0.44574295785829965,0.9451905626134302,0.7437433155080213
ISIC_0012965,locked100,0.9032258064516129,0.8985294117647059,0.9946332737030411,1.0
ISIC_0013010,locked100,0.9258957654723127,0.8029294274300932,0.99657664511221,1.0
ISIC_0013082,locked100,0.918645140867363,0.7320503934439596,0.996092575894199,1.0
ISIC_0013104,locked100,0.9410088821853527,0.6979210291340386,0.9902159541648303,0.9533799533799534
ISIC_0013127,locked100,0.7081887252602945,0.10749230557214387,0.9640309304065852,0.687820222692182
ISIC_0013128,locked100,0.9400518470511989,0.8251485032053166,0.9962546816479401,1.0
ISIC_0013132,locked100,0.9116304055868923,0.6531960059753125,0.9939521430449645,1.0
ISIC_0013188,locked100,0.9299895506792059,0.9124087591240876,0.9935611688954928,1.0
ISIC_0013215,locked100,0.9653634843538498,0.7175273367484383,0.9937796693403176,0.9713086074177746
ISIC_0013232,locked100,0.9259110126837125,0.6475080601107529,0.9941222570532915,0.9934908934108129
ISIC_0013421,locked100,0.884936674750741,0.3800518252488976,0.985225117300589,0.9106206648049725
ISIC_0013491,locked100,0.9508349877379423,0.7884253848889791,0.9964223889209464,1.0
ISIC_0013501,locked100,0.8692487652716402,0.28395346158276696,0.9958677685950413,1.0
ISIC_0013518,locked100,0.7223938519672173,0.1311866428145498,0.9644598727167535,0.6265376852157317
ISIC_0013527,locked100,0.18275418275418276,0.0995850622406639,0.17857142857142858,0.22271656634388903
ISIC_0013549,cal50,0.810408013681896,0.04545454545454546,0.993527175588205,1.0
ISIC_0013561,locked100,0.9022508718165486,0.3868323638286621,0.9966237602869804,0.9870129870129869
ISIC_0013562,locked100,0.9383077948034644,0.7079277779787966,0.9964683509915784,1.0
ISIC_0013632,locked100,0.3395712827492344,0.009900990099009901,0.9060732360821673,0.5020330295030159
ISIC_0013637,cal50,0.9623790756001434,0.8924631547313459,0.9976706266014442,1.0
ISIC_0013644,cal50,0.5945881794445763,0.12802254098360655,0.5701193777884963,0.40560399725678453
ISIC_0013651,locked100,0.7389732465654375,0.10619361501776982,0.9507261170138728,0.5161109145944661
ISIC_0013663,cal50,0.8675563334062568,0.46235921754593956,0.9828320954584195,0.9191374663072777
ISIC_0013702,cal50,0.7544293903074518,0.21747812606742165,0.9690743828322487,0.7387183542477171
ISIC_0013736,locked100,0.9120265209650684,0.25062329791722604,0.9874666666666667,0.944954128440367
ISIC_0013793,locked100,0.9293735498839907,0.6596438318342553,0.9950818206205848,0.9922680412371134
ISIC_0013828,cal50,0.4333721323170503,0.06151537884471117,0.8120343513621111,0.2457929491958675
ISIC_0013863,locked100,0.0,0.0,0.0,0.0
ISIC_0013898,locked100,0.9363161819537659,0.6767098281897235,0.9960710356749961,1.0
ISIC_0013945,cal50,0.6233890214797136,0.3495795107033639,0.9709762532981531,0.9671361502347416
ISIC_0014037,cal50,0.6353199218616128,0.0,0.9296378695687136,0.6782680723079438
ISIC_0014038,locked100,0.8147392058793508,0.112751677852349,0.9860279441117764,0.9661695060012812
ISIC_0014055,cal50,0.9343430700805385,0.32998273936440253,0.996427589997252,0.9757412398921832
ISIC_0014139,locked100,0.9126169290440338,0.5098477681259138,0.994967978042086,1.0
ISIC_0014162,locked100,0.8543091655266758,0.45722646724109905,0.9925306244397968,1.0
ISIC_0014178,cal50,0.9273868942199324,0.6714552238805971,0.9954707214493691,1.0
ISIC_0014211,locked100,0.9775990013177058,0.9399760456974388,0.9969738651994497,1.0
ISIC_0014212,locked100,0.94406345297579,0.3445741635612793,0.9923477907331311,0.889280578669591
ISIC_0014217,locked100,0.9558858221278603,0.5872526050121402,0.992366738651671,0.9416475972540046
ISIC_0014302,locked100,0.9504310344827587,0.883091100708316,0.9952456418383518,1.0
ISIC_0014310,locked100,0.9635310690248865,0.9334466527196653,0.9976558837318331,1.0
ISIC_0014382,locked100,0.9536631592706359,0.5889790752296814,0.9956536502546689,0.9975550122249389
ISIC_0014428,cal50,0.9313959904359022,0.7101303911735206,0.9965022735222105,1.0
ISIC_0014558,locked100,0.9406906906906907,0.5192942662353562,0.992817168289781,0.9577478493300442
ISIC_0014568,cal50,0.7847822091527292,0.30757567311444334,0.9701277955271566,0.7929169084476724
ISIC_0014572,locked100,0.9328990228013029,0.6110756617746581,0.995819397993311,1.0
ISIC_0014597,cal50,0.8587135788894997,0.6091665222665049,0.9923469387755102,1.0
ISIC_0014601,cal50,0.8456303077757031,0.12415322084000492,0.9895093779802904,0.9021113243761996
ISIC_0014608,cal50,0.9565853212686226,0.6179690141173453,0.9960410207488671,1.0
ISIC_0014610,locked100,0.869263119400256,0.4626957184943696,0.9889835792974434,0.994059405940594
ISIC_0014611,cal50,0.5090550965694589,0.0041928721174004195,0.8843815043055953,0.48296487928308424
ISIC_0014616,locked100,0.9172278948511841,0.6387920257911704,0.9958632701937732,1.0
ISIC_0014618,locked100,0.9232769830949284,0.7108550214625468,0.9931137167318072,0.9981851179673321
ISIC_0014620,cal50,0.7877830437072143,0.07591952216284187,0.9895287958115183,0.99099927482309
ISIC_0014623,locked100,0.9347806021672113,0.23315279907975459,0.9955588891301345,0.9969641772920461
ISIC_0014624,locked100,0.9485789627893348,0.680294534475322,0.9966951041426485,1.0
ISIC_0014633,cal50,0.8226120857699805,0.35359116022099457,0.990990990990991,0.9909909909909909
ISIC_0014635,cal50,0.7280166641868769,0.11964248011823492,0.9384826146519668,0.762201049970834
ISIC_0014637,locked100,0.892660284305193,0.3970061412487206,0.9953904912419334,1.0
ISIC_0014688,cal50,0.9526032900808947,0.34500208397513726,0.992918409365796,0.9098501762778278
ISIC_0014712,cal50,0.7171432280295967,0.011248744559758956,0.9421797813995099,0.36075541517567283
ISIC_0014809,locked100,0.9614173936505082,0.6754570457854717,0.9961361202923514,0.9980276134122288
ISIC_0014829,locked100,0.9450240105977811,0.6593667122076671,0.9962431693989071,1.0
ISIC_0014857,locked100,0.9687537934885527,0.5933066168650948,0.9964750242572372,0.9684497938489659
ISIC_0014931,locked100,0.9246552200755598,0.48675292667898956,0.9730491456755328,0.8557142676079544
ISIC_0014937,locked100,0.9551222531723924,0.24805949262037655,0.993203589795301,0.895907104114833
ISIC_0014945,cal50,0.9466171003717472,0.7766936108160657,0.9966349670811997,1.0
ISIC_0014946,cal50,0.9720953575909661,0.6800310790290703,0.9971752106310334,1.0
ISIC_0014979,cal50,0.13153864753768035,0.032351199289310045,0.1383721863876027,0.1758180325291312
ISIC_0014985,locked100,0.8674558701648916,0.15760912446193906,0.9603078956575827,0.5589859723774837
ISIC_0014989,locked100,0.9530377668308703,0.6370706175251221,0.9946988843000678,0.9769173492181683
ISIC_0015043,locked100,0.9278751488927243,0.3578684383922688,0.9969261595209362,1.0
ISIC_0015062,locked100,0.07022282241728561,0.0,0.16447233980440812,0.0
ISIC_0015124,locked100,0.9665916760404949,0.5834594743360395,0.9936032524570597,0.9587628865979382
ISIC_0015144,cal50,0.9381182756877753,0.5819924683327627,0.9753760946036973,0.7950819672131146
ISIC_0015211,locked100,0.8392140916400199,0.07581824977307917,0.9875788389754151,0.7771980317519265
ISIC_0015243,locked100,0.955902492467817,0.3243479429954289,0.9912760881841126,0.8630210076917144
ISIC_0015256,cal50,0.8023156965920952,0.14664160964743614,0.9360860593090798,0.5202566301068344
ISIC_0015313,cal50,0.9802896890734245,0.6892247157392861,0.9969115990650017,0.9874476987447699
ISIC_0015372,cal50,0.9637424463429881,0.44106031341510715,0.9967072517038058,0.9441297573204933
ISIC_0015401,locked100,0.954535128995619,0.7413065961076115,0.9959329431604007,0.9983818770226538
ISIC_0015443,locked100,0.9711425341975963,0.6497801328912872,0.9975170277227272,1.0
ISIC_0015445,locked100,0.7192651701157489,0.13053086993975455,0.9199154907119509,0.6481566068515497
ISIC_0015483,locked100,0.9454119055935333,0.3999694669513424,0.9910026371580744,0.9319727891156463
ISIC_0015496,locked100,0.9741200050106477,0.731979174725429,0.9968974111184579,0.9984686064318529
ISIC_0015627,cal50,0.9487054903866177,0.6420717937749112,0.9947477539737388,0.9976470588235293
