role,method,baseline,metric,n_images,difference,ci_low,ci_high,improved_images,harmed_images,equal_images,improved_fraction,harmed_fraction
cal50,G1,G0,dice,50,7.64902430377079e-06,-1.4645011106231731e-05,3.4032593865430494e-05,5,9,36,0.1,0.18
cal50,G1,G0,iou,50,1.7463716100916126e-05,-1.766364264002335e-05,6.183791436674412e-05,5,9,36,0.1,0.18
cal50,G1,G0,bf1,50,-0.0003760887329327034,-0.0013709792787302147,0.0003328578835363782,10,6,34,0.2,0.12
cal50,G2,G0,dice,50,-0.018338129958332464,-0.029657613534241536,-0.009457406306743299,16,34,0,0.32,0.68
cal50,G2,G0,iou,50,-0.02266034362757179,-0.03655123670412046,-0.01141967347583031,16,34,0,0.32,0.68
cal50,G2,G0,bf1,50,-0.024945112784756477,-0.057536707837038584,0.00638018378858248,17,32,1,0.34,0.64
cal50,G3,G0,dice,50,-0.003107805353410817,-0.010792490192861458,0.004754286845245352,16,25,9,0.32,0.5
cal50,G3,G0,iou,50,-0.0032100325517252014,-0.012225803437046413,0.005923648807626129,16,25,9,0.32,0.5
cal50,G3,G0,bf1,50,-0.004447028119499486,-0.027376550691378537,0.017156600415430552,18,23,9,0.36,0.46
cal50,G4,G0,dice,50,0.03261236353546924,0.023121253362398304,0.04237798090606478,47,3,0,0.94,0.06
cal50,G4,G0,iou,50,0.04882220514457506,0.03775638990348286,0.060565253651907645,47,3,0,0.94,0.06
cal50,G4,G0,bf1,50,0.13417443526272038,0.10775151598395037,0.1615380374643573,49,0,1,0.98,0.0
cal50,G4,G1,dice,50,0.032604714511165464,0.023122770902897466,0.04238940333765237,47,3,0,0.94,0.06
cal50,G4,G1,iou,50,0.04880474142847414,0.03773782744415364,0.060526415307678744,47,3,0,0.94,0.06
cal50,G4,G1,bf1,50,0.1345505239956531,0.10788886647995435,0.16209950606878581,49,0,1,0.98,0.0
cal50,G4,G2,dice,50,0.05095049349380169,0.037439438919115824,0.06477701319546218,48,2,0,0.96,0.04
cal50,G4,G2,iou,50,0.07148254877214684,0.056082758996124096,0.0866169148226261,48,2,0,0.96,0.04
cal50,G4,G2,bf1,50,0.15911954804747683,0.12844934037455757,0.1931997388790928,48,1,1,0.96,0.02
cal50,G4,G3,dice,50,0.035720168888880056,0.02122578180817443,0.048895118670156286,47,3,0,0.94,0.06
cal50,G4,G3,iou,50,0.05203223769630025,0.035745784928211836,0.06632033193182554,47,3,0,0.94,0.06
cal50,G4,G3,bf1,50,0.13862146338221987,0.10949402034884578,0.16924684748910487,49,0,1,0.98,0.0
cal50,G3,G2,dice,50,0.015230324604921647,0.009013959458561094,0.02241574714653502,37,13,0,0.74,0.26
cal50,G3,G2,iou,50,0.019450311075846584,0.011768802907674536,0.027873857160739146,37,13,0,0.74,0.26
cal50,G3,G2,bf1,50,0.020498084665256995,0.005233182385107389,0.035735682938125055,35,14,1,0.7,0.28
locked100,G1,G0,dice,100,1.2891425076732022e-05,-3.153022674621142e-06,2.9648869797654872e-05,19,11,70,0.19,0.11
locked100,G1,G0,iou,100,2.54333251036154e-05,-2.0310053065356046e-07,5.3910264646157694e-05,19,11,70,0.19,0.11
locked100,G1,G0,bf1,100,-0.0004623013721034401,-0.0010739302068342265,0.00022873396996041112,11,20,69,0.11,0.2
locked100,G2,G0,dice,100,-0.011922848319038419,-0.022032272220489892,-0.0035647909544530756,39,60,1,0.39,0.6
locked100,G2,G0,iou,100,-0.017552695432412814,-0.030638130419428727,-0.006622359016822462,39,60,1,0.39,0.6
locked100,G2,G0,bf1,100,-0.01425522812847801,-0.03926612258401598,0.010575695071669859,40,55,5,0.4,0.55
locked100,G3,G0,dice,100,-0.003794962375745777,-0.007758216217652935,-0.0006431568952668049,38,55,7,0.38,0.55
locked100,G3,G0,iou,100,-0.005144459017649528,-0.010823647614352441,-0.000472928475207715,38,55,7,0.38,0.55
locked100,G3,G0,bf1,100,-0.005458903860331379,-0.021370400334055,0.010134396768480873,39,49,12,0.39,0.49
locked100,G4,G0,dice,100,0.035065600401997174,0.028955113212947813,0.041997275880793605,99,0,1,0.99,0.0
locked100,G4,G0,iou,100,0.050857216123611944,0.04472439278199563,0.0576513337645245,99,0,1,0.99,0.0
locked100,G4,G0,bf1,100,0.15750993905345542,0.1342588685456632,0.18055539455465122,96,1,3,0.96,0.01
locked100,G4,G1,dice,100,0.035052708976920435,0.028950421928838153,0.041976042678260585,99,0,1,0.99,0.0
locked100,G4,G1,iou,100,0.05083178279850834,0.04472029703882459,0.05762610538446036,99,0,1,0.99,0.0
locked100,G4,G1,bf1,100,0.15797224042555888,0.13519685750447077,0.1807203681773482,96,1,3,0.96,0.01
locked100,G4,G2,dice,100,0.04698844872103559,0.0365128796995575,0.05859300943995008,98,1,1,0.98,0.01
locked100,G4,G2,iou,100,0.06840991155602476,0.05553266957536502,0.08378335019450023,98,1,1,0.98,0.01
locked100,G4,G2,bf1,100,0.17176516718193344,0.14630290847325425,0.19940357632033856,93,4,3,0.93,0.04
locked100,G4,G3,dice,100,0.03886056277774295,0.03171925223521675,0.04698223778007403,99,0,1,0.99,0.0
locked100,G4,G3,iou,100,0.05600167514126147,0.047837329515504595,0.06516123396993503,99,0,1,0.99,0.0
locked100,G4,G3,bf1,100,0.16296884291378685,0.13841997855955054,0.18899531346830412,96,1,3,0.96,0.01
locked100,G3,G2,dice,100,0.008127885943292638,0.0013355851757340031,0.01675310297148302,62,37,1,0.62,0.37
locked100,G3,G2,iou,100,0.012408236414763279,0.004258016691598561,0.023063299175879175,62,37,1,0.62,0.37
locked100,G3,G2,bf1,100,0.008796324268146633,-0.009356390794990354,0.026785577663669735,58,37,5,0.58,0.37
