seed,method,parameters,smooth_lambda,displacement_penalty,dice,bf1,hd95
17,local_DP,137217,0.2,0.0,0.8431921133500277,0.5021395324152284,19.60206845985166
17,local_large_DP,291841,0.05,0.0,0.8443619712371782,0.4971525627241584,19.673762198636183
17,global_DP,287425,0.002,0.1,0.8402640757058243,0.48819259186622505,19.78269699735287
23,local_DP,137217,0.01,0.02,0.8439852643876158,0.5039436005372393,19.714184075623663
23,local_large_DP,291841,0.01,0.02,0.8444627357423826,0.5048063754039621,19.6296068772436
23,global_DP,287425,0.0,0.1,0.84154343689272,0.5035005164999994,19.680490523412377
42,local_DP,137217,0.2,0.02,0.8415954017537215,0.4982651704077483,19.727363643748117
42,local_large_DP,291841,0.2,0.02,0.841215773626627,0.49666081736040496,19.737080197608304
42,global_DP,287425,0.2,0.0,0.8424231935201552,0.5003520883129058,19.654623642544298
