model,seed,alpha,dice,iou,bf1,hd95,assd,moved_fraction,repair_precision,repair_recall,keep_rate_on_initially_correct,move_rate_on_initially_correct,distance_increase_rate,correct_to_incorrect_rate
CNN,17,,0.8530507408537263,0.7801278692964201,0.5137836627358982,16.178161313798118,8.564328713154719,,,,,,,
CNN,23,,0.8530507408537263,0.7801278692964201,0.5137836627358982,16.178161313798118,8.564328713154719,,,,,,,
CNN,42,,0.8530507408537263,0.7801278692964201,0.5137836627358982,16.178161313798118,8.564328713154719,,,,,,,
G1_zero_reconstruction,17,,0.8530754761528805,0.7801713486431501,0.5134825194984042,16.19072334998319,8.566704868136538,,,,,,,
G1_zero_reconstruction,23,,0.8530754761528805,0.7801713486431501,0.5134825194984042,16.19072334998319,8.566704868136538,,,,,,,
G1_zero_reconstruction,42,,0.8530754761528805,0.7801713486431501,0.5134825194984042,16.19072334998319,8.566704868136538,,,,,,,
local,17,0.05,0.8547432754944697,0.7837419630475148,0.5398229410358989,16.329945931081273,8.563858972625093,0.5227667297979798,0.5918082575166412,0.4566673547339718,0.5251948781212225,0.4748051218787776,0.3886292948211152,0.11442396721072522
local,23,0.02,0.8520271933379772,0.7791387849367614,0.5322955527135732,16.472751446733866,8.561488185545727,0.6059422348484849,0.5844685052606615,0.5160965564400577,0.43761001212670275,0.5623899878732973,0.3959282417662461,0.1265882293765798
local,42,0.05,0.8550040560806069,0.78422981142107,0.5419533470168342,16.122052965544572,8.530822327315413,0.5159801136363636,0.5865966968683649,0.45670699538355236,0.506636560479772,0.49336343952022804,0.39098262644883464,0.10830689707950696
local_large,17,0.02,0.85136582172361,0.7768336471596257,0.5313239516393904,16.846197720582733,8.603137020413087,0.698113952020202,0.5694477671937663,0.5599730595941192,0.34391272460279637,0.6560872753972036,0.4085699332458157,0.1660667296497606
local_large,23,0.05,0.8564788653040669,0.7849035894842374,0.5391740096622955,16.123437697698634,8.522605071645586,0.3848642676767677,0.6094460441534928,0.3609423091349942,0.6685037846854008,0.33149621531459905,0.3721802711767881,0.06280587598390461
local_large,42,0.05,0.8541389301187634,0.7828284718796956,0.5383022509241041,16.243664755024522,8.554561802218513,0.4839409722222222,0.5819979348633314,0.42383520123437934,0.5491443812786041,0.450855618721396,0.39833795502877195,0.10002980283216249
local8,17,0.1,0.8549037919794666,0.7835634840121908,0.529576810019648,16.060219136734894,8.515369857564474,0.2977035984848485,0.6478337099729454,0.2525102109333828,0.6938869755807072,0.3061130244192928,0.32585612008893367,0.0425408623992342
local8,23,0.1,0.8543912842538015,0.7831310637431927,0.5340711464869125,16.05146472048384,8.525005772433786,0.4276751893939394,0.5833793906760527,0.35726868318895705,0.5479861836843839,0.4520138163156161,0.3885597661428692,0.075957900810948
local8,42,0.02,0.8539394264948712,0.7821273771491483,0.5284363157305952,16.102170813624824,8.535235544969202,0.27596275252525254,0.6231721606131884,0.2866788795649562,0.7208642727635505,0.2791357272364495,0.3495737282713322,0.04243103736271585
medium32,17,0.05,0.8554144298007332,0.7846389308989614,0.5361655814039278,16.020256698183694,8.507215621119748,0.3065814393939394,0.5904955983953752,0.2968452615739425,0.6873978930237137,0.3126021069762863,0.38230426315483523,0.07123759849164985
medium32,23,0.2,0.8538951337119992,0.7820349563363422,0.5285555548530476,16.11931765707177,8.535938247569149,0.2950994318181818,0.6200747410297445,0.27268376415036655,0.7053113314482187,0.2946886685517813,0.35378885551853345,0.04548728090658494
medium32,42,0.02,0.856070812571344,0.7856500888718297,0.5399410522548487,15.992930182576838,8.477873261948915,0.4543087121212121,0.5997767442313074,0.3975986018657577,0.5385951040249156,0.46140489597508433,0.3682131010742255,0.06702905118223007
global,17,0.05,0.855092192893358,0.784032008047726,0.5354750721060282,16.05719863973143,8.507750178200714,0.25110479797979796,0.6277670892443266,0.26395934925544556,0.7505290272113568,0.24947097278864322,0.3523072178916861,0.05635480847314484
global,23,0.1,0.8563726171209021,0.7864713574480665,0.5455901501777012,16.004811294354084,8.476200803496363,0.5581597222222222,0.6209861671184864,0.462374253260335,0.41406254785265967,0.5859374521473404,0.34858644803454863,0.08429873785297899
global,42,0.02,0.8558162999075507,0.7853709549668924,0.5399814233201622,16.036404040900536,8.471722516560126,0.5080886994949495,0.6157923917118534,0.4413180425248416,0.47489651216388146,0.5251034878361185,0.3519474749537945,0.07888760199175908
