seed,stage,run_id,group,epoch,method,weight,augmented_train_loss,augmented_train_seg,augmented_train_risk,augmented_train_weighted_risk,augmented_train_rho,augmented_train_J,augmented_train_kappa_pm,augmented_train_activation_rate,augmented_train_mean_weight,canonical_train_loss,canonical_train_seg,canonical_train_risk,canonical_train_weighted_risk,canonical_train_rho,canonical_train_J,canonical_train_kappa_pm,canonical_train_activation_rate,canonical_train_mean_weight,canonical_train_images,canonical_train_J_p50,canonical_train_J_p90,canonical_train_J_p99,val_loss,val_seg,val_risk,val_weighted_risk,val_rho,val_J,val_kappa_pm,val_activation_rate,val_mean_weight,val_images,val_J_p50,val_J_p90,val_J_p99,val_dice,val_iou,val_G_plus,val_H_minus,val_H_epsilon,val_mean_gain,val_mean_harm,val_any_harm,val_all_harm,val_sign_conflict,seg_gradient_norm,weighted_risk_gradient_norm,risk_seg_gradient_ratio,risk_seg_gradient_cosine,gradient_norm_before_clip,gradient_norm_finite_count,gradient_norm_nonfinite_count,gradient_clip_fraction,amp_skipped_steps,amp_skipped_step_fraction,augmented_message_rms,augmented_logit_delta_rms,lr_group0,epoch_seconds,peak_cuda_bytes,anchor_max_absolute_error,teacher_hash,frozen_hash,best_epoch,best_val_dice,optimizer_steps,optimizer_step_attempts,skipped_optimizer_steps,train_images,train_order_sha256
17,TailProbe,U-Mean,U-Mean,1,mean,0.0,0.1219134439849108,0.1219134439849108,0.0,0.0,0.32298889953736787,0.006423333830988056,0.6118286879673691,0.0,1.0,0.12131320990566329,0.12131320990566329,0.0,0.0,0.3322229804148243,0.007338081893699787,0.6254248810738305,0.0,1.0,1471,0.0018572136759757996,0.019365498796105385,0.07364417761564251,0.1553382466593131,0.1553382466593131,0.0,0.0,0.42040359145322725,0.004613369540415804,0.5560538117928355,0.0,1.0,223,0.0007240939885377884,0.016102498024702074,0.02816244337707758,0.858024670870784,0.7749645172063651,0.012297100989919872,0.0095244304803745,0.007429235133073453,0.0027726705095453717,0.23318385650224216,0.6322869955156951,0.09865470852017937,0.4260089686098655,,,,,0.08583680295344928,184,0,0.0,0,0.0,0.5738338683431121,1.4325585477130094,5e-05,39.97248120199947,555301888,0.0,d67353b51c7f853c45c0fad75d4336d0d442799627d3e648686eb70a497ad029,945126eb823fa190365962b123fbdad30b5b93639231fd02e1e25242b85766df,1,0.858024670870784,184,184,0,1471,194c2729e279abc238beb97b52c85cc012b19ff1c1c24d3d565540cad44eeafc
17,TailProbe,U-Mean,U-Mean,2,mean,0.0,0.1213103147245118,0.1213103147245118,0.0,0.0,0.32876728148909345,0.00701179719477576,0.6152277362541144,0.0,1.0,0.12180004185312544,0.12180004185312544,0.0,0.0,0.32950374147747746,0.006343353454866918,0.6247450713800136,0.0,1.0,1471,0.00131182128097862,0.01821804791688919,0.0568802390247583,0.15750215152453947,0.15750215152453947,0.0,0.0,0.42115097543049285,0.004443656694929162,0.560538116725571,0.0,1.0,223,0.0005839187651872635,0.01461657211184502,0.03623657993972301,0.8575544057766836,0.7743622605706951,0.011265896789409056,0.00896349137396419,0.006832769581690572,0.0023024054154448677,0.23318385650224216,0.6322869955156951,0.1031390134529148,0.4304932735426009,,,,,0.09002715775378696,184,0,0.0,0,0.0,0.552473223894166,1.5450377402704318,0.0001,23.66347012300048,556880896,0.0,d67353b51c7f853c45c0fad75d4336d0d442799627d3e648686eb70a497ad029,945126eb823fa190365962b123fbdad30b5b93639231fd02e1e25242b85766df,1,0.858024670870784,368,368,0,1471,7db9d83809c2b0d964e7cf28f28ff55c8f45bb2085e7b94429dd7023584780ad
17,TailProbe,U-Mean,U-Mean,3,mean,0.0,0.12138914244969956,0.12138914244969956,0.0,0.0,0.32752096382514867,0.006823241628673533,0.6172671652140057,0.0,1.0,0.12064586659319784,0.12064586659319784,0.0,0.0,0.32701110600776856,0.007618897411796435,0.6274643099932019,0.0,1.0,1471,0.0017836913466453552,0.019134046509861946,0.08911675214767449,0.15575958881944818,0.15575958881944818,0.0,0.0,0.42301943564094235,0.004493370865191847,0.5515695067264574,0.0,1.0,223,0.0005807578563690186,0.01362204253673556,0.03798563532531262,0.8576102905752969,0.7746324148173556,0.013672034139924537,0.011313743925866288,0.009202731742157685,0.0023582902140582484,0.23318385650224216,0.6367713004484304,0.11210762331838565,0.40358744394618834,,,,,0.09043636774320317,184,0,0.0,0,0.0,0.5454381353834062,1.6641637431286695,0.0001,32.10785418299929,556350464,0.0,d67353b51c7f853c45c0fad75d4336d0d442799627d3e648686eb70a497ad029,945126eb823fa190365962b123fbdad30b5b93639231fd02e1e25242b85766df,1,0.858024670870784,552,552,0,1471,f6154a20bc133288ee7b08e41fe20776a4e635a1a0cedb55485ee6f20ebfa8e4
17,TailProbe,U-Mean,U-Mean,4,mean,0.0,0.12084448278801203,0.12084448278801203,0.0,0.0,0.3186834385855355,0.0068855432368198285,0.5975526852886504,0.0,1.0,0.12072540217925706,0.12072540217925706,0.0,0.0,0.3102991186300157,0.0065044321183572356,0.6029911624745071,0.0,1.0,1471,0.0011097639799118042,0.017153317108750343,0.06838531494140614,0.15606200167149173,0.15606200167149173,0.0,0.0,0.4177877461963705,0.004109285003923281,0.5156950673982167,0.0,1.0,223,0.00014594942331314087,0.015457993745803833,0.029521571286022667,0.8578390121172218,0.7747404981544772,0.011507279030650868,0.008920267274667873,0.006812526383746732,0.002587011755982995,0.2556053811659193,0.6547085201793722,0.08968609865470852,0.452914798206278,,,,,0.0881812208858521,184,0,0.0,0,0.0,0.5227121136408935,1.768385190934571,9.98292246503335e-05,24.272819110000455,556880896,0.0,d67353b51c7f853c45c0fad75d4336d0d442799627d3e648686eb70a497ad029,945126eb823fa190365962b123fbdad30b5b93639231fd02e1e25242b85766df,1,0.858024670870784,736,736,0,1471,4467842eeb7dd95fc633f85493386f096ae366b6ed2f1ed56c0d224e6992d497
17,TailProbe,U-Mean,U-Mean,5,mean,0.0,0.12057723357189601,0.12057723357189601,0.0,0.0,0.31420802440998263,0.00672476179244878,0.5989123045749846,0.0,1.0,0.12026836448060987,0.12026836448060987,0.0,0.0,0.31024246804167993,0.0066155757811072425,0.5948334466349422,0.0,1.0,1471,0.0013324562460184097,0.017563745379447937,0.07174330651760095,0.15622623438525093,0.15622623438525093,0.0,0.0,0.43273543028553507,0.004464742999039423,0.5470852019273647,0.0,1.0,223,0.00044488534331321716,0.01572272181510926,0.03056359525769949,0.857780941496976,0.7745021609351986,0.011911178088190182,0.009382236952452943,0.007273137985668605,0.0025289411357372416,0.24663677130044842,0.6547085201793722,0.11210762331838565,0.45739910313901344,0.07099609076976776,0.0,0.0,,0.08891810150817037,184,0,0.0,0,0.0,0.5128017091815931,1.8685196546532523,9.931806517013612e-05,24.77401572999952,557857792,0.0,d67353b51c7f853c45c0fad75d4336d0d442799627d3e648686eb70a497ad029,945126eb823fa190365962b123fbdad30b5b93639231fd02e1e25242b85766df,1,0.858024670870784,920,920,0,1471,839e1701c336d7da9ed1e7d31b19b56c0f3283c4add1448c1dba5b18f02d89a2
17,TailProbe,U-Mean,U-Mean,6,mean,0.0,0.12037443755578217,0.12037443755578217,0.0,0.0,0.3213120355523419,0.006573824953182742,0.6023113528212101,0.0,1.0,0.12012606121746558,0.12012606121746558,0.0,0.0,0.32298889908151995,0.006898767217825326,0.6206662134602311,0.0,1.0,1471,0.0016068071126937866,0.018782079219818115,0.07387750074267387,0.1548822411239949,0.1548822411239949,0.0,0.0,0.4136771345886949,0.004438307407758963,0.5650224216583064,0.0,1.0,223,0.0008392892777919769,0.014093686640262613,0.02882295537739992,0.85795419096731,0.7750139143570183,0.012277874655831833,0.0095756840497608,0.007475934247825608,0.0027021906060710334,0.242152466367713,0.6547085201793722,0.09865470852017937,0.4484304932735426,,,,,0.08895926080320192,184,0,0.0,0,0.0,0.5107591894919332,1.9378517616532596,9.847001329696653e-05,23.794101029000558,557857792,0.0,d67353b51c7f853c45c0fad75d4336d0d442799627d3e648686eb70a497ad029,945126eb823fa190365962b123fbdad30b5b93639231fd02e1e25242b85766df,1,0.858024670870784,1104,1104,0,1471,ff942e7f1c8ab67ccadf79140aaddf7bdc4736521ccee070310a036d9b793f88
17,TailProbe,U-Mean,U-Mean,7,mean,0.0,0.12018753611498507,0.12018753611498507,0.0,0.0,0.31502379648220286,0.006756943052856664,0.5975526852481305,0.0,1.0,0.1202147381290297,0.1202147381290297,0.0,0.0,0.32242239119243166,0.007687705932287342,0.6247450714205334,0.0,1.0,1471,0.0016980655491352081,0.019895553588867188,0.08444157764315578,0.15491354538988106,0.15491354538988106,0.0,0.0,0.41778774780008293,0.004761091798894742,0.5426008968609866,0.0,1.0,223,0.00046665966510772705,0.01801129281520844,0.030711219012737274,0.8583970927648873,0.7753422486354339,0.013723934154723607,0.010578841751075074,0.008503421712510199,0.0031450924036485303,0.23318385650224216,0.6367713004484304,0.09865470852017937,0.4260089686098655,,,,,0.08598278047840881,184,0,0.0,0,0.0,0.5001529396836406,1.9727733465865063,9.729086208503174e-05,23.55753141399964,556350464,0.0,d67353b51c7f853c45c0fad75d4336d0d442799627d3e648686eb70a497ad029,945126eb823fa190365962b123fbdad30b5b93639231fd02e1e25242b85766df,7,0.8583970927648873,1288,1288,0,1471,f16d26660361d156df5f92a675829d3cd263d83640e98d3d2e2c62ac12344de1
17,TailProbe,U-Mean,U-Mean,8,mean,0.0,0.12016599779324334,0.12016599779324334,0.0,0.0,0.30593700705945776,0.007000813932786733,0.5934738273688679,0.0,1.0,0.11979915641303941,0.11979915641303941,0.0,0.0,0.30527985726060874,0.006380398076991244,0.5914343983684568,0.0,1.0,1471,0.0011212490499019623,0.01694321818649769,0.06858635842800134,0.15522276519927208,0.15522276519927208,0.0,0.0,0.4099402122967981,0.00392244053866731,0.5426008969946292,0.0,1.0,223,0.0006796270608901978,0.012569415569305437,0.027501459568738937,0.857661809662039,0.7747346514165506,0.011822500539759867,0.009412691238959634,0.007333712970002419,0.002409809300800234,0.22869955156950672,0.6367713004484304,0.10762331838565023,0.4439461883408072,,,,,0.08842251140057393,184,0,0.0,0,0.0,0.503482950617066,2.0318402227781647,9.578866633275288e-05,23.714509013999304,556350464,0.0,d67353b51c7f853c45c0fad75d4336d0d442799627d3e648686eb70a497ad029,945126eb823fa190365962b123fbdad30b5b93639231fd02e1e25242b85766df,7,0.8583970927648873,1472,1472,0,1471,ab0a5094cddd81aa49a9488e300dde83e9cfb5acf924c6890480ea3b7a080ba3
17,TailProbe,U-Mean,U-Mean,9,mean,0.0,0.11997263812232714,0.11997263812232714,0.0,0.0,0.3159641994455896,0.006923106076783215,0.5914343983887167,0.0,1.0,0.11970235135363204,0.11970235135363204,0.0,0.0,0.29729209395592754,0.006271727947960781,0.5832766825288919,0.0,1.0,1471,0.0010947063565254211,0.017213355749845505,0.07295202314853658,0.15551430701942187,0.15551430701942187,0.0,0.0,0.4319880463082694,0.004357525292625275,0.5470852019273647,0.0,1.0,223,0.0007222890853881836,0.014339056611061097,0.029536989554762843,0.858359672412161,0.7755112386738887,0.012363105726350807,0.009255433675428582,0.007182111844444003,0.0031076720509222245,0.23318385650224216,0.6502242152466368,0.11659192825112108,0.45739910313901344,,,,,0.08486726858815097,184,0,0.0,0,0.0,0.49274664404115087,2.0723420077647425,9.397368756032445e-05,24.520958432000043,560544768,0.0,d67353b51c7f853c45c0fad75d4336d0d442799627d3e648686eb70a497ad029,945126eb823fa190365962b123fbdad30b5b93639231fd02e1e25242b85766df,7,0.8583970927648873,1656,1656,0,1471,acd7f43481217fed15055ff4aa90d6323884e3f42f7f2ec5f647455449087251
17,TailProbe,U-Mean,U-Mean,10,mean,0.0,0.11954419819332968,0.11954419819332968,0.0,0.0,0.3099252237887062,0.007139411914611221,0.602991162494767,0.0,1.0,0.11940925808422101,0.11940925808422101,0.0,0.0,0.28363925005853136,0.006365049338850803,0.5622025832766825,0.0,1.0,1471,0.0007704123854637146,0.01729012280702591,0.07769260406494127,0.15406819643461117,0.15406819643461117,0.0,0.0,0.41068759814506156,0.004238033876023485,0.5605381165919282,0.0,1.0,223,0.0003468189388513565,0.013736920803785326,0.030373691543936734,0.8584203021749794,0.7754956975986943,0.012191300596504999,0.009022998782764321,0.006934821288989783,0.003168301813740677,0.21076233183856502,0.6322869955156951,0.08968609865470852,0.4484304932735426,0.0614607073366642,0.0,0.0,,0.08350504971230807,184,0,0.0,0,0.0,0.49447143215617706,2.1723990573273637,9.185832391312644e-05,24.095138122999742,557399040,0.0,d67353b51c7f853c45c0fad75d4336d0d442799627d3e648686eb70a497ad029,945126eb823fa190365962b123fbdad30b5b93639231fd02e1e25242b85766df,10,0.8584203021749794,1840,1840,0,1471,4c65fd8e9ebd7e5061e406144c9b6f25d1c6b83d4d3dd604458fd7c9215cb338
17,TailProbe,U-Mean,U-Mean,11,mean,0.0,0.11963779562837328,0.11963779562837328,0.0,0.0,0.3046000483164084,0.006724377325308629,0.5880353501019715,0.0,1.0,0.11927611663947699,0.11927611663947699,0.0,0.0,0.3055971019896903,0.006449842020200678,0.5968728756353533,0.0,1.0,1471,0.0012463666498661041,0.01672898232936859,0.07187524065375309,0.1555293896005827,0.1555293896005827,0.0,0.0,0.41666667103232824,0.004295441622724715,0.5201793721973094,0.0,1.0,223,0.00014643743634223938,0.014579627290368087,0.029279413372278216,0.8586693856905082,0.7758066591646475,0.012834768788303709,0.009417383459034192,0.0073519778166129535,0.003417385329269517,0.24663677130044842,0.6367713004484304,0.1031390134529148,0.4349775784753363,,,,,0.08656520724458538,184,0,0.0,0,0.0,0.48865910325222156,2.225904058713154,8.945702546981969e-05,24.08616246099973,556350464,0.0,d67353b51c7f853c45c0fad75d4336d0d442799627d3e648686eb70a497ad029,945126eb823fa190365962b123fbdad30b5b93639231fd02e1e25242b85766df,11,0.8586693856905082,2024,2024,0,1471,58f6d3912ae7f932ce94604b71180708147018e93603839039d4892143c1be8e
17,TailProbe,U-Mean,U-Mean,12,mean,0.0,0.11928306991534522,0.11928306991534522,0.0,0.0,0.31063902415563105,0.0066374990444053135,0.5982324949216875,0.0,1.0,0.11969265785957177,0.11969265785957177,0.0,0.0,0.31847949493182587,0.0070541576997716965,0.6125084976206662,0.0,1.0,1471,0.0015701493248343468,0.01923424005508423,0.07865618616342529,0.1566924434071699,0.1566924434071699,0.0,0.0,0.42638266567692096,0.004262920226818243,0.560538116725571,0.0,1.0,223,0.000790715217590332,0.012965450435876848,0.03220406018197537,0.857871095812104,0.7749034410254029,0.012782684398385607,0.010163588947520572,0.0081012032648567,0.0026190954508650377,0.25112107623318386,0.6367713004484304,0.11210762331838565,0.4304932735426009,,,,,0.08689831132474153,184,0,0.0,0,0.0,0.48199188368892604,2.287836616335881,8.678619553365659e-05,24.240712082000755,556350464,0.0,d67353b51c7f853c45c0fad75d4336d0d442799627d3e648686eb70a497ad029,945126eb823fa190365962b123fbdad30b5b93639231fd02e1e25242b85766df,11,0.8586693856905082,2208,2208,0,1471,fc4bf6355c4f226ae101418b19f3e64409b584bc2b971639e4165345a1b101ec
17,TailProbe,U-Mean,U-Mean,13,mean,0.0,0.11915533833666613,0.11915533833666613,0.0,0.0,0.3040108794180574,0.007112178604709229,0.6036709721278042,0.0,1.0,0.11888191099883261,0.11888191099883261,0.0,0.0,0.2904146863723758,0.006207082354268002,0.5805574439157036,0.0,1.0,1471,0.0010046996176242828,0.016200214624404907,0.07406899034976949,0.15505536321567312,0.15505536321567312,0.0,0.0,0.39686099135822245,0.004231400975895912,0.5560538117928355,0.0,1.0,223,0.0007157474756240845,0.01507840231060982,0.031094755679368976,0.8587283468994453,0.7760883284492732,0.012374249428006993,0.008897902889800536,0.006927455010446094,0.0034763465382064546,0.19730941704035873,0.5964125560538116,0.07623318385650224,0.43946188340807174,,,,,0.08094118010131238,184,0,0.0,0,0.0,0.47511392854088264,2.3238814863357957,8.386407858128706e-05,23.798534854000536,556350464,0.0,d67353b51c7f853c45c0fad75d4336d0d442799627d3e648686eb70a497ad029,945126eb823fa190365962b123fbdad30b5b93639231fd02e1e25242b85766df,13,0.8587283468994453,2392,2392,0,1471,d4795e01d0a3b53bc1e10b65aac11bcee607a5dac95c873a78e59e873663364b
17,TailProbe,U-Mean,U-Mean,14,mean,0.0,0.11930687539152836,0.11930687539152836,0.0,0.0,0.30344437191390733,0.006763847864753383,0.5914343984089766,0.0,1.0,0.11899327039009532,0.11899327039009532,0.0,0.0,0.2962157288471263,0.0067961106939979825,0.5812372536095205,0.0,1.0,1471,0.0009755007922649384,0.018093403428792953,0.07701692730188342,0.15446574972616717,0.15446574972616717,0.0,0.0,0.40470852472322405,0.004477279619919345,0.5695067264573991,0.0,1.0,223,0.0006136614829301834,0.01451798528432846,0.0339952675998211,0.8583626025785395,0.7753802616393015,0.012931709078717653,0.009821106861416849,0.007800081156612443,0.003110602217300805,0.23766816143497757,0.6098654708520179,0.09865470852017937,0.4170403587443946,,,,,0.08717722974150725,184,0,0.0,0,0.0,0.47866662139393373,2.342118508389497,8.07106356344834e-05,24.96145669100042,558447616,0.0,d67353b51c7f853c45c0fad75d4336d0d442799627d3e648686eb70a497ad029,945126eb823fa190365962b123fbdad30b5b93639231fd02e1e25242b85766df,13,0.8587283468994453,2576,2576,0,1471,38cf60c1d25280241875072b11129ec6befa5ed1f45bab6821e9aa5b18945f79
17,TailProbe,U-Mean,U-Mean,15,mean,0.0,0.11889234362746241,0.11889234362746241,0.0,0.0,0.29930886270682233,0.0068212697570464486,0.5887151597755285,0.0,1.0,0.11893291579449282,0.11893291579449282,0.0,0.0,0.3087128960887726,0.00743173867087991,0.5975526852683904,0.0,1.0,1471,0.0015218406915664673,0.0194978266954422,0.08214694559574112,0.1549113906017868,0.1549113906017868,0.0,0.0,0.4226457439195949,0.004720627399153105,0.5650224215246636,0.0,1.0,223,0.0006332099437713623,0.01503279805183411,0.033372788056731224,0.8586508957202102,0.7759963264280729,0.013723964706080262,0.010325069347108648,0.00825679651698158,0.0033988953589716123,0.23766816143497757,0.672645739910314,0.08968609865470852,0.45739910313901344,0.05808679014444351,0.0,0.0,,0.082548668122162,184,0,0.0,0,0.0,0.4799494699383171,2.379527156163364,7.734740790612135e-05,24.455772808999427,556880896,0.0,d67353b51c7f853c45c0fad75d4336d0d442799627d3e648686eb70a497ad029,945126eb823fa190365962b123fbdad30b5b93639231fd02e1e25242b85766df,13,0.8587283468994453,2760,2760,0,1471,250d16e7f54d8b5dd4ae8eb9e37b16fc558acecdfd2361450216969670dc0bd9
17,TailProbe,U-Mean,U-Mean,16,mean,0.0,0.1186785146918206,0.1186785146918206,0.0,0.0,0.2984024502848542,0.006192455520358932,0.5900747791023825,0.0,1.0,0.11904159387830647,0.11904159387830647,0.0,0.0,0.3062769115822077,0.007395179732528564,0.5893949694085656,0.0,1.0,1471,0.0013504959642887115,0.018560733646154404,0.08654736652970298,0.15469212108396094,0.15469212108396094,0.0,0.0,0.4020926794663673,0.004541796753224771,0.5695067264573991,0.0,1.0,223,0.000890598923433572,0.014366054534912121,0.03048595692962408,0.8585788750314498,0.7759481210164598,0.013180651602843492,0.00985377693263263,0.007879520501253243,0.0033268746702108626,0.21524663677130046,0.6322869955156951,0.08520179372197309,0.47085201793721976,,,,,0.0855278478246992,184,0,0.0,0,0.0,0.4788608986005582,2.4375392665350866,7.379736965185368e-05,24.05867568100075,555564032,0.0,d67353b51c7f853c45c0fad75d4336d0d442799627d3e648686eb70a497ad029,945126eb823fa190365962b123fbdad30b5b93639231fd02e1e25242b85766df,13,0.8587283468994453,2944,2944,0,1471,790a48213c56cbcd4c4e445333b28bbadad249f14b61a9898739b3974771f35f
17,TailProbe,U-Mean,U-Mean,17,mean,0.0,0.11859191020154207,0.11859191020154207,0.0,0.0,0.30559710229358894,0.006975116463343883,0.5771583956492182,0.0,1.0,0.11866419672722885,0.11866419672722885,0.0,0.0,0.2937230933166377,0.006534479747969216,0.5778382053025153,0.0,1.0,1471,0.0008679311722517014,0.01681758277118206,0.07260149866342501,0.15558511733741504,0.15558511733741504,0.0,0.0,0.40284006344363293,0.004532363163432599,0.5560538117928355,0.0,1.0,223,0.00038827210664749146,0.014346036687493333,0.035574106052517894,0.8584803420678195,0.7758145631635517,0.012374902899039619,0.00914656119245894,0.0071400369448791755,0.0032283417065806794,0.23318385650224216,0.6367713004484304,0.08968609865470852,0.43946188340807174,,,,,0.08555632125100364,184,0,0.0,0,0.0,0.47610149820753705,2.478685718017075,7.008477123264848e-05,24.404132599999684,556880896,0.0,d67353b51c7f853c45c0fad75d4336d0d442799627d3e648686eb70a497ad029,945126eb823fa190365962b123fbdad30b5b93639231fd02e1e25242b85766df,13,0.8587283468994453,3128,3128,0,1471,fbfecb4ce3dd1440d748d76099ac3b4d5a336e5cfe27eddba00b0ad3c9ac3842
17,TailProbe,U-Mean,U-Mean,18,mean,0.0,0.1182968533901152,0.1182968533901152,0.0,0.0,0.30276456218970055,0.007041702983575797,0.5873555404689342,0.0,1.0,0.11862015109293968,0.11862015109293968,0.0,0.0,0.30197145047842605,0.0066138946749140564,0.5907545887151597,0.0,1.0,1471,0.0013173781335353851,0.01722615957260132,0.07598973736166942,0.15514750471296868,0.15514750471296868,0.0,0.0,0.41068759814506156,0.004417906492330434,0.547085201793722,0.0,1.0,223,0.0005086520686745644,0.014692203700542451,0.03131984025239944,0.8581346696287696,0.7751227737694685,0.012477738415756001,0.009595069148225192,0.007521404108784733,0.002882669267530808,0.23766816143497757,0.6367713004484304,0.09417040358744394,0.4304932735426009,,,,,0.08201259485972316,184,0,0.0,0,0.0,0.477216024673528,2.465812800288768,6.623497346023418e-05,23.844953345999784,557198336,0.0,d67353b51c7f853c45c0fad75d4336d0d442799627d3e648686eb70a497ad029,945126eb823fa190365962b123fbdad30b5b93639231fd02e1e25242b85766df,13,0.8587283468994453,3312,3312,0,1471,1fc4c64fe7411a95853f0f431b023b11b5c992cf2bf522e2e75ab54066caec8d
17,TailProbe,U-Mean,U-Mean,19,mean,0.0,0.11836820683821296,0.11836820683821296,0.0,0.0,0.29709948182997453,0.006683345931924989,0.5798776343029264,0.0,1.0,0.11847867785283775,0.11847867785283775,0.0,0.0,0.2933831883684297,0.0066326194186038055,0.5717199184633615,0.0,1.0,1471,0.0009630955755710602,0.01647883653640747,0.08158254846930497,0.15584449590321614,0.15584449590321614,0.0,0.0,0.4017189872104491,0.004270879673404043,0.5336322871291584,0.0,1.0,223,0.0004540691152215004,0.013735741376876835,0.0309774299710989,0.8581055762013055,0.7753575633475542,0.0126830950679529,0.009829519227886302,0.00783163901617017,0.002853575840066598,0.242152466367713,0.6143497757847534,0.09417040358744394,0.3991031390134529,,,,,0.08248740591554214,184,0,0.0,0,0.0,0.47672912176574356,2.5556122452770262,6.227427435703997e-05,23.78358618099992,556612608,0.0,d67353b51c7f853c45c0fad75d4336d0d442799627d3e648686eb70a497ad029,945126eb823fa190365962b123fbdad30b5b93639231fd02e1e25242b85766df,13,0.8587283468994453,3496,3496,0,1471,92ca552cd9e9d7153842d5a1ca7be45616021297831b99290a4637460f62c382
17,TailProbe,U-Mean,U-Mean,20,mean,0.0,0.1184740290526911,0.1184740290526911,0.0,0.0,0.2973827359568578,0.006561001633590861,0.5812372536095205,0.0,1.0,0.11838491636826666,0.11838491636826666,0.0,0.0,0.2949467507614561,0.006902167873671069,0.583956492182189,0.0,1.0,1471,0.0011080466210842133,0.018278788775205612,0.07695581614971135,0.1555129268244243,0.1555129268244243,0.0,0.0,0.4024663711877147,0.0047317728016007645,0.5426008968609866,0.0,1.0,223,0.0006670579314231873,0.01599821038544178,0.0367627826333046,0.8583010887059106,0.7752530829841799,0.01311555795015293,0.010066469605481134,0.00799449322168177,0.003049088344671796,0.2242152466367713,0.6636771300448431,0.09417040358744394,0.4663677130044843,0.06103120371699333,0.0,0.0,,0.08277764657269353,184,0,0.0,0,0.0,0.4748120972042097,2.544498440686089,5.822972951403669e-05,23.93678123999962,557399040,0.0,d67353b51c7f853c45c0fad75d4336d0d442799627d3e648686eb70a497ad029,945126eb823fa190365962b123fbdad30b5b93639231fd02e1e25242b85766df,13,0.8587283468994453,3680,3680,0,1471,e647e4327a912d27f4285a243bff215c12b823372689a9102602f41779e80641
17,TailProbe,U-Mean,U-Mean,21,mean,0.0,0.11815704627660244,0.11815704627660244,0.0,0.0,0.29862905363093256,0.006887116140535925,0.5900747791023825,0.0,1.0,0.11811505321395552,0.11811505321395552,0.0,0.0,0.29593247460881356,0.006684752782638343,0.5832766825288919,0.0,1.0,1471,0.0011694952845573425,0.017410393804311752,0.07754082381725297,0.15606561082628276,0.15606561082628276,0.0,0.0,0.40171898801230527,0.004447226128603578,0.5739910315237773,0.0,1.0,223,0.0005275793373584747,0.014429426938295372,0.03737910397350788,0.8582253319164262,0.7752816134248279,0.013150670729504342,0.010177339174316763,0.008153246367677116,0.0029733315551875817,0.24663677130044842,0.6547085201793722,0.08968609865470852,0.4484304932735426,,,,,0.08322260623959743,184,0,0.0,0,0.0,0.4741091708963538,2.5752006254578674,5.4128967273616625e-05,24.439339518999986,557399040,0.0,d67353b51c7f853c45c0fad75d4336d0d442799627d3e648686eb70a497ad029,945126eb823fa190365962b123fbdad30b5b93639231fd02e1e25242b85766df,13,0.8587283468994453,3864,3864,0,1471,135ee60fe099eca15f43eb38356a7c8aed77855cedfb5678393eb317a292619a
17,TailProbe,U-Mean,U-Mean,22,mean,0.0,0.1177958547258604,0.1177958547258604,0.0,0.0,0.2920009092276474,0.006633224819766587,0.5737593474232526,0.0,1.0,0.11807762858800383,0.11807762858800383,0.0,0.0,0.285372764439424,0.006773073155303783,0.5683208701563562,0.0,1.0,1471,0.0009208507835865021,0.01756458729505539,0.08129069134593005,0.15572728971729363,0.15572728971729363,0.0,0.0,0.4013452962909579,0.004605557492854817,0.5470852019273647,0.0,1.0,223,0.0008369646966457367,0.014955204725265518,0.03632808566093445,0.8587874194126943,0.7762319463877323,0.01360422627856904,0.010068807227113568,0.008059758933401776,0.0035354190514554702,0.21076233183856502,0.6322869955156951,0.08520179372197309,0.4484304932735426,,,,,0.08259973545437274,184,0,0.0,0,0.0,0.47503740650954335,2.621429988269819,5e-05,24.3189877599998,557198336,0.0,d67353b51c7f853c45c0fad75d4336d0d442799627d3e648686eb70a497ad029,945126eb823fa190365962b123fbdad30b5b93639231fd02e1e25242b85766df,22,0.8587874194126943,4048,4048,0,1471,e5eda5bc9c9489fd396474d57a2eae14d4b1b754830556622a64b2160d51c68f
17,TailProbe,U-Mean,U-Mean,23,mean,0.0,0.11791100685771512,0.11791100685771512,0.0,0.0,0.3027645621187909,0.006743732864118829,0.6002719238613188,0.0,1.0,0.11808806679570537,0.11808806679570537,0.0,0.0,0.2967595762840993,0.007324230869776772,0.5866757308156372,0.0,1.0,1471,0.0012954454869031906,0.018671467900276184,0.08303179889917364,0.15530775367144511,0.15530775367144511,0.0,0.0,0.4088191374000412,0.004691567516263424,0.5515695067264574,0.0,1.0,223,0.000622360035777092,0.015842884778976468,0.03491943590342999,0.8586481680933981,0.7760593447573475,0.01423442835125105,0.010838260619091732,0.00880300977200321,0.0033961677321593152,0.22869955156950672,0.6547085201793722,0.09865470852017937,0.4439461883408072,,,,,0.08513447877181612,184,0,0.0,0,0.0,0.47641627270700493,2.63151125985696,4.5871032726383386e-05,23.918449131999296,556350464,0.0,d67353b51c7f853c45c0fad75d4336d0d442799627d3e648686eb70a497ad029,945126eb823fa190365962b123fbdad30b5b93639231fd02e1e25242b85766df,22,0.8587874194126943,4232,4232,0,1471,ae8a23b2704fc895a491afddd2a57270b5fa749de586a92756c635f3cbeeef9d
17,TailProbe,U-Mean,U-Mean,24,mean,0.0,0.11774844330318276,0.11774844330318276,0.0,0.0,0.2901314329039394,0.006936272477967263,0.5690006798501731,0.0,1.0,0.11811571970916297,0.11811571970916297,0.0,0.0,0.28579198029639363,0.006716147797684901,0.5662814412369848,0.0,1.0,1471,0.0008267002995125949,0.01781274564564228,0.07971099093556394,0.15588782106279792,0.15588782106279792,0.0,0.0,0.4065769852009589,0.004371344243936375,0.560538116725571,0.0,1.0,223,0.0006055422127246857,0.012244397774338724,0.036360630318522456,0.8582257817177714,0.7753082983260802,0.012719495331747455,0.009745713975214884,0.0077394820162165956,0.0029737813565325695,0.242152466367713,0.6322869955156951,0.08968609865470852,0.4260089686098655,,,,,0.0823488323746816,184,0,0.0,0,0.0,0.47167774392665446,2.6592914054865417,4.177027048596331e-05,24.45535418199961,556350464,0.0,d67353b51c7f853c45c0fad75d4336d0d442799627d3e648686eb70a497ad029,945126eb823fa190365962b123fbdad30b5b93639231fd02e1e25242b85766df,22,0.8587874194126943,4416,4416,0,1471,0f40d7f9279834f513f2cff34fee2909700f962b4a7c66c9e74f55b049d7cecf
17,TailProbe,U-Mean,U-Mean,25,mean,0.0,0.11770796883701873,0.11770796883701873,0.0,0.0,0.29256741705595596,0.0065221119699600824,0.5785180149760722,0.0,1.0,0.11803287331503642,0.11803287331503642,0.0,0.0,0.2845230026969611,0.006548404102861048,0.5696804895034702,0.0,1.0,1471,0.0009317795629613101,0.01658753864467144,0.0753707125782964,0.15517125001402715,0.15517125001402715,0.0,0.0,0.40545590896777506,0.004727571981336771,0.5515695068601001,0.0,1.0,223,0.000444561243057251,0.015982002764940263,0.037638772130012516,0.8586802236342768,0.7757417905896156,0.012802346324020171,0.00937412305098224,0.007411595360023589,0.0034282232730379293,0.21973094170403587,0.6143497757847534,0.08071748878923767,0.4484304932735426,0.06986679136753082,0.0,0.0,,0.08402671311658037,184,0,0.0,0,0.0,0.4716876226367795,2.645959726731685,3.7725725642960056e-05,24.86672548899969,556350464,0.0,d67353b51c7f853c45c0fad75d4336d0d442799627d3e648686eb70a497ad029,945126eb823fa190365962b123fbdad30b5b93639231fd02e1e25242b85766df,22,0.8587874194126943,4600,4600,0,1471,9959f2b978e8bdb54e3f47fe9fa891193ff5815553abd94a07a53e8bb0263e32
17,TailProbe,U-Mean,U-Mean,26,mean,0.0,0.11735739342154167,0.11735739342154167,0.0,0.0,0.29285067131452863,0.006590607175147661,0.5812372535892606,0.0,1.0,0.11784120047886626,0.11784120047886626,0.0,0.0,0.28463630415727137,0.006620101109628245,0.568320870196876,0.0,1.0,1471,0.0007579997181892395,0.01767599582672119,0.08034266382455824,0.15520988805678929,0.15520988805678929,0.0,0.0,0.4080717531554902,0.004502670375986292,0.5560538117928355,0.0,1.0,223,0.0005999915301799774,0.01409883424639702,0.035784881040453916,0.8583037347706098,0.7753764410981591,0.01261360051389723,0.00956186610452622,0.007597428288159557,0.0030517344093710097,0.22869955156950672,0.6143497757847534,0.08968609865470852,0.4349775784753363,,,,,0.08023189760380141,184,0,0.0,0,0.0,0.47162052837056745,2.6951481078774813,3.376502653976584e-05,24.807411914000113,556350464,0.0,d67353b51c7f853c45c0fad75d4336d0d442799627d3e648686eb70a497ad029,945126eb823fa190365962b123fbdad30b5b93639231fd02e1e25242b85766df,22,0.8587874194126943,4784,4784,0,1471,46a0467c40147aeeb3dce3c007b8d47df29308cf537e54dd93ba989b0e03a392
17,TailProbe,U-Mean,U-Mean,27,mean,0.0,0.11746211067338447,0.11746211067338447,0.0,0.0,0.2925107661535917,0.0067913035343304265,0.5771583956694781,0.0,1.0,0.11778270966296776,0.11778270966296776,0.0,0.0,0.2874688445346684,0.006595531953682327,0.5757987763426241,0.0,1.0,1471,0.0009851902723312378,0.017037615180015564,0.07730455994606011,0.15612130027448115,0.15612130027448115,0.0,0.0,0.41479821028730796,0.004538995566706888,0.5201793721973094,0.0,1.0,223,0.00022310763597488403,0.015233400464057925,0.037952775135636344,0.8585037657332533,0.7757796542895892,0.013303469712766169,0.010051704340751831,0.008040273908406713,0.003251765372014339,0.23318385650224216,0.6233183856502242,0.09865470852017937,0.4125560538116592,,,,,0.08179344834111955,184,0,0.0,0,0.0,0.469641667697642,2.7118056977710943,2.9915228767351532e-05,24.44642476700028,556090368,0.0,d67353b51c7f853c45c0fad75d4336d0d442799627d3e648686eb70a497ad029,945126eb823fa190365962b123fbdad30b5b93639231fd02e1e25242b85766df,22,0.8587874194126943,4968,4968,0,1471,46a80df37dab643f7d7bcf2d2b7beac7a29cb749d29ba7027c60c9b6a6f8e520
17,TailProbe,U-Mean,U-Mean,28,mean,0.0,0.1174205053625546,0.1174205053625546,0.0,0.0,0.2897915279861213,0.006485315104431291,0.5703602991365073,0.0,1.0,0.11775263458145953,0.11775263458145953,0.0,0.0,0.2872988920808244,0.006674052088261525,0.5737593474232526,0.0,1.0,1471,0.0009781979024410248,0.016828790307044983,0.08116789236664768,0.15520629226626836,0.15520629226626836,0.0,0.0,0.4062032926777553,0.004574216016873116,0.5515695067264574,0.0,1.0,223,0.0006336569786071777,0.015202982723712927,0.035688160657882696,0.8584360012832444,0.7755949684442194,0.012860137008314763,0.009676136086309012,0.0076596345624063995,0.00318400092200575,0.23318385650224216,0.6322869955156951,0.09865470852017937,0.4349775784753363,,,,,0.08296054856770713,184,0,0.0,0,0.0,0.4684721319388565,2.7377275250381063,2.6202630348146324e-05,33.24828749599965,556880896,0.0,d67353b51c7f853c45c0fad75d4336d0d442799627d3e648686eb70a497ad029,945126eb823fa190365962b123fbdad30b5b93639231fd02e1e25242b85766df,22,0.8587874194126943,5152,5152,0,1471,fe7bb0b3e42817ffe77dff9aaddf4d749807dd31072cb261503c282b105684f2
17,TailProbe,U-Mean,U-Mean,29,mean,0.0,0.11767012452203995,0.11767012452203995,0.0,0.0,0.2923408139732563,0.006621164046015836,0.5798776342624066,0.0,1.0,0.11766975171950138,0.11766975171950138,0.0,0.0,0.2944368932783644,0.006971794334895539,0.5893949694490854,0.0,1.0,1471,0.0011378861963748932,0.017641494050621986,0.08346686363220207,0.15584426336491589,0.15584426336491589,0.0,0.0,0.4155455950664298,0.0048977561851529065,0.5739910315237773,0.0,1.0,223,0.0007469616830348969,0.016874254494905476,0.03674301587045193,0.8587187512358914,0.7760303460899706,0.01385999531249924,0.010393244437846609,0.00829622553849792,0.0034667508746526287,0.23766816143497757,0.6636771300448431,0.09865470852017937,0.47085201793721976,,,,,0.08519721956437697,184,0,0.0,0,0.0,0.47336561022608725,2.7274982729872255,2.265259209387865e-05,24.452130650000072,556350464,0.0,d67353b51c7f853c45c0fad75d4336d0d442799627d3e648686eb70a497ad029,945126eb823fa190365962b123fbdad30b5b93639231fd02e1e25242b85766df,22,0.8587874194126943,5336,5336,0,1471,9e8eea15f01860f34a2d6e9be9518bb52600e45d3003c8f674e18454f0780982
17,TailProbe,U-Mean,U-Mean,30,mean,0.0,0.1171829826435939,0.1171829826435939,0.0,0.0,0.2903013853172637,0.00654481044695203,0.5737593473827328,0.0,1.0,0.1176725300313825,0.1176725300313825,0.0,0.0,0.28372989131997506,0.0062850675853330165,0.5696804894629504,0.0,1.0,1471,0.0007925275713205338,0.016139522194862366,0.0758325785398483,0.15634476229748917,0.15634476229748917,0.0,0.0,0.41031390588914335,0.004658712539821863,0.5426008969946292,0.0,1.0,223,0.00029651448130607605,0.015588799118995678,0.038265451043844226,0.8586680760966843,0.775899790237811,0.013028658191922704,0.009612582456477281,0.007593046985648515,0.0034160757354454226,0.21524663677130046,0.6322869955156951,0.08968609865470852,0.4439461883408072,0.08920303732156754,0.0,0.0,,0.0822082660768343,184,0,0.0,0,0.0,0.4722276229910264,2.7480884745848737,1.928936436551661e-05,24.24892267499945,557198336,0.0,d67353b51c7f853c45c0fad75d4336d0d442799627d3e648686eb70a497ad029,945126eb823fa190365962b123fbdad30b5b93639231fd02e1e25242b85766df,22,0.8587874194126943,5520,5520,0,1471,7c0b2045b391e8fcb38c99ccca3234aaa5905e1a96beb005b5fa2a64593ad9d0
17,TailProbe,U-Mean,U-Mean,31,mean,0.0,0.11716795144419051,0.11716795144419051,0.0,0.0,0.28945162266310503,0.006524116053364434,0.5798776342624066,0.0,1.0,0.11759102947245156,0.11759102947245156,0.0,0.0,0.2863358283107739,0.006617614196555342,0.5723997281166585,0.0,1.0,1471,0.0008872523903846741,0.01676669716835022,0.08211832791566843,0.15555533185400772,0.15555533185400772,0.0,0.0,0.3998505280691412,0.004653538888395501,0.5470852019273647,0.0,1.0,223,0.0005175583064556122,0.0153109148144722,0.036400575786828995,0.8586723910512198,0.7759525140646668,0.013102656599440139,0.009682265909459075,0.0076923942885340985,0.003420390689981062,0.21076233183856502,0.6367713004484304,0.08968609865470852,0.4663677130044843,,,,,0.08367947051706522,184,0,0.0,0,0.0,0.4722853334358482,2.7724611866158098,1.6135921418712956e-05,50.20103019999988,555832320,0.0,d67353b51c7f853c45c0fad75d4336d0d442799627d3e648686eb70a497ad029,945126eb823fa190365962b123fbdad30b5b93639231fd02e1e25242b85766df,22,0.8587874194126943,5704,5704,0,1471,b1bef5ac98ac85311f67f8a7a834c29165d3e665be7a460c45ec7b815ceb291f
17,TailProbe,U-Mean,U-Mean,32,mean,0.0,0.11720668236306539,0.11720668236306539,0.0,0.0,0.28174711382972556,0.006474804734801057,0.5628823929502396,0.0,1.0,0.11748076401483762,0.11748076401483762,0.0,0.0,0.28707228881578556,0.006611732109722046,0.5778382053025153,0.0,1.0,1471,0.0008771717548370361,0.016405656933784485,0.08137520924210533,0.15593909121415006,0.15593909121415006,0.0,0.0,0.4091928293886741,0.004636514989341789,0.5470852019273647,0.0,1.0,223,0.0003982745110988617,0.01608541272580626,0.03704360954463482,0.8585977055350218,0.7758298721407374,0.013427245458052937,0.010081540284269944,0.008028737350839844,0.0033457051737829963,0.21973094170403587,0.6591928251121076,0.08968609865470852,0.45739910313901344,,,,,0.08189515641930958,184,0,0.0,0,0.0,0.4734412082436132,2.750806262264602,1.3213804466343421e-05,24.340955130999646,557399040,0.0,d67353b51c7f853c45c0fad75d4336d0d442799627d3e648686eb70a497ad029,945126eb823fa190365962b123fbdad30b5b93639231fd02e1e25242b85766df,22,0.8587874194126943,5888,5888,0,1471,00d5746f835258ee89d47f4ddb3762f0a0d49b5534f6b52f5bf28db5b57a55fa
17,TailProbe,U-Mean,U-Mean,33,mean,0.0,0.1170389249485257,0.1170389249485257,0.0,0.0,0.28712894000178857,0.006900393688219665,0.5642420122568337,0.0,1.0,0.1174536516812689,0.1174536516812689,0.0,0.0,0.2827668276309643,0.0064997389501234215,0.5662814412369848,0.0,1.0,1471,0.0008054077625274658,0.016164511442184448,0.07879657745361315,0.15603659679536863,0.15603659679536863,0.0,0.0,0.39835575931275374,0.004600661503977974,0.529147982196423,0.0,1.0,223,0.00037923455238342285,0.015784765779972093,0.03843878768384457,0.8586989199874396,0.7760027862628331,0.013346976838673247,0.009900057212472379,0.00787552731595494,0.0034469196262008708,0.21524663677130046,0.6502242152466368,0.09417040358744394,0.452914798206278,,,,,0.08284823726052823,184,0,0.0,0,0.0,0.47343711211598705,2.769595900982274,1.0542974530180327e-05,24.392215718999978,557399040,0.0,d67353b51c7f853c45c0fad75d4336d0d442799627d3e648686eb70a497ad029,945126eb823fa190365962b123fbdad30b5b93639231fd02e1e25242b85766df,22,0.8587874194126943,6072,6072,0,1471,859e3654a88f97c78115c0cfbf6856bdaa31eacf4be5c322488ed55e6b1a9766
17,TailProbe,U-Mean,U-Mean,34,mean,0.0,0.11695704695766755,0.11695704695766755,0.0,0.0,0.2956832114690668,0.006605165602115726,0.5839564922227088,0.0,1.0,0.11745340934239788,0.11745340934239788,0.0,0.0,0.28242692284483556,0.00644602755066115,0.5635622026237965,0.0,1.0,1471,0.0007239952683448792,0.016259431838989258,0.08127127438783639,0.1558796020366686,0.1558796020366686,0.0,0.0,0.4080717531554902,0.004615910121578005,0.560538116725571,0.0,1.0,223,0.0004148706793785095,0.01580977439880373,0.036196132302284245,0.8586755268361768,0.7759837548313382,0.013189721272052172,0.009766194797114219,0.0077647332021253115,0.0034235264749379515,0.21973094170403587,0.6412556053811659,0.09865470852017937,0.452914798206278,,,,,0.07984648235952077,184,0,0.0,0,0.0,0.47366187849634767,2.8007354305197314,8.141676086873584e-06,30.62516789900019,557399040,0.0,d67353b51c7f853c45c0fad75d4336d0d442799627d3e648686eb70a497ad029,945126eb823fa190365962b123fbdad30b5b93639231fd02e1e25242b85766df,22,0.8587874194126943,6256,6256,0,1471,8fc7845e841efbacbd30eb24a0956ce62edeaed71309294c353aef8dbce40dc1
17,TailProbe,U-Mean,U-Mean,35,mean,0.0,0.11706442872909442,0.11706442872909442,0.0,0.0,0.2929639727647089,0.00624441682711816,0.5764785860161811,0.0,1.0,0.11747088901227547,0.11747088901227547,0.0,0.0,0.28220031968109627,0.0064853436983017005,0.5649218219303906,0.0,1.0,1471,0.0008020289242267609,0.01653149724006653,0.08058812394738181,0.15582106038593926,0.15582106038593926,0.0,0.0,0.4058296006891225,0.004616683737412429,0.5426008969946292,0.0,1.0,223,0.0005238503217697144,0.015189879760146153,0.03798936620354653,0.8586284293332014,0.7758798823598342,0.013205898053229002,0.009829469081266475,0.007814066406884944,0.0033764289719625225,0.21524663677130046,0.6367713004484304,0.08968609865470852,0.4439461883408072,0.09346824139356613,0.0,0.0,,0.08220112390573257,184,0,0.0,0,0.0,0.47484202923051844,2.7854736541745453,6.026312439675552e-06,23.961480610999388,556022784,0.0,d67353b51c7f853c45c0fad75d4336d0d442799627d3e648686eb70a497ad029,945126eb823fa190365962b123fbdad30b5b93639231fd02e1e25242b85766df,22,0.8587874194126943,6440,6440,0,1471,2cc1b6ec833a5173e7b5cbb18fd13158c1407b7e22e892423b4eaab6f7c4be3e
17,TailProbe,U-Mean,U-Mean,36,mean,0.0,0.1165718761716547,0.1165718761716547,0.0,0.0,0.29885565675415204,0.006396862338124544,0.5921142080622738,0.0,1.0,0.11747671591838471,0.11747671591838471,0.0,0.0,0.2801042398694905,0.0064202923850643235,0.5615227736233854,0.0,1.0,1471,0.0008038505911827087,0.01615004613995552,0.07975421771407128,0.15587849747974242,0.15587849747974242,0.0,0.0,0.40134529575638705,0.004642472175396812,0.5470852019273647,0.0,1.0,223,0.0004833359271287918,0.015350009873509419,0.03528142735362053,0.8586946004559755,0.775938397642849,0.013197719920883576,0.009755119826146826,0.0077298032905097885,0.00344260009473675,0.21524663677130046,0.6367713004484304,0.08520179372197309,0.4439461883408072,,,,,0.0764825897615241,184,0,0.0,0,0.0,0.4726141134465657,2.7771305378240276,4.2113336672471245e-06,24.35544544200002,556350464,0.0,d67353b51c7f853c45c0fad75d4336d0d442799627d3e648686eb70a497ad029,945126eb823fa190365962b123fbdad30b5b93639231fd02e1e25242b85766df,22,0.8587874194126943,6624,6624,0,1471,4d32cd1426033ea843cc0a3cb9c2c150738773cf4a4f85cf883929640a089870
17,TailProbe,U-Mean,U-Mean,37,mean,0.0,0.11760001253769724,0.11760001253769724,0.0,0.0,0.2796510336635714,0.006658011564733568,0.5526852481710433,0.0,1.0,0.11741443379528259,0.11741443379528259,0.0,0.0,0.2817471132117984,0.006589607599065218,0.5635622026237965,0.0,1.0,1471,0.0007571661844849586,0.01679307222366333,0.08221644982695578,0.15555227838556862,0.15555227838556862,0.0,0.0,0.41704036302096104,0.004612968879597337,0.5695067265910418,0.0,1.0,223,0.0004924014210700989,0.014950004965066916,0.038098984360694886,0.8586443852624511,0.7759774689647844,0.013288120774654227,0.009895735873441768,0.007876654179100726,0.003392384901212462,0.21973094170403587,0.6457399103139013,0.09417040358744394,0.4439461883408072,,,,,0.08329596832070661,184,0,0.0,0,0.0,0.47507546014481056,2.8035186611009566,2.7091379149682626e-06,23.787145152999983,556880896,0.0,d67353b51c7f853c45c0fad75d4336d0d442799627d3e648686eb70a497ad029,945126eb823fa190365962b123fbdad30b5b93639231fd02e1e25242b85766df,22,0.8587874194126943,6808,6808,0,1471,38da5963c916b0643652ca64cefc7797755c5d65b5ec3e0452690af9fbd17d14
17,TailProbe,U-Mean,U-Mean,38,mean,0.0,0.11747317321036317,0.11747317321036317,0.0,0.0,0.2834466378211489,0.006459833635658312,0.5594833446837542,0.0,1.0,0.11740837657455681,0.11740837657455681,0.0,0.0,0.2827668277120039,0.006637058465287784,0.5669612508902819,0.0,1.0,1471,0.000807683914899826,0.016671553254127502,0.08284395411610601,0.155556651776147,0.155556651776147,0.0,0.0,0.41255605808822565,0.00462811340023492,0.560538116725571,0.0,1.0,223,0.0005448907613754272,0.015008522197604183,0.037870970070362095,0.858648396219963,0.7759801019633434,0.013363548669081553,0.009967152810357345,0.00793632662715565,0.003396395858724207,0.22869955156950672,0.6457399103139013,0.09417040358744394,0.4484304932735426,,,,,0.08076167384000577,184,0,0.0,0,0.0,0.4737708207541465,2.7832033908099727,1.5299867030334814e-06,24.37565564200031,556350464,0.0,d67353b51c7f853c45c0fad75d4336d0d442799627d3e648686eb70a497ad029,945126eb823fa190365962b123fbdad30b5b93639231fd02e1e25242b85766df,22,0.8587874194126943,6992,6992,0,1471,b413efebd06b88fb2b1701687e197468fb892819abea4cb34ac92934bcd6fa3b
17,TailProbe,U-Mean,U-Mean,39,mean,0.0,0.11740141168976219,0.11740141168976219,0.0,0.0,0.2881486544716042,0.006356632066868438,0.5723997281166585,0.0,1.0,0.11740038533303139,0.11740038533303139,0.0,0.0,0.283446637365301,0.006645430088179176,0.5669612508902819,0.0,1.0,1471,0.0008161589503288269,0.01662212237715721,0.08299882784485815,0.155564339438896,0.155564339438896,0.0,0.0,0.41255605808822565,0.0046397482776897436,0.5695067265910418,0.0,1.0,223,0.0004867520183324814,0.01508433930575848,0.037981368601322174,0.8586647022490662,0.7759986774095631,0.013383316483477485,0.009970614595650044,0.00793856104074544,0.003412701887827442,0.2242152466367713,0.6502242152466368,0.09417040358744394,0.452914798206278,,,,,0.08334472579071703,184,0,0.0,0,0.0,0.4735235803431998,2.8152796645135316,6.819348298638839e-07,24.826866033999977,556608512,0.0,d67353b51c7f853c45c0fad75d4336d0d442799627d3e648686eb70a497ad029,945126eb823fa190365962b123fbdad30b5b93639231fd02e1e25242b85766df,22,0.8587874194126943,7176,7176,0,1471,df624c8249846a42f10c69bce789de00cdc5a9640bacb471e553d5ef992afaff
17,TailProbe,U-Mean,U-Mean,40,mean,0.0,0.11761570816579762,0.11761570816579762,0.0,0.0,0.2838658536173388,0.006787641024060945,0.5676410605233191,0.0,1.0,0.11740104423583891,0.11740104423583891,0.0,0.0,0.28310673253865243,0.006642309643973499,0.5662814412369848,0.0,1.0,1471,0.0008225142955780029,0.016658898442983627,0.0829643242061138,0.1555747843510367,0.1555747843510367,0.0,0.0,0.41031390562185793,0.0046397453310247925,0.5650224216583064,0.0,1.0,223,0.0004969798028469086,0.015097484365105633,0.03800584778189659,0.8586593574493122,0.7759884875159723,0.013372428109032757,0.009965071020959206,0.007933581127105632,0.0034073570880735525,0.21973094170403587,0.6502242152466368,0.09417040358744394,0.452914798206278,0.08076480031013489,0.0,0.0,,0.08462294205294354,184,0,0.0,0,0.0,0.47357455564550116,2.794740712375239,1.7077534966650766e-07,24.617246658999647,558447616,0.0,d67353b51c7f853c45c0fad75d4336d0d442799627d3e648686eb70a497ad029,945126eb823fa190365962b123fbdad30b5b93639231fd02e1e25242b85766df,22,0.8587874194126943,7360,7360,0,1471,6a4247581b9de769205975ce7c0d6f9e3a5a7ab91138c174d94fbf2d1516c13d
