image_a,image_b,dhash_distance,split_a,split_b,group_a,group_b
ISIC_0000048,ISIC_0020626,4,test,train,ISIC_0000048,ISIC_0020619
ISIC_0000048,ISIC_0021152,4,test,train,ISIC_0000048,ISIC_0021152
ISIC_0000071,ISIC_0000283,3,test,train,ISIC_0000071,ISIC_0000283
ISIC_0000078,ISIC_0009954,4,val,train,ISIC_0000078,ISIC_0009954
ISIC_0000078,ISIC_0017422,4,val,test,ISIC_0000078,ISIC_0017422
ISIC_0000078,ISIC_0022650,4,val,train,ISIC_0000078,ISIC_0022649
ISIC_0000078,ISIC_0036125,3,val,train,ISIC_0000078,ISIC_0036125
ISIC_0000162,ISIC_0014826,4,train,train,ISIC_0000162,ISIC_0014826
ISIC_0000174,ISIC_0015071,1,train,train,ISIC_0000174,ISIC_0011520
ISIC_0000183,ISIC_0015311,1,train,val,ISIC_0000183,ISIC_0011825
ISIC_0000193,ISIC_0015436,3,train,val,ISIC_0000193,ISIC_0015436
ISIC_0000265,ISIC_0010167,4,train,train,ISIC_0000265,ISIC_0010167
ISIC_0000384,ISIC_0010244,4,val,train,ISIC_0000384,ISIC_0010244
ISIC_0000384,ISIC_0023557,4,val,train,ISIC_0000384,ISIC_0023557
ISIC_0000388,ISIC_0010227,2,test,train,ISIC_0000388,ISIC_0010227
ISIC_0000388,ISIC_0010584,4,test,train,ISIC_0000388,ISIC_0010584
ISIC_0000388,ISIC_0011972,4,test,train,ISIC_0000388,ISIC_0011970
ISIC_0000388,ISIC_0018603,1,test,train,ISIC_0000388,ISIC_0018602
ISIC_0000388,ISIC_0021777,4,test,train,ISIC_0000388,ISIC_0021777
ISIC_0000388,ISIC_0021987,4,test,val,ISIC_0000388,ISIC_0021987
ISIC_0000388,ISIC_0022039,4,test,test,ISIC_0000388,ISIC_0022039
ISIC_0000388,ISIC_0022649,2,test,train,ISIC_0000388,ISIC_0022649
ISIC_0000388,ISIC_0022650,4,test,train,ISIC_0000388,ISIC_0022649
ISIC_0000388,ISIC_0036258,4,test,train,ISIC_0000388,ISIC_0036258
ISIC_0000395,ISIC_0023747,0,train,train,ISIC_0000395,ISIC_0023747
ISIC_0000437,ISIC_0023696,0,train,train,ISIC_0000437,ISIC_0023696
ISIC_0000442,ISIC_0001105,3,test,train,ISIC_0000442,ISIC_0001105
ISIC_0000442,ISIC_0009945,3,test,train,ISIC_0000442,ISIC_0009945
ISIC_0000442,ISIC_0036287,3,test,train,ISIC_0000442,ISIC_0036287
ISIC_0000444,ISIC_0009927,4,test,test,ISIC_0000444,ISIC_0009927
ISIC_0000449,ISIC_0001470,3,train,train,ISIC_0000449,ISIC_0001470
ISIC_0000449,ISIC_0005916,4,train,train,ISIC_0000449,ISIC_0005916
ISIC_0000449,ISIC_0021952,4,train,train,ISIC_0000449,ISIC_0021952
ISIC_0000449,ISIC_0022149,4,train,train,ISIC_0000449,ISIC_0022147
ISIC_0000449,ISIC_0022186,3,train,train,ISIC_0000449,ISIC_0022186
ISIC_0000449,ISIC_0022787,4,train,train,ISIC_0000449,ISIC_0022787
ISIC_0000449,ISIC_0023936,3,train,train,ISIC_0000449,ISIC_0023936
ISIC_0000451,ISIC_0009909,4,test,train,ISIC_0000451,ISIC_0009909
ISIC_0000451,ISIC_0023381,4,test,val,ISIC_0000451,ISIC_0023380
ISIC_0000451,ISIC_0036148,4,test,train,ISIC_0000451,ISIC_0036148
ISIC_0000453,ISIC_0024137,0,train,train,ISIC_0000453,ISIC_0024135
ISIC_0000477,ISIC_0000512,0,train,train,ISIC_0000477,ISIC_0000512
ISIC_0001105,ISIC_0009945,2,train,train,ISIC_0001105,ISIC_0009945
ISIC_0001105,ISIC_0010183,4,train,train,ISIC_0001105,ISIC_0010183
ISIC_0001105,ISIC_0011217,4,train,train,ISIC_0001105,ISIC_0011217
ISIC_0001105,ISIC_0012558,4,train,train,ISIC_0001105,ISIC_0012558
ISIC_0001105,ISIC_0022381,4,train,train,ISIC_0001105,ISIC_0022381
ISIC_0001105,ISIC_0036125,4,train,train,ISIC_0001105,ISIC_0036125
ISIC_0001105,ISIC_0036287,0,train,train,ISIC_0001105,ISIC_0036287
ISIC_0001134,ISIC_0010016,2,train,train,ISIC_0001134,ISIC_0010016
ISIC_0001155,ISIC_0022845,0,train,test,ISIC_0001155,ISIC_0022844
ISIC_0001205,ISIC_0001505,0,train,train,ISIC_0001205,ISIC_0001505
ISIC_0001208,ISIC_0001508,0,val,train,ISIC_0001208,ISIC_0001508
ISIC_0001209,ISIC_0001509,0,train,train,ISIC_0001209,ISIC_0001509
ISIC_0001211,ISIC_0001511,0,test,test,ISIC_0001211,ISIC_0001511
ISIC_0001247,ISIC_0001547,0,train,test,ISIC_0001247,ISIC_0001547
ISIC_0001275,ISIC_0001575,0,train,train,ISIC_0001275,ISIC_0001575
ISIC_0001470,ISIC_0023936,4,train,train,ISIC_0001470,ISIC_0023936
ISIC_0002122,ISIC_0003442,4,test,train,ISIC_0002122,ISIC_0003442
ISIC_0005744,ISIC_0010592,4,train,train,ISIC_0005744,ISIC_0010592
ISIC_0005913,ISIC_0009870,4,train,test,ISIC_0005913,ISIC_0009870
ISIC_0005913,ISIC_0011227,4,train,train,ISIC_0005913,ISIC_0011227
ISIC_0005916,ISIC_0010237,4,train,train,ISIC_0005916,ISIC_0010237
ISIC_0005916,ISIC_0021952,2,train,train,ISIC_0005916,ISIC_0021952
ISIC_0005916,ISIC_0022787,4,train,train,ISIC_0005916,ISIC_0022787
ISIC_0005916,ISIC_0023936,3,train,train,ISIC_0005916,ISIC_0023936
ISIC_0008294,ISIC_0011213,4,train,train,ISIC_0008294,ISIC_0011213
ISIC_0009869,ISIC_0010220,4,train,val,ISIC_0009869,ISIC_0010220
ISIC_0009869,ISIC_0010352,4,train,train,ISIC_0009869,ISIC_0010352
ISIC_0009870,ISIC_0011227,4,test,train,ISIC_0009870,ISIC_0011227
ISIC_0009872,ISIC_0009955,3,train,train,ISIC_0009872,ISIC_0009955
ISIC_0009898,ISIC_0020972,4,train,val,ISIC_0009898,ISIC_0020972
ISIC_0009911,ISIC_0009954,4,test,train,ISIC_0009911,ISIC_0009954
ISIC_0009911,ISIC_0009959,4,test,test,ISIC_0009911,ISIC_0009959
ISIC_0009911,ISIC_0010268,3,test,val,ISIC_0009911,ISIC_0010268
ISIC_0009911,ISIC_0022650,4,test,train,ISIC_0009911,ISIC_0022649
ISIC_0009936,ISIC_0010352,4,test,train,ISIC_0009936,ISIC_0010352
ISIC_0009936,ISIC_0011005,3,test,val,ISIC_0009936,ISIC_0011005
ISIC_0009936,ISIC_0022787,4,test,train,ISIC_0009936,ISIC_0022787
ISIC_0009945,ISIC_0010183,2,train,train,ISIC_0009945,ISIC_0010183
ISIC_0009945,ISIC_0010268,4,train,val,ISIC_0009945,ISIC_0010268
ISIC_0009945,ISIC_0011217,2,train,train,ISIC_0009945,ISIC_0011217
ISIC_0009945,ISIC_0012558,2,train,train,ISIC_0009945,ISIC_0012558
ISIC_0009945,ISIC_0022650,3,train,train,ISIC_0009945,ISIC_0022649
ISIC_0009945,ISIC_0036125,2,train,train,ISIC_0009945,ISIC_0036125
ISIC_0009945,ISIC_0036166,3,train,train,ISIC_0009945,ISIC_0036166
ISIC_0009945,ISIC_0036287,2,train,train,ISIC_0009945,ISIC_0036287
ISIC_0009945,ISIC_0036303,4,train,val,ISIC_0009945,ISIC_0036303
ISIC_0009954,ISIC_0010268,3,train,val,ISIC_0009954,ISIC_0010268
ISIC_0009954,ISIC_0012558,3,train,train,ISIC_0009954,ISIC_0012558
ISIC_0009954,ISIC_0021777,4,train,train,ISIC_0009954,ISIC_0021777
ISIC_0009954,ISIC_0021987,4,train,val,ISIC_0009954,ISIC_0021987
ISIC_0009954,ISIC_0022650,2,train,train,ISIC_0009954,ISIC_0022649
ISIC_0009954,ISIC_0036125,3,train,train,ISIC_0009954,ISIC_0036125
ISIC_0009954,ISIC_0036303,1,train,val,ISIC_0009954,ISIC_0036303
ISIC_0009955,ISIC_0020860,4,train,train,ISIC_0009955,ISIC_0020860
ISIC_0010013,ISIC_0021152,1,test,train,ISIC_0010013,ISIC_0021152
ISIC_0010074,ISIC_0023832,0,val,test,ISIC_0010074,ISIC_0023821
ISIC_0010121,ISIC_0010227,3,train,train,ISIC_0010121,ISIC_0010227
ISIC_0010121,ISIC_0018603,4,train,train,ISIC_0010121,ISIC_0018602
ISIC_0010121,ISIC_0021777,3,train,train,ISIC_0010121,ISIC_0021777
ISIC_0010121,ISIC_0036125,4,train,train,ISIC_0010121,ISIC_0036125
ISIC_0010121,ISIC_0036303,4,train,val,ISIC_0010121,ISIC_0036303
ISIC_0010153,ISIC_0021187,4,train,train,ISIC_0010153,ISIC_0021187
ISIC_0010183,ISIC_0010268,4,train,val,ISIC_0010183,ISIC_0010268
ISIC_0010183,ISIC_0011217,4,train,train,ISIC_0010183,ISIC_0011217
ISIC_0010183,ISIC_0012558,2,train,train,ISIC_0010183,ISIC_0012558
ISIC_0010183,ISIC_0036125,4,train,train,ISIC_0010183,ISIC_0036125
ISIC_0010183,ISIC_0036287,4,train,train,ISIC_0010183,ISIC_0036287
ISIC_0010206,ISIC_0036125,4,train,train,ISIC_0010206,ISIC_0036125
ISIC_0010219,ISIC_0011392,4,test,test,ISIC_0010219,ISIC_0011392
ISIC_0010219,ISIC_0018405,4,test,train,ISIC_0010219,ISIC_0018405
ISIC_0010219,ISIC_0020663,4,test,train,ISIC_0010219,ISIC_0020661
ISIC_0010219,ISIC_0021494,4,test,train,ISIC_0010219,ISIC_0021494
ISIC_0010220,ISIC_0010352,4,val,train,ISIC_0010220,ISIC_0010352
ISIC_0010220,ISIC_0018179,4,val,test,ISIC_0010220,ISIC_0018179
ISIC_0010227,ISIC_0010584,2,train,train,ISIC_0010227,ISIC_0010584
ISIC_0010227,ISIC_0011343,4,train,test,ISIC_0010227,ISIC_0011343
ISIC_0010227,ISIC_0011972,4,train,train,ISIC_0010227,ISIC_0011970
ISIC_0010227,ISIC_0018603,1,train,train,ISIC_0010227,ISIC_0018602
ISIC_0010227,ISIC_0020663,4,train,train,ISIC_0010227,ISIC_0020661
ISIC_0010227,ISIC_0021494,4,train,train,ISIC_0010227,ISIC_0021494
ISIC_0010227,ISIC_0021777,4,train,train,ISIC_0010227,ISIC_0021777
ISIC_0010227,ISIC_0022649,4,train,train,ISIC_0010227,ISIC_0022649
ISIC_0010227,ISIC_0022650,4,train,train,ISIC_0010227,ISIC_0022649
ISIC_0010227,ISIC_0036125,3,train,train,ISIC_0010227,ISIC_0036125
ISIC_0010227,ISIC_0036148,4,train,train,ISIC_0010227,ISIC_0036148
ISIC_0010227,ISIC_0036196,4,train,train,ISIC_0010227,ISIC_0036196
ISIC_0010227,ISIC_0036203,3,train,train,ISIC_0010227,ISIC_0036203
ISIC_0010227,ISIC_0036258,4,train,train,ISIC_0010227,ISIC_0036258
ISIC_0010237,ISIC_0010312,4,train,train,ISIC_0010237,ISIC_0010312
ISIC_0010237,ISIC_0010352,4,train,train,ISIC_0010237,ISIC_0010352
ISIC_0010237,ISIC_0021952,4,train,train,ISIC_0010237,ISIC_0021952
ISIC_0010237,ISIC_0022787,2,train,train,ISIC_0010237,ISIC_0022787
ISIC_0010237,ISIC_0036166,4,train,train,ISIC_0010237,ISIC_0036166
ISIC_0010268,ISIC_0010444,4,val,val,ISIC_0010268,ISIC_0010444
ISIC_0010268,ISIC_0011217,4,val,train,ISIC_0010268,ISIC_0011217
ISIC_0010268,ISIC_0012558,2,val,train,ISIC_0010268,ISIC_0012558
ISIC_0010268,ISIC_0022191,4,val,train,ISIC_0010268,ISIC_0022186
ISIC_0010268,ISIC_0022650,3,val,train,ISIC_0010268,ISIC_0022649
ISIC_0010268,ISIC_0036125,4,val,train,ISIC_0010268,ISIC_0036125
ISIC_0010268,ISIC_0036165,4,val,train,ISIC_0010268,ISIC_0036165
ISIC_0010268,ISIC_0036303,4,val,val,ISIC_0010268,ISIC_0036303
ISIC_0010347,ISIC_0010984,4,train,train,ISIC_0010347,ISIC_0010984
ISIC_0010347,ISIC_0011343,3,train,test,ISIC_0010347,ISIC_0011343
ISIC_0010347,ISIC_0036258,3,train,train,ISIC_0010347,ISIC_0036258
ISIC_0010352,ISIC_0022787,2,train,train,ISIC_0010352,ISIC_0022787
ISIC_0010352,ISIC_0036166,4,train,train,ISIC_0010352,ISIC_0036166
ISIC_0010444,ISIC_0012558,4,val,train,ISIC_0010444,ISIC_0012558
ISIC_0010444,ISIC_0022787,3,val,train,ISIC_0010444,ISIC_0022787
ISIC_0010444,ISIC_0023936,4,val,train,ISIC_0010444,ISIC_0023936
ISIC_0010444,ISIC_0036165,4,val,train,ISIC_0010444,ISIC_0036165
ISIC_0010513,ISIC_0017422,2,train,test,ISIC_0010513,ISIC_0017422
ISIC_0010568,ISIC_0021114,1,val,train,ISIC_0010568,ISIC_0021070
ISIC_0010584,ISIC_0018603,3,train,train,ISIC_0010584,ISIC_0018602
ISIC_0010584,ISIC_0022650,4,train,train,ISIC_0010584,ISIC_0022649
ISIC_0010584,ISIC_0036125,3,train,train,ISIC_0010584,ISIC_0036125
ISIC_0010584,ISIC_0036196,4,train,train,ISIC_0010584,ISIC_0036196
ISIC_0010584,ISIC_0036203,3,train,train,ISIC_0010584,ISIC_0036203
ISIC_0010907,ISIC_0021777,2,test,train,ISIC_0010907,ISIC_0021777
ISIC_0010907,ISIC_0021932,4,test,val,ISIC_0010907,ISIC_0021930
ISIC_0010907,ISIC_0022039,4,test,test,ISIC_0010907,ISIC_0022039
ISIC_0010907,ISIC_0036166,4,test,train,ISIC_0010907,ISIC_0036166
ISIC_0011163,ISIC_0018603,4,test,train,ISIC_0011163,ISIC_0018602
ISIC_0011217,ISIC_0012558,4,train,train,ISIC_0011217,ISIC_0012558
ISIC_0011217,ISIC_0022650,3,train,train,ISIC_0011217,ISIC_0022649
ISIC_0011217,ISIC_0036125,2,train,train,ISIC_0011217,ISIC_0036125
ISIC_0011217,ISIC_0036287,4,train,train,ISIC_0011217,ISIC_0036287
ISIC_0011217,ISIC_0036303,4,train,val,ISIC_0011217,ISIC_0036303
ISIC_0011227,ISIC_0036176,3,train,train,ISIC_0011227,ISIC_0036176
ISIC_0011334,ISIC_0024095,0,test,train,ISIC_0011334,ISIC_0024095
ISIC_0011343,ISIC_0036148,4,test,train,ISIC_0011343,ISIC_0036148
ISIC_0011343,ISIC_0036258,4,test,train,ISIC_0011343,ISIC_0036258
ISIC_0011392,ISIC_0021494,4,test,train,ISIC_0011392,ISIC_0021494
ISIC_0011451,ISIC_0014759,4,train,train,ISIC_0011450,ISIC_0011450
ISIC_0011692,ISIC_0011696,3,train,train,ISIC_0011692,ISIC_0011692
ISIC_0011899,ISIC_0011900,1,train,train,ISIC_0011899,ISIC_0011899
ISIC_0011972,ISIC_0018603,3,train,train,ISIC_0011970,ISIC_0018602
ISIC_0011972,ISIC_0021777,4,train,train,ISIC_0011970,ISIC_0021777
ISIC_0011972,ISIC_0022650,4,train,train,ISIC_0011970,ISIC_0022649
ISIC_0012127,ISIC_0012970,0,test,train,ISIC_0012127,ISIC_0012970
ISIC_0012558,ISIC_0022191,4,train,train,ISIC_0012558,ISIC_0022186
ISIC_0012558,ISIC_0022650,3,train,train,ISIC_0012558,ISIC_0022649
ISIC_0012558,ISIC_0036125,4,train,train,ISIC_0012558,ISIC_0036125
ISIC_0012558,ISIC_0036287,4,train,train,ISIC_0012558,ISIC_0036287
ISIC_0012558,ISIC_0036303,4,train,val,ISIC_0012558,ISIC_0036303
ISIC_0013109,ISIC_0013163,1,train,train,ISIC_0013109,ISIC_0013163
ISIC_0014936,ISIC_0015602,2,test,test,ISIC_0014936,ISIC_0014936
ISIC_0014957,ISIC_0015257,2,train,train,ISIC_0011960,ISIC_0011960
ISIC_0017422,ISIC_0036196,4,test,train,ISIC_0017422,ISIC_0036196
ISIC_0018179,ISIC_0022787,4,test,train,ISIC_0018179,ISIC_0022787
ISIC_0018405,ISIC_0020663,4,train,train,ISIC_0018405,ISIC_0020661
ISIC_0018405,ISIC_0022650,4,train,train,ISIC_0018405,ISIC_0022649
ISIC_0018405,ISIC_0036125,3,train,train,ISIC_0018405,ISIC_0036125
ISIC_0018603,ISIC_0021777,3,train,train,ISIC_0018602,ISIC_0021777
ISIC_0018603,ISIC_0022649,3,train,train,ISIC_0018602,ISIC_0022649
ISIC_0018603,ISIC_0022650,3,train,train,ISIC_0018602,ISIC_0022649
ISIC_0018603,ISIC_0036125,4,train,train,ISIC_0018602,ISIC_0036125
ISIC_0018603,ISIC_0036203,4,train,train,ISIC_0018602,ISIC_0036203
ISIC_0018603,ISIC_0036258,3,train,train,ISIC_0018602,ISIC_0036258
ISIC_0018603,ISIC_0036303,4,train,val,ISIC_0018602,ISIC_0036303
ISIC_0019794,ISIC_0036209,4,train,test,ISIC_0019794,ISIC_0036209
ISIC_0020663,ISIC_0021494,4,train,train,ISIC_0020661,ISIC_0021494
ISIC_0021333,ISIC_0036312,0,train,train,ISIC_0021333,ISIC_0036312
ISIC_0021440,ISIC_0036286,0,train,train,ISIC_0021440,ISIC_0036286
ISIC_0021751,ISIC_0036297,0,train,test,ISIC_0021751,ISIC_0036297
ISIC_0021777,ISIC_0021932,4,train,val,ISIC_0021777,ISIC_0021930
ISIC_0021777,ISIC_0021987,4,train,val,ISIC_0021777,ISIC_0021987
ISIC_0021777,ISIC_0022039,4,train,test,ISIC_0021777,ISIC_0022039
ISIC_0021777,ISIC_0022650,4,train,train,ISIC_0021777,ISIC_0022649
ISIC_0021777,ISIC_0036258,4,train,train,ISIC_0021777,ISIC_0036258
ISIC_0021777,ISIC_0036303,3,train,val,ISIC_0021777,ISIC_0036303
ISIC_0021932,ISIC_0022039,4,val,test,ISIC_0021930,ISIC_0022039
ISIC_0021932,ISIC_0036166,4,val,train,ISIC_0021930,ISIC_0036166
ISIC_0021952,ISIC_0022787,4,train,train,ISIC_0021952,ISIC_0022787
ISIC_0021952,ISIC_0023936,3,train,train,ISIC_0021952,ISIC_0023936
ISIC_0021987,ISIC_0022650,4,val,train,ISIC_0021987,ISIC_0022649
ISIC_0021987,ISIC_0036303,3,val,val,ISIC_0021987,ISIC_0036303
ISIC_0022342,ISIC_0036325,0,train,val,ISIC_0022342,ISIC_0036325
ISIC_0022381,ISIC_0036287,4,train,train,ISIC_0022381,ISIC_0036287
ISIC_0022649,ISIC_0022650,4,train,train,ISIC_0022649,ISIC_0022649
ISIC_0022650,ISIC_0036125,1,train,train,ISIC_0022649,ISIC_0036125
ISIC_0022650,ISIC_0036303,1,train,val,ISIC_0022649,ISIC_0036303
ISIC_0022678,ISIC_0036189,0,train,train,ISIC_0022678,ISIC_0036189
ISIC_0022787,ISIC_0023936,3,train,train,ISIC_0022787,ISIC_0023936
ISIC_0022787,ISIC_0036166,2,train,train,ISIC_0022787,ISIC_0036166
ISIC_0036125,ISIC_0036203,4,train,train,ISIC_0036125,ISIC_0036203
ISIC_0036125,ISIC_0036287,4,train,train,ISIC_0036125,ISIC_0036287
ISIC_0036125,ISIC_0036303,2,train,val,ISIC_0036125,ISIC_0036303
ISIC_0036148,ISIC_0036258,4,train,train,ISIC_0036148,ISIC_0036258
ISIC_0036195,ISIC_0036196,4,train,train,ISIC_0036195,ISIC_0036196
