protocol_id,seed,run_id,checkpoint_hash,subset,action,lambda,alpha,method,image_id,group_id,reference_count,message_rms,logit_delta_rms,changed_pixel_fraction
P2-IMA-M-v2,17,B,1703ca22a1c39afeca05ffd0c12fe01606f41d5af81442d20102f130cc2ca491,M,1.0,0.0,1.0,b,ISIC_0000038,ISIC_0000038,2,0.39812131613093316,0.6698739346817929,0.009932768595820063
P2-IMA-M-v2,17,B,1703ca22a1c39afeca05ffd0c12fe01606f41d5af81442d20102f130cc2ca491,M,1.0,0.0,1.0,b,ISIC_0000049,ISIC_0000049,2,0.4424775258322124,0.7507329104723933,0.01471305335167631
P2-IMA-M-v2,17,B,1703ca22a1c39afeca05ffd0c12fe01606f41d5af81442d20102f130cc2ca491,M,1.0,0.0,1.0,b,ISIC_0000078,ISIC_0000078,2,0.8425666257891182,1.4808840206092375,0.0010765505154250608
P2-IMA-M-v2,17,B,1703ca22a1c39afeca05ffd0c12fe01606f41d5af81442d20102f130cc2ca491,M,1.0,0.0,1.0,b,ISIC_0000110,ISIC_0000110,2,0.6775832966517069,1.2263834296378184,0.009219805399576822
P2-IMA-M-v2,17,B,1703ca22a1c39afeca05ffd0c12fe01606f41d5af81442d20102f130cc2ca491,M,1.0,0.0,1.0,b,ISIC_0000173,ISIC_0000173,2,0.5970943075040446,2.411655885383981,0.009352207171719739
P2-IMA-M-v2,17,B,1703ca22a1c39afeca05ffd0c12fe01606f41d5af81442d20102f130cc2ca491,M,1.0,0.0,1.0,b,ISIC_0000187,ISIC_0000187,2,0.3873689902193021,0.5597908832813336,0.011266878596763808
P2-IMA-M-v2,17,B,1703ca22a1c39afeca05ffd0c12fe01606f41d5af81442d20102f130cc2ca491,M,1.0,0.0,1.0,b,ISIC_0000269,ISIC_0000269,2,0.6174136457383004,1.5989417236985843,0.006677698206018518
P2-IMA-M-v2,17,B,1703ca22a1c39afeca05ffd0c12fe01606f41d5af81442d20102f130cc2ca491,M,1.0,0.0,1.0,b,ISIC_0000289,ISIC_0000289,3,0.4944051796576836,1.1651034029163552,0.019463857014973957
P2-IMA-M-v2,17,B,1703ca22a1c39afeca05ffd0c12fe01606f41d5af81442d20102f130cc2ca491,M,1.0,0.0,1.0,b,ISIC_0000306,ISIC_0000306,2,0.592204176832178,0.8246770655080321,0.006000561350137621
P2-IMA-M-v2,17,B,1703ca22a1c39afeca05ffd0c12fe01606f41d5af81442d20102f130cc2ca491,M,1.0,0.0,1.0,b,ISIC_0000316,ISIC_0000316,2,0.46099204694714524,1.6656250929334868,0.03809711357380849
P2-IMA-M-v2,17,B,1703ca22a1c39afeca05ffd0c12fe01606f41d5af81442d20102f130cc2ca491,M,1.0,0.0,1.0,b,ISIC_0000317,ISIC_0000317,2,0.46983160111059846,0.8921221784150163,0.003463168187744459
P2-IMA-M-v2,17,B,1703ca22a1c39afeca05ffd0c12fe01606f41d5af81442d20102f130cc2ca491,M,1.0,0.0,1.0,b,ISIC_0000333,ISIC_0000333,2,0.6992758399741993,2.281138834661428,0.015301318267419962
P2-IMA-M-v2,17,B,1703ca22a1c39afeca05ffd0c12fe01606f41d5af81442d20102f130cc2ca491,M,1.0,0.0,1.0,b,ISIC_0000367,ISIC_0000367,2,0.6787487743083375,1.1508727461781372,0.02324170650441837
P2-IMA-M-v2,17,B,1703ca22a1c39afeca05ffd0c12fe01606f41d5af81442d20102f130cc2ca491,M,1.0,0.0,1.0,b,ISIC_0000372,ISIC_0000372,2,0.6082231732638315,1.9056703335613192,0.014205780095610604
P2-IMA-M-v2,17,B,1703ca22a1c39afeca05ffd0c12fe01606f41d5af81442d20102f130cc2ca491,M,1.0,0.0,1.0,b,ISIC_0000375,ISIC_0000375,2,0.8007692980566797,1.8621894657495466,0.010039435492621528
P2-IMA-M-v2,17,B,1703ca22a1c39afeca05ffd0c12fe01606f41d5af81442d20102f130cc2ca491,M,1.0,0.0,1.0,b,ISIC_0000384,ISIC_0000384,2,0.776993742548426,1.1396105931631029,0.0015506186959361415
P2-IMA-M-v2,17,B,1703ca22a1c39afeca05ffd0c12fe01606f41d5af81442d20102f130cc2ca491,M,1.0,0.0,1.0,b,ISIC_0000386,ISIC_0000386,2,0.9462499999092857,1.093037150267046,0.004551498978226273
P2-IMA-M-v2,17,B,1703ca22a1c39afeca05ffd0c12fe01606f41d5af81442d20102f130cc2ca491,M,1.0,0.0,1.0,b,ISIC_0000396,ISIC_0000396,2,0.7097162651477535,1.0564559840540029,0.007399415204678362
P2-IMA-M-v2,17,B,1703ca22a1c39afeca05ffd0c12fe01606f41d5af81442d20102f130cc2ca491,M,1.0,0.0,1.0,b,ISIC_0000401,ISIC_0000401,2,0.5865100310430906,0.2886621649788066,0.044980367024739586
P2-IMA-M-v2,17,B,1703ca22a1c39afeca05ffd0c12fe01606f41d5af81442d20102f130cc2ca491,M,1.0,0.0,1.0,b,ISIC_0000432,ISIC_0000432,2,0.6754403025706012,2.6329378573660795,0.02040509824399595
P2-IMA-M-v2,17,B,1703ca22a1c39afeca05ffd0c12fe01606f41d5af81442d20102f130cc2ca491,M,1.0,0.0,1.0,b,ISIC_0000434,ISIC_0000434,2,0.6266885371564535,1.012992477804549,0.012434924090350116
P2-IMA-M-v2,17,B,1703ca22a1c39afeca05ffd0c12fe01606f41d5af81442d20102f130cc2ca491,M,1.0,0.0,1.0,b,ISIC_0000435,ISIC_0000435,2,0.7527337042691317,1.6621265415400597,0.009035746256510416
P2-IMA-M-v2,17,B,1703ca22a1c39afeca05ffd0c12fe01606f41d5af81442d20102f130cc2ca491,M,1.0,0.0,1.0,b,ISIC_0000436,ISIC_0000436,2,0.6448332648322441,1.0096127761280052,0.017548172562210647
P2-IMA-M-v2,17,B,1703ca22a1c39afeca05ffd0c12fe01606f41d5af81442d20102f130cc2ca491,M,1.0,0.0,1.0,b,ISIC_0000439,ISIC_0000439,2,0.775700703561407,0.7290619552064606,0.00715566564489294
P2-IMA-M-v2,17,B,1703ca22a1c39afeca05ffd0c12fe01606f41d5af81442d20102f130cc2ca491,M,1.0,0.0,1.0,b,ISIC_0000450,ISIC_0000450,2,0.46540918209135074,1.0914054167548997,0.05397824887876158
P2-IMA-M-v2,17,B,1703ca22a1c39afeca05ffd0c12fe01606f41d5af81442d20102f130cc2ca491,M,1.0,0.0,1.0,b,ISIC_0000473,ISIC_0000473,2,0.7489657788820451,0.993266950183543,0.0028246343085106384
P2-IMA-M-v2,17,B,1703ca22a1c39afeca05ffd0c12fe01606f41d5af81442d20102f130cc2ca491,M,1.0,0.0,1.0,b,ISIC_0000489,ISIC_0000489,2,0.5422489512877045,1.7405142376017948,0.03493035637239871
P2-IMA-M-v2,17,B,1703ca22a1c39afeca05ffd0c12fe01606f41d5af81442d20102f130cc2ca491,M,1.0,0.0,1.0,b,ISIC_0000498,ISIC_0000498,2,0.5221420062932488,0.8343230381663886,0.025660820744656313
P2-IMA-M-v2,17,B,1703ca22a1c39afeca05ffd0c12fe01606f41d5af81442d20102f130cc2ca491,M,1.0,0.0,1.0,b,ISIC_0000516,ISIC_0000516,2,0.6151025087387361,0.9217718908457031,0.0046239135566958555
P2-IMA-M-v2,17,B,1703ca22a1c39afeca05ffd0c12fe01606f41d5af81442d20102f130cc2ca491,M,1.0,0.0,1.0,b,ISIC_0000521,ISIC_0000521,2,0.9748177241642142,1.5458289229483284,0.023598141140407987
P2-IMA-M-v2,17,B,1703ca22a1c39afeca05ffd0c12fe01606f41d5af81442d20102f130cc2ca491,M,1.0,0.0,1.0,b,ISIC_0000547,ISIC_0000547,3,0.5960170293042716,1.8021729273069729,0.06279622452975411
P2-IMA-M-v2,17,B,1703ca22a1c39afeca05ffd0c12fe01606f41d5af81442d20102f130cc2ca491,M,1.0,0.0,1.0,b,ISIC_0001200,ISIC_0001200,2,0.38581306383965436,0.7182595498896482,0.0003847783990860305
P2-IMA-M-v2,17,B,1703ca22a1c39afeca05ffd0c12fe01606f41d5af81442d20102f130cc2ca491,M,1.0,0.0,1.0,b,ISIC_0001208,ISIC_0001208,2,0.48111991703573165,0.5797734484698118,0.0007479843789367599
P2-IMA-M-v2,17,B,1703ca22a1c39afeca05ffd0c12fe01606f41d5af81442d20102f130cc2ca491,M,1.0,0.0,1.0,b,ISIC_0001549,ISIC_0001549,2,0.4326566120065374,0.6179099148314533,0.0015617454543545813
P2-IMA-M-v2,17,B,1703ca22a1c39afeca05ffd0c12fe01606f41d5af81442d20102f130cc2ca491,M,1.0,0.0,1.0,b,ISIC_0001555,ISIC_0001555,2,0.4087362828076332,0.32487781791123455,0.0003405297304106828
P2-IMA-M-v2,17,B,1703ca22a1c39afeca05ffd0c12fe01606f41d5af81442d20102f130cc2ca491,M,1.0,0.0,1.0,b,ISIC_0001570,ISIC_0001570,2,0.36036453997965956,0.8020296627796641,9.300595238095238e-05
P2-IMA-M-v2,17,B,1703ca22a1c39afeca05ffd0c12fe01606f41d5af81442d20102f130cc2ca491,M,1.0,0.0,1.0,b,ISIC_0001659,ISIC_0001659,2,0.538937400416406,0.8152104934799823,0.0005788677353657512
P2-IMA-M-v2,17,B,1703ca22a1c39afeca05ffd0c12fe01606f41d5af81442d20102f130cc2ca491,M,1.0,0.0,1.0,b,ISIC_0001977,ISIC_0001977,2,0.4542585973003412,0.6209022676196967,0.00010596445368270766
P2-IMA-M-v2,17,B,1703ca22a1c39afeca05ffd0c12fe01606f41d5af81442d20102f130cc2ca491,M,1.0,0.0,1.0,b,ISIC_0002339,ISIC_0002339,2,0.41649193814035496,0.45509091524603656,0.00021914630049550685
P2-IMA-M-v2,17,B,1703ca22a1c39afeca05ffd0c12fe01606f41d5af81442d20102f130cc2ca491,M,1.0,0.0,1.0,b,ISIC_0002342,ISIC_0002342,2,0.6073422780676792,1.0219529432021992,0.0012884687053833878
P2-IMA-M-v2,17,B,1703ca22a1c39afeca05ffd0c12fe01606f41d5af81442d20102f130cc2ca491,M,1.0,0.0,1.0,b,ISIC_0002412,ISIC_0002412,2,0.4389244887652568,2.924505238058991,0.008374636505836903
P2-IMA-M-v2,17,B,1703ca22a1c39afeca05ffd0c12fe01606f41d5af81442d20102f130cc2ca491,M,1.0,0.0,1.0,b,ISIC_0003185,ISIC_0003185,2,0.6294113367282069,0.7264021191422997,0.003060994845469052
P2-IMA-M-v2,17,B,1703ca22a1c39afeca05ffd0c12fe01606f41d5af81442d20102f130cc2ca491,M,1.0,0.0,1.0,b,ISIC_0003346,ISIC_0003346,2,0.6171668874932504,0.6360394282764756,0.0017545534703588797
P2-IMA-M-v2,17,B,1703ca22a1c39afeca05ffd0c12fe01606f41d5af81442d20102f130cc2ca491,M,1.0,0.0,1.0,b,ISIC_0003516,ISIC_0003516,2,0.6005762999446631,0.7498388060727648,0.0022047495695809187
P2-IMA-M-v2,17,B,1703ca22a1c39afeca05ffd0c12fe01606f41d5af81442d20102f130cc2ca491,M,1.0,0.0,1.0,b,ISIC_0003758,ISIC_0003758,2,0.2977523125430919,0.5169431452033656,0.000159110712186109
P2-IMA-M-v2,17,B,1703ca22a1c39afeca05ffd0c12fe01606f41d5af81442d20102f130cc2ca491,M,1.0,0.0,1.0,b,ISIC_0004110,ISIC_0004110,2,0.49456445880039174,1.261090914026054,0.010963548227933148
P2-IMA-M-v2,17,B,1703ca22a1c39afeca05ffd0c12fe01606f41d5af81442d20102f130cc2ca491,M,1.0,0.0,1.0,b,ISIC_0004309,ISIC_0004309,2,0.518216624523732,0.6212007893292131,0.0008039485682542344
P2-IMA-M-v2,17,B,1703ca22a1c39afeca05ffd0c12fe01606f41d5af81442d20102f130cc2ca491,M,1.0,0.0,1.0,b,ISIC_0004333,ISIC_0004333,2,0.627898876588022,0.7922398273930039,0.003843097810111699
P2-IMA-M-v2,17,B,1703ca22a1c39afeca05ffd0c12fe01606f41d5af81442d20102f130cc2ca491,M,1.0,0.0,1.0,b,ISIC_0004447,ISIC_0004447,2,0.5760492892824062,0.5403588699771493,0.0006170871126228269
P2-IMA-M-v2,17,B,1703ca22a1c39afeca05ffd0c12fe01606f41d5af81442d20102f130cc2ca491,M,1.0,0.0,1.0,b,ISIC_0004677,ISIC_0004677,2,0.5956691330589708,0.6664555499316108,0.0006161029226505417
P2-IMA-M-v2,17,B,1703ca22a1c39afeca05ffd0c12fe01606f41d5af81442d20102f130cc2ca491,M,1.0,0.0,1.0,b,ISIC_0004715,ISIC_0004715,2,0.4896075026943636,1.2075957773673214,0.002386824714453683
P2-IMA-M-v2,17,B,1703ca22a1c39afeca05ffd0c12fe01606f41d5af81442d20102f130cc2ca491,M,1.0,0.0,1.0,b,ISIC_0004799,ISIC_0004799,2,0.3521576542609869,0.9908432026966537,0.00022111468044007726
P2-IMA-M-v2,17,B,1703ca22a1c39afeca05ffd0c12fe01606f41d5af81442d20102f130cc2ca491,M,1.0,0.0,1.0,b,ISIC_0005390,ISIC_0005390,2,0.5430073842663177,1.041382374232972,0.000626929012345679
P2-IMA-M-v2,17,B,1703ca22a1c39afeca05ffd0c12fe01606f41d5af81442d20102f130cc2ca491,M,1.0,0.0,1.0,b,ISIC_0005777,ISIC_0005777,2,0.29727987064953487,0.5622532554055766,7.036958301839255e-05
P2-IMA-M-v2,17,B,1703ca22a1c39afeca05ffd0c12fe01606f41d5af81442d20102f130cc2ca491,M,1.0,0.0,1.0,b,ISIC_0005842,ISIC_0005842,2,0.332058839235856,0.6147325246123426,0.00032166608927521625
P2-IMA-M-v2,17,B,1703ca22a1c39afeca05ffd0c12fe01606f41d5af81442d20102f130cc2ca491,M,1.0,0.0,1.0,b,ISIC_0005957,ISIC_0005957,2,0.33525151203462333,0.43101950450814563,0.00016600004199210548
P2-IMA-M-v2,17,B,1703ca22a1c39afeca05ffd0c12fe01606f41d5af81442d20102f130cc2ca491,M,1.0,0.0,1.0,b,ISIC_0006070,ISIC_0006070,2,0.4439374963193926,0.6871258548341008,0.0017925380028554632
P2-IMA-M-v2,17,B,1703ca22a1c39afeca05ffd0c12fe01606f41d5af81442d20102f130cc2ca491,M,1.0,0.0,1.0,b,ISIC_0006104,ISIC_0006104,2,0.5486076248434638,0.43354987692747615,0.0005857570651717477
P2-IMA-M-v2,17,B,1703ca22a1c39afeca05ffd0c12fe01606f41d5af81442d20102f130cc2ca491,M,1.0,0.0,1.0,b,ISIC_0006216,ISIC_0006216,2,0.3428479280861938,0.6000838206322741,0.00012810872805912488
P2-IMA-M-v2,17,B,1703ca22a1c39afeca05ffd0c12fe01606f41d5af81442d20102f130cc2ca491,M,1.0,0.0,1.0,b,ISIC_0006372,ISIC_0006372,2,0.38925898348131666,0.48498241532921754,9.759883891828336e-05
P2-IMA-M-v2,17,B,1703ca22a1c39afeca05ffd0c12fe01606f41d5af81442d20102f130cc2ca491,M,1.0,0.0,1.0,b,ISIC_0006464,ISIC_0006464,2,0.32738130366414336,0.4944898218527906,9.563045897371294e-05
P2-IMA-M-v2,17,B,1703ca22a1c39afeca05ffd0c12fe01606f41d5af81442d20102f130cc2ca491,M,1.0,0.0,1.0,b,ISIC_0006748,ISIC_0006748,2,0.5264109960557155,0.4890658954101497,0.0003026384164777022
P2-IMA-M-v2,17,B,1703ca22a1c39afeca05ffd0c12fe01606f41d5af81442d20102f130cc2ca491,M,1.0,0.0,1.0,b,ISIC_0007381,ISIC_0007381,2,0.4668178259690452,0.8234169415612771,0.0008426306479381876
P2-IMA-M-v2,17,B,1703ca22a1c39afeca05ffd0c12fe01606f41d5af81442d20102f130cc2ca491,M,1.0,0.0,1.0,b,ISIC_0007469,ISIC_0007469,2,0.6216017573420403,1.7811649745774718,0.009642961020040247
P2-IMA-M-v2,17,B,1703ca22a1c39afeca05ffd0c12fe01606f41d5af81442d20102f130cc2ca491,M,1.0,0.0,1.0,b,ISIC_0007483,ISIC_0007483,2,0.3674810350590732,0.6149414120975433,0.0003792102077393929
P2-IMA-M-v2,17,B,1703ca22a1c39afeca05ffd0c12fe01606f41d5af81442d20102f130cc2ca491,M,1.0,0.0,1.0,b,ISIC_0008423,ISIC_0008423,2,0.44791212781345063,0.4568292632998562,0.0008591978458049887
P2-IMA-M-v2,17,B,1703ca22a1c39afeca05ffd0c12fe01606f41d5af81442d20102f130cc2ca491,M,1.0,0.0,1.0,b,ISIC_0008457,ISIC_0008457,2,0.29737910938877543,0.5873775008392091,0.0004988202842865541
P2-IMA-M-v2,17,B,1703ca22a1c39afeca05ffd0c12fe01606f41d5af81442d20102f130cc2ca491,M,1.0,0.0,1.0,b,ISIC_0008514,ISIC_0008514,2,0.5241279980224252,0.540658147534551,0.0017244648631057362
P2-IMA-M-v2,17,B,1703ca22a1c39afeca05ffd0c12fe01606f41d5af81442d20102f130cc2ca491,M,1.0,0.0,1.0,b,ISIC_0008537,ISIC_0008537,2,0.39008288962545623,0.536153618596434,0.0005385159465020577
P2-IMA-M-v2,17,B,1703ca22a1c39afeca05ffd0c12fe01606f41d5af81442d20102f130cc2ca491,M,1.0,0.0,1.0,b,ISIC_0008552,ISIC_0008552,2,0.7084503357637785,0.9724334623297939,0.004218805681913467
P2-IMA-M-v2,17,B,1703ca22a1c39afeca05ffd0c12fe01606f41d5af81442d20102f130cc2ca491,M,1.0,0.0,1.0,b,ISIC_0008578,ISIC_0008578,2,0.3407579852840735,0.6172566659584823,0.00026915654347643806
P2-IMA-M-v2,17,B,1703ca22a1c39afeca05ffd0c12fe01606f41d5af81442d20102f130cc2ca491,M,1.0,0.0,1.0,b,ISIC_0008705,ISIC_0008705,2,0.4457568987421551,0.6165436433408245,0.0005536068594104308
P2-IMA-M-v2,17,B,1703ca22a1c39afeca05ffd0c12fe01606f41d5af81442d20102f130cc2ca491,M,1.0,0.0,1.0,b,ISIC_0008781,ISIC_0008781,2,0.49005939182037656,0.6880704475169017,0.0005012807592172672
P2-IMA-M-v2,17,B,1703ca22a1c39afeca05ffd0c12fe01606f41d5af81442d20102f130cc2ca491,M,1.0,0.0,1.0,b,ISIC_0008810,ISIC_0008810,2,0.3514987731722855,0.6880078934584065,7.529053287981859e-05
P2-IMA-M-v2,17,B,1703ca22a1c39afeca05ffd0c12fe01606f41d5af81442d20102f130cc2ca491,M,1.0,0.0,1.0,b,ISIC_0008890,ISIC_0008890,2,0.5728402270874718,0.7916967243981072,0.0033272182329722013
P2-IMA-M-v2,17,B,1703ca22a1c39afeca05ffd0c12fe01606f41d5af81442d20102f130cc2ca491,M,1.0,0.0,1.0,b,ISIC_0008902,ISIC_0008902,2,0.6011184371230244,1.0681708865767998,0.0042892639308809944
P2-IMA-M-v2,17,B,1703ca22a1c39afeca05ffd0c12fe01606f41d5af81442d20102f130cc2ca491,M,1.0,0.0,1.0,b,ISIC_0008927,ISIC_0008927,2,0.34699899465198286,0.5799933479816095,0.0005290021101033006
P2-IMA-M-v2,17,B,1703ca22a1c39afeca05ffd0c12fe01606f41d5af81442d20102f130cc2ca491,M,1.0,0.0,1.0,b,ISIC_0008968,ISIC_0008968,2,0.4082757077189357,0.5907774217858099,0.0004870100046191316
P2-IMA-M-v2,17,B,1703ca22a1c39afeca05ffd0c12fe01606f41d5af81442d20102f130cc2ca491,M,1.0,0.0,1.0,b,ISIC_0008988,ISIC_0008988,2,0.30743310335551377,0.3961573825971018,0.00028623525027294866
P2-IMA-M-v2,17,B,1703ca22a1c39afeca05ffd0c12fe01606f41d5af81442d20102f130cc2ca491,M,1.0,0.0,1.0,b,ISIC_0008994,ISIC_0008994,2,0.47083529738263247,0.5143203230470655,0.002147830582850424
P2-IMA-M-v2,17,B,1703ca22a1c39afeca05ffd0c12fe01606f41d5af81442d20102f130cc2ca491,M,1.0,0.0,1.0,b,ISIC_0008998,ISIC_0008998,2,0.6614298469069845,1.2870918752109053,0.007860648478115042
P2-IMA-M-v2,17,B,1703ca22a1c39afeca05ffd0c12fe01606f41d5af81442d20102f130cc2ca491,M,1.0,0.0,1.0,b,ISIC_0009026,ISIC_0009026,2,0.6763015547059075,0.9208389390673125,0.001205022115545866
P2-IMA-M-v2,17,B,1703ca22a1c39afeca05ffd0c12fe01606f41d5af81442d20102f130cc2ca491,M,1.0,0.0,1.0,b,ISIC_0009040,ISIC_0009040,2,0.5426717124293025,0.5872859274208433,0.00039416808390022674
P2-IMA-M-v2,17,B,1703ca22a1c39afeca05ffd0c12fe01606f41d5af81442d20102f130cc2ca491,M,1.0,0.0,1.0,b,ISIC_0009053,ISIC_0009053,2,0.2474445363074107,0.4556669542688444,0.0002915111940298507
P2-IMA-M-v2,17,B,1703ca22a1c39afeca05ffd0c12fe01606f41d5af81442d20102f130cc2ca491,M,1.0,0.0,1.0,b,ISIC_0009056,ISIC_0009056,2,0.4809509015474566,0.4779065346768501,0.0004768400415721844
P2-IMA-M-v2,17,B,1703ca22a1c39afeca05ffd0c12fe01606f41d5af81442d20102f130cc2ca491,M,1.0,0.0,1.0,b,ISIC_0009076,ISIC_0009076,2,0.6695046904557536,0.8487224483345922,0.002254462414053329
P2-IMA-M-v2,17,B,1703ca22a1c39afeca05ffd0c12fe01606f41d5af81442d20102f130cc2ca491,M,1.0,0.0,1.0,b,ISIC_0009115,ISIC_0009115,2,0.5993263902357289,1.026219845077087,0.012446558484504914
P2-IMA-M-v2,17,B,1703ca22a1c39afeca05ffd0c12fe01606f41d5af81442d20102f130cc2ca491,M,1.0,0.0,1.0,b,ISIC_0009190,ISIC_0009190,2,0.5150659348068832,0.8325485580434367,0.0017559589422188628
P2-IMA-M-v2,17,B,1703ca22a1c39afeca05ffd0c12fe01606f41d5af81442d20102f130cc2ca491,M,1.0,0.0,1.0,b,ISIC_0009202,ISIC_0009202,2,0.5272112353721886,0.7067054955850568,0.001420022098345511
P2-IMA-M-v2,17,B,1703ca22a1c39afeca05ffd0c12fe01606f41d5af81442d20102f130cc2ca491,M,1.0,0.0,1.0,b,ISIC_0009350,ISIC_0009350,2,0.5505892353398832,0.6704904894321673,0.0023169472264214326
P2-IMA-M-v2,17,B,1703ca22a1c39afeca05ffd0c12fe01606f41d5af81442d20102f130cc2ca491,M,1.0,0.0,1.0,b,ISIC_0009354,ISIC_0009354,2,0.5600060870053425,0.7531478635694978,0.0025600421495758797
P2-IMA-M-v2,17,B,1703ca22a1c39afeca05ffd0c12fe01606f41d5af81442d20102f130cc2ca491,M,1.0,0.0,1.0,b,ISIC_0009645,ISIC_0009645,2,0.378169237501734,1.4265565515229808,0.005807048899806836
P2-IMA-M-v2,17,B,1703ca22a1c39afeca05ffd0c12fe01606f41d5af81442d20102f130cc2ca491,M,1.0,0.0,1.0,b,ISIC_0009674,ISIC_0009674,2,0.6328277075934143,0.5184400725353,0.0019374849331292973
P2-IMA-M-v2,17,B,1703ca22a1c39afeca05ffd0c12fe01606f41d5af81442d20102f130cc2ca491,M,1.0,0.0,1.0,b,ISIC_0009843,ISIC_0009843,2,0.28345111751858065,0.515291180212058,0.0003968155186147912
P2-IMA-M-v2,17,B,1703ca22a1c39afeca05ffd0c12fe01606f41d5af81442d20102f130cc2ca491,M,1.0,0.0,1.0,b,ISIC_0009848,ISIC_0009848,2,0.539458834583334,0.5751638136574653,0.0003021463214915596
P2-IMA-M-v2,17,B,1703ca22a1c39afeca05ffd0c12fe01606f41d5af81442d20102f130cc2ca491,M,1.0,0.0,1.0,b,ISIC_0009942,ISIC_0009942,2,0.688186390097889,1.0617193493338157,0.025447845458984375
P2-IMA-M-v2,17,B,1703ca22a1c39afeca05ffd0c12fe01606f41d5af81442d20102f130cc2ca491,M,1.0,0.0,1.0,b,ISIC_0010038,ISIC_0010038,2,0.4333029817131611,1.4017404951372516,0.037506103515625
P2-IMA-M-v2,17,B,1703ca22a1c39afeca05ffd0c12fe01606f41d5af81442d20102f130cc2ca491,M,1.0,0.0,1.0,b,ISIC_0010139,ISIC_0010139,2,0.4666675264545323,0.5855822115780169,0.012568155924479166
P2-IMA-M-v2,17,B,1703ca22a1c39afeca05ffd0c12fe01606f41d5af81442d20102f130cc2ca491,M,1.0,0.0,1.0,b,ISIC_0010175,ISIC_0010175,4,0.5266940319646282,0.5363057839656431,0.010576883951822916
P2-IMA-M-v2,17,B,1703ca22a1c39afeca05ffd0c12fe01606f41d5af81442d20102f130cc2ca491,M,1.0,0.0,1.0,b,ISIC_0010190,ISIC_0010190,4,0.5934120810334899,0.3874409692597743,0.006345113118489583
P2-IMA-M-v2,17,B,1703ca22a1c39afeca05ffd0c12fe01606f41d5af81442d20102f130cc2ca491,M,1.0,0.0,1.0,b,ISIC_0010197,ISIC_0010197,2,0.5143371883771892,1.478700255409794,0.061177571614583336
P2-IMA-M-v2,17,B,1703ca22a1c39afeca05ffd0c12fe01606f41d5af81442d20102f130cc2ca491,M,1.0,0.0,1.0,b,ISIC_0010201,ISIC_0010201,2,0.4510660027105268,0.6696768010311702,0.011875152587890625
P2-IMA-M-v2,17,B,1703ca22a1c39afeca05ffd0c12fe01606f41d5af81442d20102f130cc2ca491,M,1.0,0.0,1.0,b,ISIC_0010220,ISIC_0010220,2,0.8502033503553194,1.1839876897405854,0.0030466715494791665
P2-IMA-M-v2,17,B,1703ca22a1c39afeca05ffd0c12fe01606f41d5af81442d20102f130cc2ca491,M,1.0,0.0,1.0,b,ISIC_0010264,ISIC_0010264,2,0.4378478536566294,0.7133838670914088,0.0128326416015625
P2-IMA-M-v2,17,B,1703ca22a1c39afeca05ffd0c12fe01606f41d5af81442d20102f130cc2ca491,M,1.0,0.0,1.0,b,ISIC_0010268,ISIC_0010268,2,0.8635458931413869,1.4942672319405357,0.004984537760416667
P2-IMA-M-v2,17,B,1703ca22a1c39afeca05ffd0c12fe01606f41d5af81442d20102f130cc2ca491,M,1.0,0.0,1.0,b,ISIC_0010355,ISIC_0010355,2,0.5116759372311186,0.518753145883949,0.024658203125
P2-IMA-M-v2,17,B,1703ca22a1c39afeca05ffd0c12fe01606f41d5af81442d20102f130cc2ca491,M,1.0,0.0,1.0,b,ISIC_0010415,ISIC_0010415,2,0.4473976876572191,0.33575781111672676,0.045491536458333336
P2-IMA-M-v2,17,B,1703ca22a1c39afeca05ffd0c12fe01606f41d5af81442d20102f130cc2ca491,M,1.0,0.0,1.0,b,ISIC_0010444,ISIC_0010444,3,0.7246727794718943,0.7749522652887673,0.006830851236979167
P2-IMA-M-v2,17,B,1703ca22a1c39afeca05ffd0c12fe01606f41d5af81442d20102f130cc2ca491,M,1.0,0.0,1.0,b,ISIC_0010451,ISIC_0010451,2,0.45285026054103633,2.7390858566016143,0.026017506917317707
P2-IMA-M-v2,17,B,1703ca22a1c39afeca05ffd0c12fe01606f41d5af81442d20102f130cc2ca491,M,1.0,0.0,1.0,b,ISIC_0010479,ISIC_0010479,2,0.4480720776761756,0.8027186242841814,0.016208648681640625
P2-IMA-M-v2,17,B,1703ca22a1c39afeca05ffd0c12fe01606f41d5af81442d20102f130cc2ca491,M,1.0,0.0,1.0,b,ISIC_0010540,ISIC_0010540,2,0.7482465214322845,1.3778299546824941,0.02111053466796875
P2-IMA-M-v2,17,B,1703ca22a1c39afeca05ffd0c12fe01606f41d5af81442d20102f130cc2ca491,M,1.0,0.0,1.0,b,ISIC_0010543,ISIC_0010543,2,0.5539661966793313,1.5824691344655166,0.0443115234375
P2-IMA-M-v2,17,B,1703ca22a1c39afeca05ffd0c12fe01606f41d5af81442d20102f130cc2ca491,M,1.0,0.0,1.0,b,ISIC_0010568,ISIC_0010568,2,0.45606795571869324,0.4946364532757262,0.016382853190104168
P2-IMA-M-v2,17,B,1703ca22a1c39afeca05ffd0c12fe01606f41d5af81442d20102f130cc2ca491,M,1.0,0.0,1.0,b,ISIC_0010596,ISIC_0010596,3,0.518391878797571,0.9807881066369483,0.030175526936848957
P2-IMA-M-v2,17,B,1703ca22a1c39afeca05ffd0c12fe01606f41d5af81442d20102f130cc2ca491,M,1.0,0.0,1.0,b,ISIC_0010652,ISIC_0010652,2,0.50059329894781,1.036265882883752,0.0789477030436198
P2-IMA-M-v2,17,B,1703ca22a1c39afeca05ffd0c12fe01606f41d5af81442d20102f130cc2ca491,M,1.0,0.0,1.0,b,ISIC_0010657,ISIC_0010657,2,0.5392471261550759,0.8727341112919116,0.026106516520182293
P2-IMA-M-v2,17,B,1703ca22a1c39afeca05ffd0c12fe01606f41d5af81442d20102f130cc2ca491,M,1.0,0.0,1.0,b,ISIC_0010819,ISIC_0010819,2,0.8895227479424015,1.2811694745915683,0.005612691243489583
P2-IMA-M-v2,17,B,1703ca22a1c39afeca05ffd0c12fe01606f41d5af81442d20102f130cc2ca491,M,1.0,0.0,1.0,b,ISIC_0010938,ISIC_0010938,2,0.5096738063292348,0.6213690695066202,0.035784403483072914
P2-IMA-M-v2,17,B,1703ca22a1c39afeca05ffd0c12fe01606f41d5af81442d20102f130cc2ca491,M,1.0,0.0,1.0,b,ISIC_0010968,ISIC_0010968,2,0.6010644094129773,0.7139475853397614,0.016164143880208332
P2-IMA-M-v2,17,B,1703ca22a1c39afeca05ffd0c12fe01606f41d5af81442d20102f130cc2ca491,M,1.0,0.0,1.0,b,ISIC_0011005,ISIC_0011005,2,0.5047967592295037,0.5668493210559538,0.0010236104329427083
P2-IMA-M-v2,17,B,1703ca22a1c39afeca05ffd0c12fe01606f41d5af81442d20102f130cc2ca491,M,1.0,0.0,1.0,b,ISIC_0011100,ISIC_0011100,2,0.54306462181621,0.5784060772295406,0.0019810994466145835
P2-IMA-M-v2,17,B,1703ca22a1c39afeca05ffd0c12fe01606f41d5af81442d20102f130cc2ca491,M,1.0,0.0,1.0,b,ISIC_0011107,ISIC_0011107,3,0.42886602940875684,1.3076581050267673,0.0177764892578125
P2-IMA-M-v2,17,B,1703ca22a1c39afeca05ffd0c12fe01606f41d5af81442d20102f130cc2ca491,M,1.0,0.0,1.0,b,ISIC_0011110,ISIC_0011110,4,0.7596897105520468,0.8818936116184802,0.002239227294921875
P2-IMA-M-v2,17,B,1703ca22a1c39afeca05ffd0c12fe01606f41d5af81442d20102f130cc2ca491,M,1.0,0.0,1.0,b,ISIC_0011121,ISIC_0011121,2,0.6124621018323482,0.9359820789528956,0.019677480061848957
P2-IMA-M-v2,17,B,1703ca22a1c39afeca05ffd0c12fe01606f41d5af81442d20102f130cc2ca491,M,1.0,0.0,1.0,b,ISIC_0011155,ISIC_0011155,2,0.5668633850616903,2.6116653386554343,0.07188796997070312
P2-IMA-M-v2,17,B,1703ca22a1c39afeca05ffd0c12fe01606f41d5af81442d20102f130cc2ca491,M,1.0,0.0,1.0,b,ISIC_0011169,ISIC_0011169,2,0.49577942820575116,1.0983177217917377,0.034434000651041664
P2-IMA-M-v2,17,B,1703ca22a1c39afeca05ffd0c12fe01606f41d5af81442d20102f130cc2ca491,M,1.0,0.0,1.0,b,ISIC_0011321,ISIC_0011321,4,0.7323259874600458,0.709162068708204,0.0084686279296875
P2-IMA-M-v2,17,B,1703ca22a1c39afeca05ffd0c12fe01606f41d5af81442d20102f130cc2ca491,M,1.0,0.0,1.0,b,ISIC_0011348,ISIC_0011348,2,0.5440316589005693,0.9606761695633487,0.02397918701171875
P2-IMA-M-v2,17,B,1703ca22a1c39afeca05ffd0c12fe01606f41d5af81442d20102f130cc2ca491,M,1.0,0.0,1.0,b,ISIC_0011349,ISIC_0011349,4,0.5083432042692386,1.6006731020343687,0.13040669759114584
P2-IMA-M-v2,17,B,1703ca22a1c39afeca05ffd0c12fe01606f41d5af81442d20102f130cc2ca491,M,1.0,0.0,1.0,b,ISIC_0011350,ISIC_0011350,2,0.5488062088860866,0.5689459990168293,0.020294189453125
P2-IMA-M-v2,17,B,1703ca22a1c39afeca05ffd0c12fe01606f41d5af81442d20102f130cc2ca491,M,1.0,0.0,1.0,b,ISIC_0011355,ISIC_0011355,2,0.47496119347632665,0.2894406990376045,0.03346125284830729
P2-IMA-M-v2,17,B,1703ca22a1c39afeca05ffd0c12fe01606f41d5af81442d20102f130cc2ca491,M,1.0,0.0,1.0,b,ISIC_0011513,ISIC_0011512,2,0.548938693323886,1.4226485895097682,0.009008978009120101
P2-IMA-M-v2,17,B,1703ca22a1c39afeca05ffd0c12fe01606f41d5af81442d20102f130cc2ca491,M,1.0,0.0,1.0,b,ISIC_0011575,ISIC_0011575,2,0.3528091863463255,1.158040397910825,0.01389610529305545
P2-IMA-M-v2,17,B,1703ca22a1c39afeca05ffd0c12fe01606f41d5af81442d20102f130cc2ca491,M,1.0,0.0,1.0,b,ISIC_0011616,ISIC_0011613,2,0.4715303022125366,1.2659297786213835,0.033742786597719183
P2-IMA-M-v2,17,B,1703ca22a1c39afeca05ffd0c12fe01606f41d5af81442d20102f130cc2ca491,M,1.0,0.0,1.0,b,ISIC_0011759,ISIC_0011758,2,0.4066260289440079,1.7988025084921317,0.011275495456475819
P2-IMA-M-v2,17,B,1703ca22a1c39afeca05ffd0c12fe01606f41d5af81442d20102f130cc2ca491,M,1.0,0.0,1.0,b,ISIC_0011780,ISIC_0011780,2,0.5067697293939392,1.1744769943253417,0.010200055019985301
P2-IMA-M-v2,17,B,1703ca22a1c39afeca05ffd0c12fe01606f41d5af81442d20102f130cc2ca491,M,1.0,0.0,1.0,b,ISIC_0011881,ISIC_0011881,2,0.5721304909769301,0.6712867505609451,0.007652141829426339
P2-IMA-M-v2,17,B,1703ca22a1c39afeca05ffd0c12fe01606f41d5af81442d20102f130cc2ca491,M,1.0,0.0,1.0,b,ISIC_0012149,ISIC_0012149,2,0.43775354524580934,0.99313250761727,0.003537566489361702
P2-IMA-M-v2,17,B,1703ca22a1c39afeca05ffd0c12fe01606f41d5af81442d20102f130cc2ca491,M,1.0,0.0,1.0,b,ISIC_0012191,ISIC_0012191,2,0.604606264076661,1.2716212699331864,0.0005611702127659575
P2-IMA-M-v2,17,B,1703ca22a1c39afeca05ffd0c12fe01606f41d5af81442d20102f130cc2ca491,M,1.0,0.0,1.0,b,ISIC_0012228,ISIC_0012228,2,0.615763040224598,0.9143316969681553,0.0008801017734361899
P2-IMA-M-v2,17,B,1703ca22a1c39afeca05ffd0c12fe01606f41d5af81442d20102f130cc2ca491,M,1.0,0.0,1.0,b,ISIC_0012261,ISIC_0012261,2,0.43729802562790554,1.1322905213125725,0.0019932487317625355
P2-IMA-M-v2,17,B,1703ca22a1c39afeca05ffd0c12fe01606f41d5af81442d20102f130cc2ca491,M,1.0,0.0,1.0,b,ISIC_0012400,ISIC_0012400,2,0.745014572179281,1.4705816842691046,0.005318605358041254
P2-IMA-M-v2,17,B,1703ca22a1c39afeca05ffd0c12fe01606f41d5af81442d20102f130cc2ca491,M,1.0,0.0,1.0,b,ISIC_0012481,ISIC_0012481,2,0.4123681144827377,0.8227806544794344,0.0001872713766141204
P2-IMA-M-v2,17,B,1703ca22a1c39afeca05ffd0c12fe01606f41d5af81442d20102f130cc2ca491,M,1.0,0.0,1.0,b,ISIC_0012493,ISIC_0012493,2,0.6009010509707197,0.733343683221802,0.003650850164556431
P2-IMA-M-v2,17,B,1703ca22a1c39afeca05ffd0c12fe01606f41d5af81442d20102f130cc2ca491,M,1.0,0.0,1.0,b,ISIC_0012623,ISIC_0012623,2,0.48227379120986047,2.405074769928657,0.06086858113606771
P2-IMA-M-v2,17,B,1703ca22a1c39afeca05ffd0c12fe01606f41d5af81442d20102f130cc2ca491,M,1.0,0.0,1.0,b,ISIC_0012654,ISIC_0012654,2,0.5964743510595311,1.0827207454025813,0.003611529314959491
P2-IMA-M-v2,17,B,1703ca22a1c39afeca05ffd0c12fe01606f41d5af81442d20102f130cc2ca491,M,1.0,0.0,1.0,b,ISIC_0012671,ISIC_0012671,2,0.6353157280622266,1.198617257087913,0.0016532579787234042
P2-IMA-M-v2,17,B,1703ca22a1c39afeca05ffd0c12fe01606f41d5af81442d20102f130cc2ca491,M,1.0,0.0,1.0,b,ISIC_0012789,ISIC_0012789,2,0.37937586807736207,0.6507917977797604,0.00041306515957446806
P2-IMA-M-v2,17,B,1703ca22a1c39afeca05ffd0c12fe01606f41d5af81442d20102f130cc2ca491,M,1.0,0.0,1.0,b,ISIC_0012806,ISIC_0012806,2,0.5568970818695165,3.4630657583234163,0.023600609153402716
P2-IMA-M-v2,17,B,1703ca22a1c39afeca05ffd0c12fe01606f41d5af81442d20102f130cc2ca491,M,1.0,0.0,1.0,b,ISIC_0013159,ISIC_0013159,2,0.519188758472509,3.072877104563034,0.033960780468829714
P2-IMA-M-v2,17,B,1703ca22a1c39afeca05ffd0c12fe01606f41d5af81442d20102f130cc2ca491,M,1.0,0.0,1.0,b,ISIC_0013196,ISIC_0013196,2,0.3521381551814183,0.9041798795659618,0.00017835771276595745
P2-IMA-M-v2,17,B,1703ca22a1c39afeca05ffd0c12fe01606f41d5af81442d20102f130cc2ca491,M,1.0,0.0,1.0,b,ISIC_0013207,ISIC_0013207,2,0.4283050053776721,2.8923278158462264,0.018988364361702127
P2-IMA-M-v2,17,B,1703ca22a1c39afeca05ffd0c12fe01606f41d5af81442d20102f130cc2ca491,M,1.0,0.0,1.0,b,ISIC_0013216,ISIC_0013216,2,0.5810268783860691,0.9609849266704759,0.0025318287037037037
P2-IMA-M-v2,17,B,1703ca22a1c39afeca05ffd0c12fe01606f41d5af81442d20102f130cc2ca491,M,1.0,0.0,1.0,b,ISIC_0013325,ISIC_0013325,2,0.6292076560762071,0.8445790400119644,0.0018436445319050814
P2-IMA-M-v2,17,B,1703ca22a1c39afeca05ffd0c12fe01606f41d5af81442d20102f130cc2ca491,M,1.0,0.0,1.0,b,ISIC_0013411,ISIC_0013411,2,0.5045749050287492,2.7433892403293876,0.030060290410657386
P2-IMA-M-v2,17,B,1703ca22a1c39afeca05ffd0c12fe01606f41d5af81442d20102f130cc2ca491,M,1.0,0.0,1.0,b,ISIC_0013511,ISIC_0013511,2,0.402006935682036,1.946682012142444,0.03979953457446808
P2-IMA-M-v2,17,B,1703ca22a1c39afeca05ffd0c12fe01606f41d5af81442d20102f130cc2ca491,M,1.0,0.0,1.0,b,ISIC_0013573,ISIC_0013573,2,0.620212219566151,2.2705774510359147,0.0796234719352617
P2-IMA-M-v2,17,B,1703ca22a1c39afeca05ffd0c12fe01606f41d5af81442d20102f130cc2ca491,M,1.0,0.0,1.0,b,ISIC_0013615,ISIC_0013615,2,0.6166856574252091,4.030156632908656,0.002300891303664263
P2-IMA-M-v2,17,B,1703ca22a1c39afeca05ffd0c12fe01606f41d5af81442d20102f130cc2ca491,M,1.0,0.0,1.0,b,ISIC_0013651,ISIC_0013651,2,0.5052845417860025,2.07964192165133,0.008388234608208955
P2-IMA-M-v2,17,B,1703ca22a1c39afeca05ffd0c12fe01606f41d5af81442d20102f130cc2ca491,M,1.0,0.0,1.0,b,ISIC_0013721,ISIC_0013721,2,0.5268924613447435,3.4392089128138648,0.006694813829787234
P2-IMA-M-v2,17,B,1703ca22a1c39afeca05ffd0c12fe01606f41d5af81442d20102f130cc2ca491,M,1.0,0.0,1.0,b,ISIC_0013733,ISIC_0013733,2,0.7492972126581577,0.7681203601597221,0.0015663813569092738
P2-IMA-M-v2,17,B,1703ca22a1c39afeca05ffd0c12fe01606f41d5af81442d20102f130cc2ca491,M,1.0,0.0,1.0,b,ISIC_0013747,ISIC_0013747,2,0.633827669868755,1.4046485363543024,0.013706184884915311
P2-IMA-M-v2,17,B,1703ca22a1c39afeca05ffd0c12fe01606f41d5af81442d20102f130cc2ca491,M,1.0,0.0,1.0,b,ISIC_0013766,ISIC_0013766,2,0.716923144710902,0.9072469029884034,0.00181957029284756
P2-IMA-M-v2,17,B,1703ca22a1c39afeca05ffd0c12fe01606f41d5af81442d20102f130cc2ca491,M,1.0,0.0,1.0,b,ISIC_0013801,ISIC_0013801,2,0.6679180911230235,1.7650966412149078,0.001454122340425532
P2-IMA-M-v2,17,B,1703ca22a1c39afeca05ffd0c12fe01606f41d5af81442d20102f130cc2ca491,M,1.0,0.0,1.0,b,ISIC_0013814,ISIC_0013813,2,0.5124807249922799,1.3542245554238677,0.024425853964028174
P2-IMA-M-v2,17,B,1703ca22a1c39afeca05ffd0c12fe01606f41d5af81442d20102f130cc2ca491,M,1.0,0.0,1.0,b,ISIC_0013986,ISIC_0013986,2,0.5340144469011187,2.5545667773277416,0.029968085106382977
P2-IMA-M-v2,17,B,1703ca22a1c39afeca05ffd0c12fe01606f41d5af81442d20102f130cc2ca491,M,1.0,0.0,1.0,b,ISIC_0013998,ISIC_0013185,2,0.44168992084717085,0.6769499564181425,0.002285169351626698
P2-IMA-M-v2,17,B,1703ca22a1c39afeca05ffd0c12fe01606f41d5af81442d20102f130cc2ca491,M,1.0,0.0,1.0,b,ISIC_0014077,ISIC_0013626,2,0.46461862905218154,1.3011398651072452,0.01406582453777461
P2-IMA-M-v2,17,B,1703ca22a1c39afeca05ffd0c12fe01606f41d5af81442d20102f130cc2ca491,M,1.0,0.0,1.0,b,ISIC_0014151,ISIC_0014151,2,0.710736199272158,2.3695199667774784,0.011977670897618649
P2-IMA-M-v2,17,B,1703ca22a1c39afeca05ffd0c12fe01606f41d5af81442d20102f130cc2ca491,M,1.0,0.0,1.0,b,ISIC_0014158,ISIC_0014158,2,0.5582813865087796,0.8902085008204054,0.0009705029976521885
P2-IMA-M-v2,17,B,1703ca22a1c39afeca05ffd0c12fe01606f41d5af81442d20102f130cc2ca491,M,1.0,0.0,1.0,b,ISIC_0014225,ISIC_0014225,2,0.6829624963140786,0.8920219127980624,0.000922927715705182
P2-IMA-M-v2,17,B,1703ca22a1c39afeca05ffd0c12fe01606f41d5af81442d20102f130cc2ca491,M,1.0,0.0,1.0,b,ISIC_0014699,ISIC_0011454,2,0.6636750301401264,1.150314540077888,0.013747808820858251
P2-IMA-M-v2,17,B,1703ca22a1c39afeca05ffd0c12fe01606f41d5af81442d20102f130cc2ca491,M,1.0,0.0,1.0,b,ISIC_0014768,ISIC_0011571,2,0.4691742311300403,1.2536030865713288,0.010918162412416554
P2-IMA-M-v2,17,B,1703ca22a1c39afeca05ffd0c12fe01606f41d5af81442d20102f130cc2ca491,M,1.0,0.0,1.0,b,ISIC_0014780,ISIC_0011607,2,0.6613743961523705,1.2808009409820407,0.00951859361163537
P2-IMA-M-v2,17,B,1703ca22a1c39afeca05ffd0c12fe01606f41d5af81442d20102f130cc2ca491,M,1.0,0.0,1.0,b,ISIC_0014800,ISIC_0011834,2,0.6379138299948652,1.1174467572399176,0.021388465681229506
P2-IMA-M-v2,17,B,1703ca22a1c39afeca05ffd0c12fe01606f41d5af81442d20102f130cc2ca491,M,1.0,0.0,1.0,b,ISIC_0014815,ISIC_0014815,2,0.6781093990748681,1.206223994126923,0.009963955787758962
P2-IMA-M-v2,17,B,1703ca22a1c39afeca05ffd0c12fe01606f41d5af81442d20102f130cc2ca491,M,1.0,0.0,1.0,b,ISIC_0014867,ISIC_0011630,2,0.5493396730939046,1.1061251932645144,0.0027213216248878503
P2-IMA-M-v2,17,B,1703ca22a1c39afeca05ffd0c12fe01606f41d5af81442d20102f130cc2ca491,M,1.0,0.0,1.0,b,ISIC_0014969,ISIC_0014969,2,0.47497482924914075,0.6814444039795676,0.017914684670860825
P2-IMA-M-v2,17,B,1703ca22a1c39afeca05ffd0c12fe01606f41d5af81442d20102f130cc2ca491,M,1.0,0.0,1.0,b,ISIC_0015089,ISIC_0014838,2,0.46431148609103534,1.018109107915856,0.030975422664298573
P2-IMA-M-v2,17,B,1703ca22a1c39afeca05ffd0c12fe01606f41d5af81442d20102f130cc2ca491,M,1.0,0.0,1.0,b,ISIC_0015132,ISIC_0015132,2,0.5088829646872575,1.1911498059142005,0.024664000891976415
P2-IMA-M-v2,17,B,1703ca22a1c39afeca05ffd0c12fe01606f41d5af81442d20102f130cc2ca491,M,1.0,0.0,1.0,b,ISIC_0015146,ISIC_0015146,2,0.637503342113348,1.2277233812531179,0.0025310458161961675
P2-IMA-M-v2,17,B,1703ca22a1c39afeca05ffd0c12fe01606f41d5af81442d20102f130cc2ca491,M,1.0,0.0,1.0,b,ISIC_0015152,ISIC_0015152,2,0.4663016741516001,1.2821630748582036,0.01842094873081998
P2-IMA-M-v2,17,B,1703ca22a1c39afeca05ffd0c12fe01606f41d5af81442d20102f130cc2ca491,M,1.0,0.0,1.0,b,ISIC_0015160,ISIC_0011732,2,0.5793521954164906,1.18036404870227,0.01714783128650618
P2-IMA-M-v2,17,B,1703ca22a1c39afeca05ffd0c12fe01606f41d5af81442d20102f130cc2ca491,M,1.0,0.0,1.0,b,ISIC_0015167,ISIC_0015167,2,0.5203535285010491,1.5411829042423384,0.05069512353753785
P2-IMA-M-v2,17,B,1703ca22a1c39afeca05ffd0c12fe01606f41d5af81442d20102f130cc2ca491,M,1.0,0.0,1.0,b,ISIC_0015176,ISIC_0015176,2,0.6589277301062259,0.731306746566882,0.007066486862822166
P2-IMA-M-v2,17,B,1703ca22a1c39afeca05ffd0c12fe01606f41d5af81442d20102f130cc2ca491,M,1.0,0.0,1.0,b,ISIC_0015216,ISIC_0011559,2,0.40767074449769725,0.7557139808439474,0.034989759034909494
P2-IMA-M-v2,17,B,1703ca22a1c39afeca05ffd0c12fe01606f41d5af81442d20102f130cc2ca491,M,1.0,0.0,1.0,b,ISIC_0015245,ISIC_0011867,2,0.44312083883265946,0.9126391435464934,0.03942396519815486
P2-IMA-M-v2,17,B,1703ca22a1c39afeca05ffd0c12fe01606f41d5af81442d20102f130cc2ca491,M,1.0,0.0,1.0,b,ISIC_0015309,ISIC_0015309,2,0.5097911471364281,1.000277976510677,0.0023495188324353603
P2-IMA-M-v2,17,B,1703ca22a1c39afeca05ffd0c12fe01606f41d5af81442d20102f130cc2ca491,M,1.0,0.0,1.0,b,ISIC_0015311,ISIC_0000183,2,0.6169249835700402,1.0658257015724106,0.006541412295127019
P2-IMA-M-v2,17,B,1703ca22a1c39afeca05ffd0c12fe01606f41d5af81442d20102f130cc2ca491,M,1.0,0.0,1.0,b,ISIC_0015363,ISIC_0011841,2,0.4376732296953677,1.2220445289402633,0.09192775281617693
P2-IMA-M-v2,17,B,1703ca22a1c39afeca05ffd0c12fe01606f41d5af81442d20102f130cc2ca491,M,1.0,0.0,1.0,b,ISIC_0015436,ISIC_0000193,2,0.6033693571589597,1.0523225575006947,0.011838971886120516
P2-IMA-M-v2,17,B,1703ca22a1c39afeca05ffd0c12fe01606f41d5af81442d20102f130cc2ca491,M,1.0,0.0,1.0,b,ISIC_0015464,ISIC_0015464,2,0.5721462199442945,0.6604084453043383,0.008286312070807753
P2-IMA-M-v2,17,B,1703ca22a1c39afeca05ffd0c12fe01606f41d5af81442d20102f130cc2ca491,M,1.0,0.0,1.0,b,ISIC_0015502,ISIC_0015014,2,0.5501448234365869,0.45872443842945443,0.006212243279294726
P2-IMA-M-v2,17,B,1703ca22a1c39afeca05ffd0c12fe01606f41d5af81442d20102f130cc2ca491,M,1.0,0.0,1.0,b,ISIC_0015596,ISIC_0015595,3,0.4959594001830211,0.979030813285471,0.006656230696535012
P2-IMA-M-v2,17,B,1703ca22a1c39afeca05ffd0c12fe01606f41d5af81442d20102f130cc2ca491,M,1.0,0.0,1.0,b,ISIC_0015631,ISIC_0015631,2,0.7540105080708714,0.8019238160492296,0.007055846945750275
P2-IMA-M-v2,17,B,1703ca22a1c39afeca05ffd0c12fe01606f41d5af81442d20102f130cc2ca491,M,1.0,0.0,1.0,b,ISIC_0015633,ISIC_0015633,2,0.41270703172209844,1.1050476690196491,0.003324992149881245
P2-IMA-M-v2,17,B,1703ca22a1c39afeca05ffd0c12fe01606f41d5af81442d20102f130cc2ca491,M,1.0,0.0,1.0,b,ISIC_0016804,ISIC_0016804,2,0.6891101833570025,1.1520141062407676,0.00404296875
P2-IMA-M-v2,17,B,1703ca22a1c39afeca05ffd0c12fe01606f41d5af81442d20102f130cc2ca491,M,1.0,0.0,1.0,b,ISIC_0017427,ISIC_0017427,2,0.527419848684351,0.7772947888688524,0.04133138020833333
P2-IMA-M-v2,17,B,1703ca22a1c39afeca05ffd0c12fe01606f41d5af81442d20102f130cc2ca491,M,1.0,0.0,1.0,b,ISIC_0017891,ISIC_0017891,2,0.6698709339167845,0.7362238013989132,0.00845703125
P2-IMA-M-v2,17,B,1703ca22a1c39afeca05ffd0c12fe01606f41d5af81442d20102f130cc2ca491,M,1.0,0.0,1.0,b,ISIC_0019366,ISIC_0019364,3,0.5535693249576833,1.124005508094781,0.0178125
P2-IMA-M-v2,17,B,1703ca22a1c39afeca05ffd0c12fe01606f41d5af81442d20102f130cc2ca491,M,1.0,0.0,1.0,b,ISIC_0019545,ISIC_0019540,2,0.8507944191716589,2.085037400664486,0.010296223958333333
P2-IMA-M-v2,17,B,1703ca22a1c39afeca05ffd0c12fe01606f41d5af81442d20102f130cc2ca491,M,1.0,0.0,1.0,b,ISIC_0019696,ISIC_0019695,3,0.4611443183742642,1.7379383318532693,0.047548828125
P2-IMA-M-v2,17,B,1703ca22a1c39afeca05ffd0c12fe01606f41d5af81442d20102f130cc2ca491,M,1.0,0.0,1.0,b,ISIC_0020226,ISIC_0020226,2,0.5453459250496252,2.57436582950698,0.025423177083333335
P2-IMA-M-v2,17,B,1703ca22a1c39afeca05ffd0c12fe01606f41d5af81442d20102f130cc2ca491,M,1.0,0.0,1.0,b,ISIC_0020972,ISIC_0020972,2,0.793354569867057,0.8758492073676615,0.0023714701334635415
P2-IMA-M-v2,17,B,1703ca22a1c39afeca05ffd0c12fe01606f41d5af81442d20102f130cc2ca491,M,1.0,0.0,1.0,b,ISIC_0021448,ISIC_0021447,2,0.5316588504685344,1.9472134967831085,0.02883218835901331
P2-IMA-M-v2,17,B,1703ca22a1c39afeca05ffd0c12fe01606f41d5af81442d20102f130cc2ca491,M,1.0,0.0,1.0,b,ISIC_0021604,ISIC_0021604,2,0.3582625764984352,1.2224106923109692,0.01633227313006366
P2-IMA-M-v2,17,B,1703ca22a1c39afeca05ffd0c12fe01606f41d5af81442d20102f130cc2ca491,M,1.0,0.0,1.0,b,ISIC_0021711,ISIC_0021711,2,0.5017452206348305,1.3361904945600813,0.0725339428886098
P2-IMA-M-v2,17,B,1703ca22a1c39afeca05ffd0c12fe01606f41d5af81442d20102f130cc2ca491,M,1.0,0.0,1.0,b,ISIC_0021837,ISIC_0021837,2,0.3426493650045595,3.7213222889958013,0.008500982213903356
P2-IMA-M-v2,17,B,1703ca22a1c39afeca05ffd0c12fe01606f41d5af81442d20102f130cc2ca491,M,1.0,0.0,1.0,b,ISIC_0021932,ISIC_0021930,2,0.43643425179879825,1.0009255590727355,0.00418373390480324
P2-IMA-M-v2,17,B,1703ca22a1c39afeca05ffd0c12fe01606f41d5af81442d20102f130cc2ca491,M,1.0,0.0,1.0,b,ISIC_0021987,ISIC_0021987,2,0.8456673192530751,1.419052216721197,0.0029144287109375
P2-IMA-M-v2,17,B,1703ca22a1c39afeca05ffd0c12fe01606f41d5af81442d20102f130cc2ca491,M,1.0,0.0,1.0,b,ISIC_0022313,ISIC_0022313,2,0.5426372430459238,0.32165172467629477,0.07904617874710648
P2-IMA-M-v2,17,B,1703ca22a1c39afeca05ffd0c12fe01606f41d5af81442d20102f130cc2ca491,M,1.0,0.0,1.0,b,ISIC_0022662,ISIC_0022662,2,0.42921980834367474,1.6633850376721833,0.07500729357973676
P2-IMA-M-v2,17,B,1703ca22a1c39afeca05ffd0c12fe01606f41d5af81442d20102f130cc2ca491,M,1.0,0.0,1.0,b,ISIC_0022663,ISIC_0022662,3,0.6522226027301794,0.6457239754685752,0.25559393652433426
P2-IMA-M-v2,17,B,1703ca22a1c39afeca05ffd0c12fe01606f41d5af81442d20102f130cc2ca491,M,1.0,0.0,1.0,b,ISIC_0023316,ISIC_0023298,3,0.5258840890733623,1.2255948255582447,0.15931051359555148
P2-IMA-M-v2,17,B,1703ca22a1c39afeca05ffd0c12fe01606f41d5af81442d20102f130cc2ca491,M,1.0,0.0,1.0,b,ISIC_0023381,ISIC_0023380,2,0.6165752928158429,0.9918325837371824,0.004535968906234058
P2-IMA-M-v2,17,B,1703ca22a1c39afeca05ffd0c12fe01606f41d5af81442d20102f130cc2ca491,M,1.0,0.0,1.0,b,ISIC_0023628,ISIC_0023625,3,0.5645901860710372,2.2992588111015033,0.005772343388310185
P2-IMA-M-v2,17,B,1703ca22a1c39afeca05ffd0c12fe01606f41d5af81442d20102f130cc2ca491,M,1.0,0.0,1.0,b,ISIC_0024104,ISIC_0024100,2,0.6710793557424414,0.695362707584613,0.012715657552083334
P2-IMA-M-v2,17,B,1703ca22a1c39afeca05ffd0c12fe01606f41d5af81442d20102f130cc2ca491,M,1.0,0.0,1.0,b,ISIC_0036090,ISIC_0036090,3,0.6303401847285641,0.1556153935773212,0.017904493543836806
P2-IMA-M-v2,17,B,1703ca22a1c39afeca05ffd0c12fe01606f41d5af81442d20102f130cc2ca491,M,1.0,0.0,1.0,b,ISIC_0036152,ISIC_0036152,3,0.674988921923871,1.113107543838052,0.06144544813368055
P2-IMA-M-v2,17,B,1703ca22a1c39afeca05ffd0c12fe01606f41d5af81442d20102f130cc2ca491,M,1.0,0.0,1.0,b,ISIC_0036170,ISIC_0036170,3,0.3956857055795144,1.3039647530501441,0.0011414421929253472
P2-IMA-M-v2,17,B,1703ca22a1c39afeca05ffd0c12fe01606f41d5af81442d20102f130cc2ca491,M,1.0,0.0,1.0,b,ISIC_0036180,ISIC_0036180,2,0.5029410009409887,3.067073971274921,0.01431839554398148
P2-IMA-M-v2,17,B,1703ca22a1c39afeca05ffd0c12fe01606f41d5af81442d20102f130cc2ca491,M,1.0,0.0,1.0,b,ISIC_0036303,ISIC_0036303,2,0.5767893197413676,0.915713585041389,0.0164947509765625
P2-IMA-M-v2,17,B,1703ca22a1c39afeca05ffd0c12fe01606f41d5af81442d20102f130cc2ca491,M,1.0,0.0,1.0,b,ISIC_0036325,ISIC_0022342,3,0.5174970225548787,0.7834489459561095,0.01815499199761285
P2-IMA-M-v2,17,Anchor,1703ca22a1c39afeca05ffd0c12fe01606f41d5af81442d20102f130cc2ca491,M,0.0,0.0,0.0,anchor,ISIC_0000038,ISIC_0000038,2,0.0,0.0,0.0
P2-IMA-M-v2,17,Anchor,1703ca22a1c39afeca05ffd0c12fe01606f41d5af81442d20102f130cc2ca491,M,0.0,0.0,0.0,anchor,ISIC_0000049,ISIC_0000049,2,0.0,0.0,0.0
P2-IMA-M-v2,17,Anchor,1703ca22a1c39afeca05ffd0c12fe01606f41d5af81442d20102f130cc2ca491,M,0.0,0.0,0.0,anchor,ISIC_0000078,ISIC_0000078,2,0.0,0.0,0.0
P2-IMA-M-v2,17,Anchor,1703ca22a1c39afeca05ffd0c12fe01606f41d5af81442d20102f130cc2ca491,M,0.0,0.0,0.0,anchor,ISIC_0000110,ISIC_0000110,2,0.0,0.0,0.0
P2-IMA-M-v2,17,Anchor,1703ca22a1c39afeca05ffd0c12fe01606f41d5af81442d20102f130cc2ca491,M,0.0,0.0,0.0,anchor,ISIC_0000173,ISIC_0000173,2,0.0,0.0,0.0
P2-IMA-M-v2,17,Anchor,1703ca22a1c39afeca05ffd0c12fe01606f41d5af81442d20102f130cc2ca491,M,0.0,0.0,0.0,anchor,ISIC_0000187,ISIC_0000187,2,0.0,0.0,0.0
P2-IMA-M-v2,17,Anchor,1703ca22a1c39afeca05ffd0c12fe01606f41d5af81442d20102f130cc2ca491,M,0.0,0.0,0.0,anchor,ISIC_0000269,ISIC_0000269,2,0.0,0.0,0.0
P2-IMA-M-v2,17,Anchor,1703ca22a1c39afeca05ffd0c12fe01606f41d5af81442d20102f130cc2ca491,M,0.0,0.0,0.0,anchor,ISIC_0000289,ISIC_0000289,3,0.0,0.0,0.0
P2-IMA-M-v2,17,Anchor,1703ca22a1c39afeca05ffd0c12fe01606f41d5af81442d20102f130cc2ca491,M,0.0,0.0,0.0,anchor,ISIC_0000306,ISIC_0000306,2,0.0,0.0,0.0
P2-IMA-M-v2,17,Anchor,1703ca22a1c39afeca05ffd0c12fe01606f41d5af81442d20102f130cc2ca491,M,0.0,0.0,0.0,anchor,ISIC_0000316,ISIC_0000316,2,0.0,0.0,0.0
P2-IMA-M-v2,17,Anchor,1703ca22a1c39afeca05ffd0c12fe01606f41d5af81442d20102f130cc2ca491,M,0.0,0.0,0.0,anchor,ISIC_0000317,ISIC_0000317,2,0.0,0.0,0.0
P2-IMA-M-v2,17,Anchor,1703ca22a1c39afeca05ffd0c12fe01606f41d5af81442d20102f130cc2ca491,M,0.0,0.0,0.0,anchor,ISIC_0000333,ISIC_0000333,2,0.0,0.0,0.0
P2-IMA-M-v2,17,Anchor,1703ca22a1c39afeca05ffd0c12fe01606f41d5af81442d20102f130cc2ca491,M,0.0,0.0,0.0,anchor,ISIC_0000367,ISIC_0000367,2,0.0,0.0,0.0
P2-IMA-M-v2,17,Anchor,1703ca22a1c39afeca05ffd0c12fe01606f41d5af81442d20102f130cc2ca491,M,0.0,0.0,0.0,anchor,ISIC_0000372,ISIC_0000372,2,0.0,0.0,0.0
P2-IMA-M-v2,17,Anchor,1703ca22a1c39afeca05ffd0c12fe01606f41d5af81442d20102f130cc2ca491,M,0.0,0.0,0.0,anchor,ISIC_0000375,ISIC_0000375,2,0.0,0.0,0.0
P2-IMA-M-v2,17,Anchor,1703ca22a1c39afeca05ffd0c12fe01606f41d5af81442d20102f130cc2ca491,M,0.0,0.0,0.0,anchor,ISIC_0000384,ISIC_0000384,2,0.0,0.0,0.0
P2-IMA-M-v2,17,Anchor,1703ca22a1c39afeca05ffd0c12fe01606f41d5af81442d20102f130cc2ca491,M,0.0,0.0,0.0,anchor,ISIC_0000386,ISIC_0000386,2,0.0,0.0,0.0
P2-IMA-M-v2,17,Anchor,1703ca22a1c39afeca05ffd0c12fe01606f41d5af81442d20102f130cc2ca491,M,0.0,0.0,0.0,anchor,ISIC_0000396,ISIC_0000396,2,0.0,0.0,0.0
P2-IMA-M-v2,17,Anchor,1703ca22a1c39afeca05ffd0c12fe01606f41d5af81442d20102f130cc2ca491,M,0.0,0.0,0.0,anchor,ISIC_0000401,ISIC_0000401,2,0.0,0.0,0.0
P2-IMA-M-v2,17,Anchor,1703ca22a1c39afeca05ffd0c12fe01606f41d5af81442d20102f130cc2ca491,M,0.0,0.0,0.0,anchor,ISIC_0000432,ISIC_0000432,2,0.0,0.0,0.0
P2-IMA-M-v2,17,Anchor,1703ca22a1c39afeca05ffd0c12fe01606f41d5af81442d20102f130cc2ca491,M,0.0,0.0,0.0,anchor,ISIC_0000434,ISIC_0000434,2,0.0,0.0,0.0
P2-IMA-M-v2,17,Anchor,1703ca22a1c39afeca05ffd0c12fe01606f41d5af81442d20102f130cc2ca491,M,0.0,0.0,0.0,anchor,ISIC_0000435,ISIC_0000435,2,0.0,0.0,0.0
P2-IMA-M-v2,17,Anchor,1703ca22a1c39afeca05ffd0c12fe01606f41d5af81442d20102f130cc2ca491,M,0.0,0.0,0.0,anchor,ISIC_0000436,ISIC_0000436,2,0.0,0.0,0.0
P2-IMA-M-v2,17,Anchor,1703ca22a1c39afeca05ffd0c12fe01606f41d5af81442d20102f130cc2ca491,M,0.0,0.0,0.0,anchor,ISIC_0000439,ISIC_0000439,2,0.0,0.0,0.0
P2-IMA-M-v2,17,Anchor,1703ca22a1c39afeca05ffd0c12fe01606f41d5af81442d20102f130cc2ca491,M,0.0,0.0,0.0,anchor,ISIC_0000450,ISIC_0000450,2,0.0,0.0,0.0
P2-IMA-M-v2,17,Anchor,1703ca22a1c39afeca05ffd0c12fe01606f41d5af81442d20102f130cc2ca491,M,0.0,0.0,0.0,anchor,ISIC_0000473,ISIC_0000473,2,0.0,0.0,0.0
P2-IMA-M-v2,17,Anchor,1703ca22a1c39afeca05ffd0c12fe01606f41d5af81442d20102f130cc2ca491,M,0.0,0.0,0.0,anchor,ISIC_0000489,ISIC_0000489,2,0.0,0.0,0.0
P2-IMA-M-v2,17,Anchor,1703ca22a1c39afeca05ffd0c12fe01606f41d5af81442d20102f130cc2ca491,M,0.0,0.0,0.0,anchor,ISIC_0000498,ISIC_0000498,2,0.0,0.0,0.0
P2-IMA-M-v2,17,Anchor,1703ca22a1c39afeca05ffd0c12fe01606f41d5af81442d20102f130cc2ca491,M,0.0,0.0,0.0,anchor,ISIC_0000516,ISIC_0000516,2,0.0,0.0,0.0
P2-IMA-M-v2,17,Anchor,1703ca22a1c39afeca05ffd0c12fe01606f41d5af81442d20102f130cc2ca491,M,0.0,0.0,0.0,anchor,ISIC_0000521,ISIC_0000521,2,0.0,0.0,0.0
P2-IMA-M-v2,17,Anchor,1703ca22a1c39afeca05ffd0c12fe01606f41d5af81442d20102f130cc2ca491,M,0.0,0.0,0.0,anchor,ISIC_0000547,ISIC_0000547,3,0.0,0.0,0.0
P2-IMA-M-v2,17,Anchor,1703ca22a1c39afeca05ffd0c12fe01606f41d5af81442d20102f130cc2ca491,M,0.0,0.0,0.0,anchor,ISIC_0001200,ISIC_0001200,2,0.0,0.0,0.0
P2-IMA-M-v2,17,Anchor,1703ca22a1c39afeca05ffd0c12fe01606f41d5af81442d20102f130cc2ca491,M,0.0,0.0,0.0,anchor,ISIC_0001208,ISIC_0001208,2,0.0,0.0,0.0
P2-IMA-M-v2,17,Anchor,1703ca22a1c39afeca05ffd0c12fe01606f41d5af81442d20102f130cc2ca491,M,0.0,0.0,0.0,anchor,ISIC_0001549,ISIC_0001549,2,0.0,0.0,0.0
P2-IMA-M-v2,17,Anchor,1703ca22a1c39afeca05ffd0c12fe01606f41d5af81442d20102f130cc2ca491,M,0.0,0.0,0.0,anchor,ISIC_0001555,ISIC_0001555,2,0.0,0.0,0.0
P2-IMA-M-v2,17,Anchor,1703ca22a1c39afeca05ffd0c12fe01606f41d5af81442d20102f130cc2ca491,M,0.0,0.0,0.0,anchor,ISIC_0001570,ISIC_0001570,2,0.0,0.0,0.0
P2-IMA-M-v2,17,Anchor,1703ca22a1c39afeca05ffd0c12fe01606f41d5af81442d20102f130cc2ca491,M,0.0,0.0,0.0,anchor,ISIC_0001659,ISIC_0001659,2,0.0,0.0,0.0
P2-IMA-M-v2,17,Anchor,1703ca22a1c39afeca05ffd0c12fe01606f41d5af81442d20102f130cc2ca491,M,0.0,0.0,0.0,anchor,ISIC_0001977,ISIC_0001977,2,0.0,0.0,0.0
P2-IMA-M-v2,17,Anchor,1703ca22a1c39afeca05ffd0c12fe01606f41d5af81442d20102f130cc2ca491,M,0.0,0.0,0.0,anchor,ISIC_0002339,ISIC_0002339,2,0.0,0.0,0.0
P2-IMA-M-v2,17,Anchor,1703ca22a1c39afeca05ffd0c12fe01606f41d5af81442d20102f130cc2ca491,M,0.0,0.0,0.0,anchor,ISIC_0002342,ISIC_0002342,2,0.0,0.0,0.0
P2-IMA-M-v2,17,Anchor,1703ca22a1c39afeca05ffd0c12fe01606f41d5af81442d20102f130cc2ca491,M,0.0,0.0,0.0,anchor,ISIC_0002412,ISIC_0002412,2,0.0,0.0,0.0
P2-IMA-M-v2,17,Anchor,1703ca22a1c39afeca05ffd0c12fe01606f41d5af81442d20102f130cc2ca491,M,0.0,0.0,0.0,anchor,ISIC_0003185,ISIC_0003185,2,0.0,0.0,0.0
P2-IMA-M-v2,17,Anchor,1703ca22a1c39afeca05ffd0c12fe01606f41d5af81442d20102f130cc2ca491,M,0.0,0.0,0.0,anchor,ISIC_0003346,ISIC_0003346,2,0.0,0.0,0.0
P2-IMA-M-v2,17,Anchor,1703ca22a1c39afeca05ffd0c12fe01606f41d5af81442d20102f130cc2ca491,M,0.0,0.0,0.0,anchor,ISIC_0003516,ISIC_0003516,2,0.0,0.0,0.0
P2-IMA-M-v2,17,Anchor,1703ca22a1c39afeca05ffd0c12fe01606f41d5af81442d20102f130cc2ca491,M,0.0,0.0,0.0,anchor,ISIC_0003758,ISIC_0003758,2,0.0,0.0,0.0
P2-IMA-M-v2,17,Anchor,1703ca22a1c39afeca05ffd0c12fe01606f41d5af81442d20102f130cc2ca491,M,0.0,0.0,0.0,anchor,ISIC_0004110,ISIC_0004110,2,0.0,0.0,0.0
P2-IMA-M-v2,17,Anchor,1703ca22a1c39afeca05ffd0c12fe01606f41d5af81442d20102f130cc2ca491,M,0.0,0.0,0.0,anchor,ISIC_0004309,ISIC_0004309,2,0.0,0.0,0.0
P2-IMA-M-v2,17,Anchor,1703ca22a1c39afeca05ffd0c12fe01606f41d5af81442d20102f130cc2ca491,M,0.0,0.0,0.0,anchor,ISIC_0004333,ISIC_0004333,2,0.0,0.0,0.0
P2-IMA-M-v2,17,Anchor,1703ca22a1c39afeca05ffd0c12fe01606f41d5af81442d20102f130cc2ca491,M,0.0,0.0,0.0,anchor,ISIC_0004447,ISIC_0004447,2,0.0,0.0,0.0
P2-IMA-M-v2,17,Anchor,1703ca22a1c39afeca05ffd0c12fe01606f41d5af81442d20102f130cc2ca491,M,0.0,0.0,0.0,anchor,ISIC_0004677,ISIC_0004677,2,0.0,0.0,0.0
P2-IMA-M-v2,17,Anchor,1703ca22a1c39afeca05ffd0c12fe01606f41d5af81442d20102f130cc2ca491,M,0.0,0.0,0.0,anchor,ISIC_0004715,ISIC_0004715,2,0.0,0.0,0.0
P2-IMA-M-v2,17,Anchor,1703ca22a1c39afeca05ffd0c12fe01606f41d5af81442d20102f130cc2ca491,M,0.0,0.0,0.0,anchor,ISIC_0004799,ISIC_0004799,2,0.0,0.0,0.0
P2-IMA-M-v2,17,Anchor,1703ca22a1c39afeca05ffd0c12fe01606f41d5af81442d20102f130cc2ca491,M,0.0,0.0,0.0,anchor,ISIC_0005390,ISIC_0005390,2,0.0,0.0,0.0
P2-IMA-M-v2,17,Anchor,1703ca22a1c39afeca05ffd0c12fe01606f41d5af81442d20102f130cc2ca491,M,0.0,0.0,0.0,anchor,ISIC_0005777,ISIC_0005777,2,0.0,0.0,0.0
P2-IMA-M-v2,17,Anchor,1703ca22a1c39afeca05ffd0c12fe01606f41d5af81442d20102f130cc2ca491,M,0.0,0.0,0.0,anchor,ISIC_0005842,ISIC_0005842,2,0.0,0.0,0.0
P2-IMA-M-v2,17,Anchor,1703ca22a1c39afeca05ffd0c12fe01606f41d5af81442d20102f130cc2ca491,M,0.0,0.0,0.0,anchor,ISIC_0005957,ISIC_0005957,2,0.0,0.0,0.0
P2-IMA-M-v2,17,Anchor,1703ca22a1c39afeca05ffd0c12fe01606f41d5af81442d20102f130cc2ca491,M,0.0,0.0,0.0,anchor,ISIC_0006070,ISIC_0006070,2,0.0,0.0,0.0
P2-IMA-M-v2,17,Anchor,1703ca22a1c39afeca05ffd0c12fe01606f41d5af81442d20102f130cc2ca491,M,0.0,0.0,0.0,anchor,ISIC_0006104,ISIC_0006104,2,0.0,0.0,0.0
P2-IMA-M-v2,17,Anchor,1703ca22a1c39afeca05ffd0c12fe01606f41d5af81442d20102f130cc2ca491,M,0.0,0.0,0.0,anchor,ISIC_0006216,ISIC_0006216,2,0.0,0.0,0.0
P2-IMA-M-v2,17,Anchor,1703ca22a1c39afeca05ffd0c12fe01606f41d5af81442d20102f130cc2ca491,M,0.0,0.0,0.0,anchor,ISIC_0006372,ISIC_0006372,2,0.0,0.0,0.0
P2-IMA-M-v2,17,Anchor,1703ca22a1c39afeca05ffd0c12fe01606f41d5af81442d20102f130cc2ca491,M,0.0,0.0,0.0,anchor,ISIC_0006464,ISIC_0006464,2,0.0,0.0,0.0
P2-IMA-M-v2,17,Anchor,1703ca22a1c39afeca05ffd0c12fe01606f41d5af81442d20102f130cc2ca491,M,0.0,0.0,0.0,anchor,ISIC_0006748,ISIC_0006748,2,0.0,0.0,0.0
P2-IMA-M-v2,17,Anchor,1703ca22a1c39afeca05ffd0c12fe01606f41d5af81442d20102f130cc2ca491,M,0.0,0.0,0.0,anchor,ISIC_0007381,ISIC_0007381,2,0.0,0.0,0.0
P2-IMA-M-v2,17,Anchor,1703ca22a1c39afeca05ffd0c12fe01606f41d5af81442d20102f130cc2ca491,M,0.0,0.0,0.0,anchor,ISIC_0007469,ISIC_0007469,2,0.0,0.0,0.0
P2-IMA-M-v2,17,Anchor,1703ca22a1c39afeca05ffd0c12fe01606f41d5af81442d20102f130cc2ca491,M,0.0,0.0,0.0,anchor,ISIC_0007483,ISIC_0007483,2,0.0,0.0,0.0
P2-IMA-M-v2,17,Anchor,1703ca22a1c39afeca05ffd0c12fe01606f41d5af81442d20102f130cc2ca491,M,0.0,0.0,0.0,anchor,ISIC_0008423,ISIC_0008423,2,0.0,0.0,0.0
P2-IMA-M-v2,17,Anchor,1703ca22a1c39afeca05ffd0c12fe01606f41d5af81442d20102f130cc2ca491,M,0.0,0.0,0.0,anchor,ISIC_0008457,ISIC_0008457,2,0.0,0.0,0.0
P2-IMA-M-v2,17,Anchor,1703ca22a1c39afeca05ffd0c12fe01606f41d5af81442d20102f130cc2ca491,M,0.0,0.0,0.0,anchor,ISIC_0008514,ISIC_0008514,2,0.0,0.0,0.0
P2-IMA-M-v2,17,Anchor,1703ca22a1c39afeca05ffd0c12fe01606f41d5af81442d20102f130cc2ca491,M,0.0,0.0,0.0,anchor,ISIC_0008537,ISIC_0008537,2,0.0,0.0,0.0
P2-IMA-M-v2,17,Anchor,1703ca22a1c39afeca05ffd0c12fe01606f41d5af81442d20102f130cc2ca491,M,0.0,0.0,0.0,anchor,ISIC_0008552,ISIC_0008552,2,0.0,0.0,0.0
P2-IMA-M-v2,17,Anchor,1703ca22a1c39afeca05ffd0c12fe01606f41d5af81442d20102f130cc2ca491,M,0.0,0.0,0.0,anchor,ISIC_0008578,ISIC_0008578,2,0.0,0.0,0.0
P2-IMA-M-v2,17,Anchor,1703ca22a1c39afeca05ffd0c12fe01606f41d5af81442d20102f130cc2ca491,M,0.0,0.0,0.0,anchor,ISIC_0008705,ISIC_0008705,2,0.0,0.0,0.0
P2-IMA-M-v2,17,Anchor,1703ca22a1c39afeca05ffd0c12fe01606f41d5af81442d20102f130cc2ca491,M,0.0,0.0,0.0,anchor,ISIC_0008781,ISIC_0008781,2,0.0,0.0,0.0
P2-IMA-M-v2,17,Anchor,1703ca22a1c39afeca05ffd0c12fe01606f41d5af81442d20102f130cc2ca491,M,0.0,0.0,0.0,anchor,ISIC_0008810,ISIC_0008810,2,0.0,0.0,0.0
P2-IMA-M-v2,17,Anchor,1703ca22a1c39afeca05ffd0c12fe01606f41d5af81442d20102f130cc2ca491,M,0.0,0.0,0.0,anchor,ISIC_0008890,ISIC_0008890,2,0.0,0.0,0.0
P2-IMA-M-v2,17,Anchor,1703ca22a1c39afeca05ffd0c12fe01606f41d5af81442d20102f130cc2ca491,M,0.0,0.0,0.0,anchor,ISIC_0008902,ISIC_0008902,2,0.0,0.0,0.0
P2-IMA-M-v2,17,Anchor,1703ca22a1c39afeca05ffd0c12fe01606f41d5af81442d20102f130cc2ca491,M,0.0,0.0,0.0,anchor,ISIC_0008927,ISIC_0008927,2,0.0,0.0,0.0
P2-IMA-M-v2,17,Anchor,1703ca22a1c39afeca05ffd0c12fe01606f41d5af81442d20102f130cc2ca491,M,0.0,0.0,0.0,anchor,ISIC_0008968,ISIC_0008968,2,0.0,0.0,0.0
P2-IMA-M-v2,17,Anchor,1703ca22a1c39afeca05ffd0c12fe01606f41d5af81442d20102f130cc2ca491,M,0.0,0.0,0.0,anchor,ISIC_0008988,ISIC_0008988,2,0.0,0.0,0.0
P2-IMA-M-v2,17,Anchor,1703ca22a1c39afeca05ffd0c12fe01606f41d5af81442d20102f130cc2ca491,M,0.0,0.0,0.0,anchor,ISIC_0008994,ISIC_0008994,2,0.0,0.0,0.0
P2-IMA-M-v2,17,Anchor,1703ca22a1c39afeca05ffd0c12fe01606f41d5af81442d20102f130cc2ca491,M,0.0,0.0,0.0,anchor,ISIC_0008998,ISIC_0008998,2,0.0,0.0,0.0
P2-IMA-M-v2,17,Anchor,1703ca22a1c39afeca05ffd0c12fe01606f41d5af81442d20102f130cc2ca491,M,0.0,0.0,0.0,anchor,ISIC_0009026,ISIC_0009026,2,0.0,0.0,0.0
P2-IMA-M-v2,17,Anchor,1703ca22a1c39afeca05ffd0c12fe01606f41d5af81442d20102f130cc2ca491,M,0.0,0.0,0.0,anchor,ISIC_0009040,ISIC_0009040,2,0.0,0.0,0.0
P2-IMA-M-v2,17,Anchor,1703ca22a1c39afeca05ffd0c12fe01606f41d5af81442d20102f130cc2ca491,M,0.0,0.0,0.0,anchor,ISIC_0009053,ISIC_0009053,2,0.0,0.0,0.0
P2-IMA-M-v2,17,Anchor,1703ca22a1c39afeca05ffd0c12fe01606f41d5af81442d20102f130cc2ca491,M,0.0,0.0,0.0,anchor,ISIC_0009056,ISIC_0009056,2,0.0,0.0,0.0
P2-IMA-M-v2,17,Anchor,1703ca22a1c39afeca05ffd0c12fe01606f41d5af81442d20102f130cc2ca491,M,0.0,0.0,0.0,anchor,ISIC_0009076,ISIC_0009076,2,0.0,0.0,0.0
P2-IMA-M-v2,17,Anchor,1703ca22a1c39afeca05ffd0c12fe01606f41d5af81442d20102f130cc2ca491,M,0.0,0.0,0.0,anchor,ISIC_0009115,ISIC_0009115,2,0.0,0.0,0.0
P2-IMA-M-v2,17,Anchor,1703ca22a1c39afeca05ffd0c12fe01606f41d5af81442d20102f130cc2ca491,M,0.0,0.0,0.0,anchor,ISIC_0009190,ISIC_0009190,2,0.0,0.0,0.0
P2-IMA-M-v2,17,Anchor,1703ca22a1c39afeca05ffd0c12fe01606f41d5af81442d20102f130cc2ca491,M,0.0,0.0,0.0,anchor,ISIC_0009202,ISIC_0009202,2,0.0,0.0,0.0
P2-IMA-M-v2,17,Anchor,1703ca22a1c39afeca05ffd0c12fe01606f41d5af81442d20102f130cc2ca491,M,0.0,0.0,0.0,anchor,ISIC_0009350,ISIC_0009350,2,0.0,0.0,0.0
P2-IMA-M-v2,17,Anchor,1703ca22a1c39afeca05ffd0c12fe01606f41d5af81442d20102f130cc2ca491,M,0.0,0.0,0.0,anchor,ISIC_0009354,ISIC_0009354,2,0.0,0.0,0.0
P2-IMA-M-v2,17,Anchor,1703ca22a1c39afeca05ffd0c12fe01606f41d5af81442d20102f130cc2ca491,M,0.0,0.0,0.0,anchor,ISIC_0009645,ISIC_0009645,2,0.0,0.0,0.0
P2-IMA-M-v2,17,Anchor,1703ca22a1c39afeca05ffd0c12fe01606f41d5af81442d20102f130cc2ca491,M,0.0,0.0,0.0,anchor,ISIC_0009674,ISIC_0009674,2,0.0,0.0,0.0
P2-IMA-M-v2,17,Anchor,1703ca22a1c39afeca05ffd0c12fe01606f41d5af81442d20102f130cc2ca491,M,0.0,0.0,0.0,anchor,ISIC_0009843,ISIC_0009843,2,0.0,0.0,0.0
P2-IMA-M-v2,17,Anchor,1703ca22a1c39afeca05ffd0c12fe01606f41d5af81442d20102f130cc2ca491,M,0.0,0.0,0.0,anchor,ISIC_0009848,ISIC_0009848,2,0.0,0.0,0.0
P2-IMA-M-v2,17,Anchor,1703ca22a1c39afeca05ffd0c12fe01606f41d5af81442d20102f130cc2ca491,M,0.0,0.0,0.0,anchor,ISIC_0009942,ISIC_0009942,2,0.0,0.0,0.0
P2-IMA-M-v2,17,Anchor,1703ca22a1c39afeca05ffd0c12fe01606f41d5af81442d20102f130cc2ca491,M,0.0,0.0,0.0,anchor,ISIC_0010038,ISIC_0010038,2,0.0,0.0,0.0
P2-IMA-M-v2,17,Anchor,1703ca22a1c39afeca05ffd0c12fe01606f41d5af81442d20102f130cc2ca491,M,0.0,0.0,0.0,anchor,ISIC_0010139,ISIC_0010139,2,0.0,0.0,0.0
P2-IMA-M-v2,17,Anchor,1703ca22a1c39afeca05ffd0c12fe01606f41d5af81442d20102f130cc2ca491,M,0.0,0.0,0.0,anchor,ISIC_0010175,ISIC_0010175,4,0.0,0.0,0.0
P2-IMA-M-v2,17,Anchor,1703ca22a1c39afeca05ffd0c12fe01606f41d5af81442d20102f130cc2ca491,M,0.0,0.0,0.0,anchor,ISIC_0010190,ISIC_0010190,4,0.0,0.0,0.0
P2-IMA-M-v2,17,Anchor,1703ca22a1c39afeca05ffd0c12fe01606f41d5af81442d20102f130cc2ca491,M,0.0,0.0,0.0,anchor,ISIC_0010197,ISIC_0010197,2,0.0,0.0,0.0
P2-IMA-M-v2,17,Anchor,1703ca22a1c39afeca05ffd0c12fe01606f41d5af81442d20102f130cc2ca491,M,0.0,0.0,0.0,anchor,ISIC_0010201,ISIC_0010201,2,0.0,0.0,0.0
P2-IMA-M-v2,17,Anchor,1703ca22a1c39afeca05ffd0c12fe01606f41d5af81442d20102f130cc2ca491,M,0.0,0.0,0.0,anchor,ISIC_0010220,ISIC_0010220,2,0.0,0.0,0.0
P2-IMA-M-v2,17,Anchor,1703ca22a1c39afeca05ffd0c12fe01606f41d5af81442d20102f130cc2ca491,M,0.0,0.0,0.0,anchor,ISIC_0010264,ISIC_0010264,2,0.0,0.0,0.0
P2-IMA-M-v2,17,Anchor,1703ca22a1c39afeca05ffd0c12fe01606f41d5af81442d20102f130cc2ca491,M,0.0,0.0,0.0,anchor,ISIC_0010268,ISIC_0010268,2,0.0,0.0,0.0
P2-IMA-M-v2,17,Anchor,1703ca22a1c39afeca05ffd0c12fe01606f41d5af81442d20102f130cc2ca491,M,0.0,0.0,0.0,anchor,ISIC_0010355,ISIC_0010355,2,0.0,0.0,0.0
P2-IMA-M-v2,17,Anchor,1703ca22a1c39afeca05ffd0c12fe01606f41d5af81442d20102f130cc2ca491,M,0.0,0.0,0.0,anchor,ISIC_0010415,ISIC_0010415,2,0.0,0.0,0.0
P2-IMA-M-v2,17,Anchor,1703ca22a1c39afeca05ffd0c12fe01606f41d5af81442d20102f130cc2ca491,M,0.0,0.0,0.0,anchor,ISIC_0010444,ISIC_0010444,3,0.0,0.0,0.0
P2-IMA-M-v2,17,Anchor,1703ca22a1c39afeca05ffd0c12fe01606f41d5af81442d20102f130cc2ca491,M,0.0,0.0,0.0,anchor,ISIC_0010451,ISIC_0010451,2,0.0,0.0,0.0
P2-IMA-M-v2,17,Anchor,1703ca22a1c39afeca05ffd0c12fe01606f41d5af81442d20102f130cc2ca491,M,0.0,0.0,0.0,anchor,ISIC_0010479,ISIC_0010479,2,0.0,0.0,0.0
P2-IMA-M-v2,17,Anchor,1703ca22a1c39afeca05ffd0c12fe01606f41d5af81442d20102f130cc2ca491,M,0.0,0.0,0.0,anchor,ISIC_0010540,ISIC_0010540,2,0.0,0.0,0.0
P2-IMA-M-v2,17,Anchor,1703ca22a1c39afeca05ffd0c12fe01606f41d5af81442d20102f130cc2ca491,M,0.0,0.0,0.0,anchor,ISIC_0010543,ISIC_0010543,2,0.0,0.0,0.0
P2-IMA-M-v2,17,Anchor,1703ca22a1c39afeca05ffd0c12fe01606f41d5af81442d20102f130cc2ca491,M,0.0,0.0,0.0,anchor,ISIC_0010568,ISIC_0010568,2,0.0,0.0,0.0
P2-IMA-M-v2,17,Anchor,1703ca22a1c39afeca05ffd0c12fe01606f41d5af81442d20102f130cc2ca491,M,0.0,0.0,0.0,anchor,ISIC_0010596,ISIC_0010596,3,0.0,0.0,0.0
P2-IMA-M-v2,17,Anchor,1703ca22a1c39afeca05ffd0c12fe01606f41d5af81442d20102f130cc2ca491,M,0.0,0.0,0.0,anchor,ISIC_0010652,ISIC_0010652,2,0.0,0.0,0.0
P2-IMA-M-v2,17,Anchor,1703ca22a1c39afeca05ffd0c12fe01606f41d5af81442d20102f130cc2ca491,M,0.0,0.0,0.0,anchor,ISIC_0010657,ISIC_0010657,2,0.0,0.0,0.0
P2-IMA-M-v2,17,Anchor,1703ca22a1c39afeca05ffd0c12fe01606f41d5af81442d20102f130cc2ca491,M,0.0,0.0,0.0,anchor,ISIC_0010819,ISIC_0010819,2,0.0,0.0,0.0
P2-IMA-M-v2,17,Anchor,1703ca22a1c39afeca05ffd0c12fe01606f41d5af81442d20102f130cc2ca491,M,0.0,0.0,0.0,anchor,ISIC_0010938,ISIC_0010938,2,0.0,0.0,0.0
P2-IMA-M-v2,17,Anchor,1703ca22a1c39afeca05ffd0c12fe01606f41d5af81442d20102f130cc2ca491,M,0.0,0.0,0.0,anchor,ISIC_0010968,ISIC_0010968,2,0.0,0.0,0.0
P2-IMA-M-v2,17,Anchor,1703ca22a1c39afeca05ffd0c12fe01606f41d5af81442d20102f130cc2ca491,M,0.0,0.0,0.0,anchor,ISIC_0011005,ISIC_0011005,2,0.0,0.0,0.0
P2-IMA-M-v2,17,Anchor,1703ca22a1c39afeca05ffd0c12fe01606f41d5af81442d20102f130cc2ca491,M,0.0,0.0,0.0,anchor,ISIC_0011100,ISIC_0011100,2,0.0,0.0,0.0
P2-IMA-M-v2,17,Anchor,1703ca22a1c39afeca05ffd0c12fe01606f41d5af81442d20102f130cc2ca491,M,0.0,0.0,0.0,anchor,ISIC_0011107,ISIC_0011107,3,0.0,0.0,0.0
P2-IMA-M-v2,17,Anchor,1703ca22a1c39afeca05ffd0c12fe01606f41d5af81442d20102f130cc2ca491,M,0.0,0.0,0.0,anchor,ISIC_0011110,ISIC_0011110,4,0.0,0.0,0.0
P2-IMA-M-v2,17,Anchor,1703ca22a1c39afeca05ffd0c12fe01606f41d5af81442d20102f130cc2ca491,M,0.0,0.0,0.0,anchor,ISIC_0011121,ISIC_0011121,2,0.0,0.0,0.0
P2-IMA-M-v2,17,Anchor,1703ca22a1c39afeca05ffd0c12fe01606f41d5af81442d20102f130cc2ca491,M,0.0,0.0,0.0,anchor,ISIC_0011155,ISIC_0011155,2,0.0,0.0,0.0
P2-IMA-M-v2,17,Anchor,1703ca22a1c39afeca05ffd0c12fe01606f41d5af81442d20102f130cc2ca491,M,0.0,0.0,0.0,anchor,ISIC_0011169,ISIC_0011169,2,0.0,0.0,0.0
P2-IMA-M-v2,17,Anchor,1703ca22a1c39afeca05ffd0c12fe01606f41d5af81442d20102f130cc2ca491,M,0.0,0.0,0.0,anchor,ISIC_0011321,ISIC_0011321,4,0.0,0.0,0.0
P2-IMA-M-v2,17,Anchor,1703ca22a1c39afeca05ffd0c12fe01606f41d5af81442d20102f130cc2ca491,M,0.0,0.0,0.0,anchor,ISIC_0011348,ISIC_0011348,2,0.0,0.0,0.0
P2-IMA-M-v2,17,Anchor,1703ca22a1c39afeca05ffd0c12fe01606f41d5af81442d20102f130cc2ca491,M,0.0,0.0,0.0,anchor,ISIC_0011349,ISIC_0011349,4,0.0,0.0,0.0
P2-IMA-M-v2,17,Anchor,1703ca22a1c39afeca05ffd0c12fe01606f41d5af81442d20102f130cc2ca491,M,0.0,0.0,0.0,anchor,ISIC_0011350,ISIC_0011350,2,0.0,0.0,0.0
P2-IMA-M-v2,17,Anchor,1703ca22a1c39afeca05ffd0c12fe01606f41d5af81442d20102f130cc2ca491,M,0.0,0.0,0.0,anchor,ISIC_0011355,ISIC_0011355,2,0.0,0.0,0.0
P2-IMA-M-v2,17,Anchor,1703ca22a1c39afeca05ffd0c12fe01606f41d5af81442d20102f130cc2ca491,M,0.0,0.0,0.0,anchor,ISIC_0011513,ISIC_0011512,2,0.0,0.0,0.0
P2-IMA-M-v2,17,Anchor,1703ca22a1c39afeca05ffd0c12fe01606f41d5af81442d20102f130cc2ca491,M,0.0,0.0,0.0,anchor,ISIC_0011575,ISIC_0011575,2,0.0,0.0,0.0
P2-IMA-M-v2,17,Anchor,1703ca22a1c39afeca05ffd0c12fe01606f41d5af81442d20102f130cc2ca491,M,0.0,0.0,0.0,anchor,ISIC_0011616,ISIC_0011613,2,0.0,0.0,0.0
P2-IMA-M-v2,17,Anchor,1703ca22a1c39afeca05ffd0c12fe01606f41d5af81442d20102f130cc2ca491,M,0.0,0.0,0.0,anchor,ISIC_0011759,ISIC_0011758,2,0.0,0.0,0.0
P2-IMA-M-v2,17,Anchor,1703ca22a1c39afeca05ffd0c12fe01606f41d5af81442d20102f130cc2ca491,M,0.0,0.0,0.0,anchor,ISIC_0011780,ISIC_0011780,2,0.0,0.0,0.0
P2-IMA-M-v2,17,Anchor,1703ca22a1c39afeca05ffd0c12fe01606f41d5af81442d20102f130cc2ca491,M,0.0,0.0,0.0,anchor,ISIC_0011881,ISIC_0011881,2,0.0,0.0,0.0
P2-IMA-M-v2,17,Anchor,1703ca22a1c39afeca05ffd0c12fe01606f41d5af81442d20102f130cc2ca491,M,0.0,0.0,0.0,anchor,ISIC_0012149,ISIC_0012149,2,0.0,0.0,0.0
P2-IMA-M-v2,17,Anchor,1703ca22a1c39afeca05ffd0c12fe01606f41d5af81442d20102f130cc2ca491,M,0.0,0.0,0.0,anchor,ISIC_0012191,ISIC_0012191,2,0.0,0.0,0.0
P2-IMA-M-v2,17,Anchor,1703ca22a1c39afeca05ffd0c12fe01606f41d5af81442d20102f130cc2ca491,M,0.0,0.0,0.0,anchor,ISIC_0012228,ISIC_0012228,2,0.0,0.0,0.0
P2-IMA-M-v2,17,Anchor,1703ca22a1c39afeca05ffd0c12fe01606f41d5af81442d20102f130cc2ca491,M,0.0,0.0,0.0,anchor,ISIC_0012261,ISIC_0012261,2,0.0,0.0,0.0
P2-IMA-M-v2,17,Anchor,1703ca22a1c39afeca05ffd0c12fe01606f41d5af81442d20102f130cc2ca491,M,0.0,0.0,0.0,anchor,ISIC_0012400,ISIC_0012400,2,0.0,0.0,0.0
P2-IMA-M-v2,17,Anchor,1703ca22a1c39afeca05ffd0c12fe01606f41d5af81442d20102f130cc2ca491,M,0.0,0.0,0.0,anchor,ISIC_0012481,ISIC_0012481,2,0.0,0.0,0.0
P2-IMA-M-v2,17,Anchor,1703ca22a1c39afeca05ffd0c12fe01606f41d5af81442d20102f130cc2ca491,M,0.0,0.0,0.0,anchor,ISIC_0012493,ISIC_0012493,2,0.0,0.0,0.0
P2-IMA-M-v2,17,Anchor,1703ca22a1c39afeca05ffd0c12fe01606f41d5af81442d20102f130cc2ca491,M,0.0,0.0,0.0,anchor,ISIC_0012623,ISIC_0012623,2,0.0,0.0,0.0
P2-IMA-M-v2,17,Anchor,1703ca22a1c39afeca05ffd0c12fe01606f41d5af81442d20102f130cc2ca491,M,0.0,0.0,0.0,anchor,ISIC_0012654,ISIC_0012654,2,0.0,0.0,0.0
P2-IMA-M-v2,17,Anchor,1703ca22a1c39afeca05ffd0c12fe01606f41d5af81442d20102f130cc2ca491,M,0.0,0.0,0.0,anchor,ISIC_0012671,ISIC_0012671,2,0.0,0.0,0.0
P2-IMA-M-v2,17,Anchor,1703ca22a1c39afeca05ffd0c12fe01606f41d5af81442d20102f130cc2ca491,M,0.0,0.0,0.0,anchor,ISIC_0012789,ISIC_0012789,2,0.0,0.0,0.0
P2-IMA-M-v2,17,Anchor,1703ca22a1c39afeca05ffd0c12fe01606f41d5af81442d20102f130cc2ca491,M,0.0,0.0,0.0,anchor,ISIC_0012806,ISIC_0012806,2,0.0,0.0,0.0
P2-IMA-M-v2,17,Anchor,1703ca22a1c39afeca05ffd0c12fe01606f41d5af81442d20102f130cc2ca491,M,0.0,0.0,0.0,anchor,ISIC_0013159,ISIC_0013159,2,0.0,0.0,0.0
P2-IMA-M-v2,17,Anchor,1703ca22a1c39afeca05ffd0c12fe01606f41d5af81442d20102f130cc2ca491,M,0.0,0.0,0.0,anchor,ISIC_0013196,ISIC_0013196,2,0.0,0.0,0.0
P2-IMA-M-v2,17,Anchor,1703ca22a1c39afeca05ffd0c12fe01606f41d5af81442d20102f130cc2ca491,M,0.0,0.0,0.0,anchor,ISIC_0013207,ISIC_0013207,2,0.0,0.0,0.0
P2-IMA-M-v2,17,Anchor,1703ca22a1c39afeca05ffd0c12fe01606f41d5af81442d20102f130cc2ca491,M,0.0,0.0,0.0,anchor,ISIC_0013216,ISIC_0013216,2,0.0,0.0,0.0
P2-IMA-M-v2,17,Anchor,1703ca22a1c39afeca05ffd0c12fe01606f41d5af81442d20102f130cc2ca491,M,0.0,0.0,0.0,anchor,ISIC_0013325,ISIC_0013325,2,0.0,0.0,0.0
P2-IMA-M-v2,17,Anchor,1703ca22a1c39afeca05ffd0c12fe01606f41d5af81442d20102f130cc2ca491,M,0.0,0.0,0.0,anchor,ISIC_0013411,ISIC_0013411,2,0.0,0.0,0.0
P2-IMA-M-v2,17,Anchor,1703ca22a1c39afeca05ffd0c12fe01606f41d5af81442d20102f130cc2ca491,M,0.0,0.0,0.0,anchor,ISIC_0013511,ISIC_0013511,2,0.0,0.0,0.0
P2-IMA-M-v2,17,Anchor,1703ca22a1c39afeca05ffd0c12fe01606f41d5af81442d20102f130cc2ca491,M,0.0,0.0,0.0,anchor,ISIC_0013573,ISIC_0013573,2,0.0,0.0,0.0
P2-IMA-M-v2,17,Anchor,1703ca22a1c39afeca05ffd0c12fe01606f41d5af81442d20102f130cc2ca491,M,0.0,0.0,0.0,anchor,ISIC_0013615,ISIC_0013615,2,0.0,0.0,0.0
P2-IMA-M-v2,17,Anchor,1703ca22a1c39afeca05ffd0c12fe01606f41d5af81442d20102f130cc2ca491,M,0.0,0.0,0.0,anchor,ISIC_0013651,ISIC_0013651,2,0.0,0.0,0.0
P2-IMA-M-v2,17,Anchor,1703ca22a1c39afeca05ffd0c12fe01606f41d5af81442d20102f130cc2ca491,M,0.0,0.0,0.0,anchor,ISIC_0013721,ISIC_0013721,2,0.0,0.0,0.0
P2-IMA-M-v2,17,Anchor,1703ca22a1c39afeca05ffd0c12fe01606f41d5af81442d20102f130cc2ca491,M,0.0,0.0,0.0,anchor,ISIC_0013733,ISIC_0013733,2,0.0,0.0,0.0
P2-IMA-M-v2,17,Anchor,1703ca22a1c39afeca05ffd0c12fe01606f41d5af81442d20102f130cc2ca491,M,0.0,0.0,0.0,anchor,ISIC_0013747,ISIC_0013747,2,0.0,0.0,0.0
P2-IMA-M-v2,17,Anchor,1703ca22a1c39afeca05ffd0c12fe01606f41d5af81442d20102f130cc2ca491,M,0.0,0.0,0.0,anchor,ISIC_0013766,ISIC_0013766,2,0.0,0.0,0.0
P2-IMA-M-v2,17,Anchor,1703ca22a1c39afeca05ffd0c12fe01606f41d5af81442d20102f130cc2ca491,M,0.0,0.0,0.0,anchor,ISIC_0013801,ISIC_0013801,2,0.0,0.0,0.0
P2-IMA-M-v2,17,Anchor,1703ca22a1c39afeca05ffd0c12fe01606f41d5af81442d20102f130cc2ca491,M,0.0,0.0,0.0,anchor,ISIC_0013814,ISIC_0013813,2,0.0,0.0,0.0
P2-IMA-M-v2,17,Anchor,1703ca22a1c39afeca05ffd0c12fe01606f41d5af81442d20102f130cc2ca491,M,0.0,0.0,0.0,anchor,ISIC_0013986,ISIC_0013986,2,0.0,0.0,0.0
P2-IMA-M-v2,17,Anchor,1703ca22a1c39afeca05ffd0c12fe01606f41d5af81442d20102f130cc2ca491,M,0.0,0.0,0.0,anchor,ISIC_0013998,ISIC_0013185,2,0.0,0.0,0.0
P2-IMA-M-v2,17,Anchor,1703ca22a1c39afeca05ffd0c12fe01606f41d5af81442d20102f130cc2ca491,M,0.0,0.0,0.0,anchor,ISIC_0014077,ISIC_0013626,2,0.0,0.0,0.0
P2-IMA-M-v2,17,Anchor,1703ca22a1c39afeca05ffd0c12fe01606f41d5af81442d20102f130cc2ca491,M,0.0,0.0,0.0,anchor,ISIC_0014151,ISIC_0014151,2,0.0,0.0,0.0
P2-IMA-M-v2,17,Anchor,1703ca22a1c39afeca05ffd0c12fe01606f41d5af81442d20102f130cc2ca491,M,0.0,0.0,0.0,anchor,ISIC_0014158,ISIC_0014158,2,0.0,0.0,0.0
P2-IMA-M-v2,17,Anchor,1703ca22a1c39afeca05ffd0c12fe01606f41d5af81442d20102f130cc2ca491,M,0.0,0.0,0.0,anchor,ISIC_0014225,ISIC_0014225,2,0.0,0.0,0.0
P2-IMA-M-v2,17,Anchor,1703ca22a1c39afeca05ffd0c12fe01606f41d5af81442d20102f130cc2ca491,M,0.0,0.0,0.0,anchor,ISIC_0014699,ISIC_0011454,2,0.0,0.0,0.0
P2-IMA-M-v2,17,Anchor,1703ca22a1c39afeca05ffd0c12fe01606f41d5af81442d20102f130cc2ca491,M,0.0,0.0,0.0,anchor,ISIC_0014768,ISIC_0011571,2,0.0,0.0,0.0
P2-IMA-M-v2,17,Anchor,1703ca22a1c39afeca05ffd0c12fe01606f41d5af81442d20102f130cc2ca491,M,0.0,0.0,0.0,anchor,ISIC_0014780,ISIC_0011607,2,0.0,0.0,0.0
P2-IMA-M-v2,17,Anchor,1703ca22a1c39afeca05ffd0c12fe01606f41d5af81442d20102f130cc2ca491,M,0.0,0.0,0.0,anchor,ISIC_0014800,ISIC_0011834,2,0.0,0.0,0.0
P2-IMA-M-v2,17,Anchor,1703ca22a1c39afeca05ffd0c12fe01606f41d5af81442d20102f130cc2ca491,M,0.0,0.0,0.0,anchor,ISIC_0014815,ISIC_0014815,2,0.0,0.0,0.0
P2-IMA-M-v2,17,Anchor,1703ca22a1c39afeca05ffd0c12fe01606f41d5af81442d20102f130cc2ca491,M,0.0,0.0,0.0,anchor,ISIC_0014867,ISIC_0011630,2,0.0,0.0,0.0
P2-IMA-M-v2,17,Anchor,1703ca22a1c39afeca05ffd0c12fe01606f41d5af81442d20102f130cc2ca491,M,0.0,0.0,0.0,anchor,ISIC_0014969,ISIC_0014969,2,0.0,0.0,0.0
P2-IMA-M-v2,17,Anchor,1703ca22a1c39afeca05ffd0c12fe01606f41d5af81442d20102f130cc2ca491,M,0.0,0.0,0.0,anchor,ISIC_0015089,ISIC_0014838,2,0.0,0.0,0.0
P2-IMA-M-v2,17,Anchor,1703ca22a1c39afeca05ffd0c12fe01606f41d5af81442d20102f130cc2ca491,M,0.0,0.0,0.0,anchor,ISIC_0015132,ISIC_0015132,2,0.0,0.0,0.0
P2-IMA-M-v2,17,Anchor,1703ca22a1c39afeca05ffd0c12fe01606f41d5af81442d20102f130cc2ca491,M,0.0,0.0,0.0,anchor,ISIC_0015146,ISIC_0015146,2,0.0,0.0,0.0
P2-IMA-M-v2,17,Anchor,1703ca22a1c39afeca05ffd0c12fe01606f41d5af81442d20102f130cc2ca491,M,0.0,0.0,0.0,anchor,ISIC_0015152,ISIC_0015152,2,0.0,0.0,0.0
P2-IMA-M-v2,17,Anchor,1703ca22a1c39afeca05ffd0c12fe01606f41d5af81442d20102f130cc2ca491,M,0.0,0.0,0.0,anchor,ISIC_0015160,ISIC_0011732,2,0.0,0.0,0.0
P2-IMA-M-v2,17,Anchor,1703ca22a1c39afeca05ffd0c12fe01606f41d5af81442d20102f130cc2ca491,M,0.0,0.0,0.0,anchor,ISIC_0015167,ISIC_0015167,2,0.0,0.0,0.0
P2-IMA-M-v2,17,Anchor,1703ca22a1c39afeca05ffd0c12fe01606f41d5af81442d20102f130cc2ca491,M,0.0,0.0,0.0,anchor,ISIC_0015176,ISIC_0015176,2,0.0,0.0,0.0
P2-IMA-M-v2,17,Anchor,1703ca22a1c39afeca05ffd0c12fe01606f41d5af81442d20102f130cc2ca491,M,0.0,0.0,0.0,anchor,ISIC_0015216,ISIC_0011559,2,0.0,0.0,0.0
P2-IMA-M-v2,17,Anchor,1703ca22a1c39afeca05ffd0c12fe01606f41d5af81442d20102f130cc2ca491,M,0.0,0.0,0.0,anchor,ISIC_0015245,ISIC_0011867,2,0.0,0.0,0.0
P2-IMA-M-v2,17,Anchor,1703ca22a1c39afeca05ffd0c12fe01606f41d5af81442d20102f130cc2ca491,M,0.0,0.0,0.0,anchor,ISIC_0015309,ISIC_0015309,2,0.0,0.0,0.0
P2-IMA-M-v2,17,Anchor,1703ca22a1c39afeca05ffd0c12fe01606f41d5af81442d20102f130cc2ca491,M,0.0,0.0,0.0,anchor,ISIC_0015311,ISIC_0000183,2,0.0,0.0,0.0
P2-IMA-M-v2,17,Anchor,1703ca22a1c39afeca05ffd0c12fe01606f41d5af81442d20102f130cc2ca491,M,0.0,0.0,0.0,anchor,ISIC_0015363,ISIC_0011841,2,0.0,0.0,0.0
P2-IMA-M-v2,17,Anchor,1703ca22a1c39afeca05ffd0c12fe01606f41d5af81442d20102f130cc2ca491,M,0.0,0.0,0.0,anchor,ISIC_0015436,ISIC_0000193,2,0.0,0.0,0.0
P2-IMA-M-v2,17,Anchor,1703ca22a1c39afeca05ffd0c12fe01606f41d5af81442d20102f130cc2ca491,M,0.0,0.0,0.0,anchor,ISIC_0015464,ISIC_0015464,2,0.0,0.0,0.0
P2-IMA-M-v2,17,Anchor,1703ca22a1c39afeca05ffd0c12fe01606f41d5af81442d20102f130cc2ca491,M,0.0,0.0,0.0,anchor,ISIC_0015502,ISIC_0015014,2,0.0,0.0,0.0
P2-IMA-M-v2,17,Anchor,1703ca22a1c39afeca05ffd0c12fe01606f41d5af81442d20102f130cc2ca491,M,0.0,0.0,0.0,anchor,ISIC_0015596,ISIC_0015595,3,0.0,0.0,0.0
P2-IMA-M-v2,17,Anchor,1703ca22a1c39afeca05ffd0c12fe01606f41d5af81442d20102f130cc2ca491,M,0.0,0.0,0.0,anchor,ISIC_0015631,ISIC_0015631,2,0.0,0.0,0.0
P2-IMA-M-v2,17,Anchor,1703ca22a1c39afeca05ffd0c12fe01606f41d5af81442d20102f130cc2ca491,M,0.0,0.0,0.0,anchor,ISIC_0015633,ISIC_0015633,2,0.0,0.0,0.0
P2-IMA-M-v2,17,Anchor,1703ca22a1c39afeca05ffd0c12fe01606f41d5af81442d20102f130cc2ca491,M,0.0,0.0,0.0,anchor,ISIC_0016804,ISIC_0016804,2,0.0,0.0,0.0
P2-IMA-M-v2,17,Anchor,1703ca22a1c39afeca05ffd0c12fe01606f41d5af81442d20102f130cc2ca491,M,0.0,0.0,0.0,anchor,ISIC_0017427,ISIC_0017427,2,0.0,0.0,0.0
P2-IMA-M-v2,17,Anchor,1703ca22a1c39afeca05ffd0c12fe01606f41d5af81442d20102f130cc2ca491,M,0.0,0.0,0.0,anchor,ISIC_0017891,ISIC_0017891,2,0.0,0.0,0.0
P2-IMA-M-v2,17,Anchor,1703ca22a1c39afeca05ffd0c12fe01606f41d5af81442d20102f130cc2ca491,M,0.0,0.0,0.0,anchor,ISIC_0019366,ISIC_0019364,3,0.0,0.0,0.0
P2-IMA-M-v2,17,Anchor,1703ca22a1c39afeca05ffd0c12fe01606f41d5af81442d20102f130cc2ca491,M,0.0,0.0,0.0,anchor,ISIC_0019545,ISIC_0019540,2,0.0,0.0,0.0
P2-IMA-M-v2,17,Anchor,1703ca22a1c39afeca05ffd0c12fe01606f41d5af81442d20102f130cc2ca491,M,0.0,0.0,0.0,anchor,ISIC_0019696,ISIC_0019695,3,0.0,0.0,0.0
P2-IMA-M-v2,17,Anchor,1703ca22a1c39afeca05ffd0c12fe01606f41d5af81442d20102f130cc2ca491,M,0.0,0.0,0.0,anchor,ISIC_0020226,ISIC_0020226,2,0.0,0.0,0.0
P2-IMA-M-v2,17,Anchor,1703ca22a1c39afeca05ffd0c12fe01606f41d5af81442d20102f130cc2ca491,M,0.0,0.0,0.0,anchor,ISIC_0020972,ISIC_0020972,2,0.0,0.0,0.0
P2-IMA-M-v2,17,Anchor,1703ca22a1c39afeca05ffd0c12fe01606f41d5af81442d20102f130cc2ca491,M,0.0,0.0,0.0,anchor,ISIC_0021448,ISIC_0021447,2,0.0,0.0,0.0
P2-IMA-M-v2,17,Anchor,1703ca22a1c39afeca05ffd0c12fe01606f41d5af81442d20102f130cc2ca491,M,0.0,0.0,0.0,anchor,ISIC_0021604,ISIC_0021604,2,0.0,0.0,0.0
P2-IMA-M-v2,17,Anchor,1703ca22a1c39afeca05ffd0c12fe01606f41d5af81442d20102f130cc2ca491,M,0.0,0.0,0.0,anchor,ISIC_0021711,ISIC_0021711,2,0.0,0.0,0.0
P2-IMA-M-v2,17,Anchor,1703ca22a1c39afeca05ffd0c12fe01606f41d5af81442d20102f130cc2ca491,M,0.0,0.0,0.0,anchor,ISIC_0021837,ISIC_0021837,2,0.0,0.0,0.0
P2-IMA-M-v2,17,Anchor,1703ca22a1c39afeca05ffd0c12fe01606f41d5af81442d20102f130cc2ca491,M,0.0,0.0,0.0,anchor,ISIC_0021932,ISIC_0021930,2,0.0,0.0,0.0
P2-IMA-M-v2,17,Anchor,1703ca22a1c39afeca05ffd0c12fe01606f41d5af81442d20102f130cc2ca491,M,0.0,0.0,0.0,anchor,ISIC_0021987,ISIC_0021987,2,0.0,0.0,0.0
P2-IMA-M-v2,17,Anchor,1703ca22a1c39afeca05ffd0c12fe01606f41d5af81442d20102f130cc2ca491,M,0.0,0.0,0.0,anchor,ISIC_0022313,ISIC_0022313,2,0.0,0.0,0.0
P2-IMA-M-v2,17,Anchor,1703ca22a1c39afeca05ffd0c12fe01606f41d5af81442d20102f130cc2ca491,M,0.0,0.0,0.0,anchor,ISIC_0022662,ISIC_0022662,2,0.0,0.0,0.0
P2-IMA-M-v2,17,Anchor,1703ca22a1c39afeca05ffd0c12fe01606f41d5af81442d20102f130cc2ca491,M,0.0,0.0,0.0,anchor,ISIC_0022663,ISIC_0022662,3,0.0,0.0,0.0
P2-IMA-M-v2,17,Anchor,1703ca22a1c39afeca05ffd0c12fe01606f41d5af81442d20102f130cc2ca491,M,0.0,0.0,0.0,anchor,ISIC_0023316,ISIC_0023298,3,0.0,0.0,0.0
P2-IMA-M-v2,17,Anchor,1703ca22a1c39afeca05ffd0c12fe01606f41d5af81442d20102f130cc2ca491,M,0.0,0.0,0.0,anchor,ISIC_0023381,ISIC_0023380,2,0.0,0.0,0.0
P2-IMA-M-v2,17,Anchor,1703ca22a1c39afeca05ffd0c12fe01606f41d5af81442d20102f130cc2ca491,M,0.0,0.0,0.0,anchor,ISIC_0023628,ISIC_0023625,3,0.0,0.0,0.0
P2-IMA-M-v2,17,Anchor,1703ca22a1c39afeca05ffd0c12fe01606f41d5af81442d20102f130cc2ca491,M,0.0,0.0,0.0,anchor,ISIC_0024104,ISIC_0024100,2,0.0,0.0,0.0
P2-IMA-M-v2,17,Anchor,1703ca22a1c39afeca05ffd0c12fe01606f41d5af81442d20102f130cc2ca491,M,0.0,0.0,0.0,anchor,ISIC_0036090,ISIC_0036090,3,0.0,0.0,0.0
P2-IMA-M-v2,17,Anchor,1703ca22a1c39afeca05ffd0c12fe01606f41d5af81442d20102f130cc2ca491,M,0.0,0.0,0.0,anchor,ISIC_0036152,ISIC_0036152,3,0.0,0.0,0.0
P2-IMA-M-v2,17,Anchor,1703ca22a1c39afeca05ffd0c12fe01606f41d5af81442d20102f130cc2ca491,M,0.0,0.0,0.0,anchor,ISIC_0036170,ISIC_0036170,3,0.0,0.0,0.0
P2-IMA-M-v2,17,Anchor,1703ca22a1c39afeca05ffd0c12fe01606f41d5af81442d20102f130cc2ca491,M,0.0,0.0,0.0,anchor,ISIC_0036180,ISIC_0036180,2,0.0,0.0,0.0
P2-IMA-M-v2,17,Anchor,1703ca22a1c39afeca05ffd0c12fe01606f41d5af81442d20102f130cc2ca491,M,0.0,0.0,0.0,anchor,ISIC_0036303,ISIC_0036303,2,0.0,0.0,0.0
P2-IMA-M-v2,17,Anchor,1703ca22a1c39afeca05ffd0c12fe01606f41d5af81442d20102f130cc2ca491,M,0.0,0.0,0.0,anchor,ISIC_0036325,ISIC_0022342,3,0.0,0.0,0.0
P2-IMA-M-v2,17,B,1703ca22a1c39afeca05ffd0c12fe01606f41d5af81442d20102f130cc2ca491,H,1.0,0.0,1.0,b,ISIC_0000289,ISIC_0000289,3,0.49440517965768366,1.1651034029163552,0.019463857014973957
P2-IMA-M-v2,17,B,1703ca22a1c39afeca05ffd0c12fe01606f41d5af81442d20102f130cc2ca491,H,1.0,0.0,1.0,b,ISIC_0000547,ISIC_0000547,2,0.5960170293042716,1.8021729273069729,0.06279622452975411
P2-IMA-M-v2,17,B,1703ca22a1c39afeca05ffd0c12fe01606f41d5af81442d20102f130cc2ca491,H,1.0,0.0,1.0,b,ISIC_0002412,ISIC_0002412,2,0.43892448876525686,2.924505238058991,0.008374636505836903
P2-IMA-M-v2,17,B,1703ca22a1c39afeca05ffd0c12fe01606f41d5af81442d20102f130cc2ca491,H,1.0,0.0,1.0,b,ISIC_0003185,ISIC_0003185,2,0.6294113367282068,0.7264021191422997,0.003060994845469052
P2-IMA-M-v2,17,B,1703ca22a1c39afeca05ffd0c12fe01606f41d5af81442d20102f130cc2ca491,H,1.0,0.0,1.0,b,ISIC_0004110,ISIC_0004110,2,0.49456445880039174,1.261090914026054,0.010963548227933148
P2-IMA-M-v2,17,B,1703ca22a1c39afeca05ffd0c12fe01606f41d5af81442d20102f130cc2ca491,H,1.0,0.0,1.0,b,ISIC_0005842,ISIC_0005842,2,0.332058839235856,0.6147325246123426,0.00032166608927521625
P2-IMA-M-v2,17,B,1703ca22a1c39afeca05ffd0c12fe01606f41d5af81442d20102f130cc2ca491,H,1.0,0.0,1.0,b,ISIC_0009942,ISIC_0009942,2,0.688186390097889,1.0617193493338157,0.025447845458984375
P2-IMA-M-v2,17,B,1703ca22a1c39afeca05ffd0c12fe01606f41d5af81442d20102f130cc2ca491,H,1.0,0.0,1.0,b,ISIC_0010175,ISIC_0010175,4,0.526694031964628,0.5363057839656431,0.010576883951822916
P2-IMA-M-v2,17,B,1703ca22a1c39afeca05ffd0c12fe01606f41d5af81442d20102f130cc2ca491,H,1.0,0.0,1.0,b,ISIC_0010190,ISIC_0010190,3,0.5934120810334899,0.3874409692597743,0.006345113118489583
P2-IMA-M-v2,17,B,1703ca22a1c39afeca05ffd0c12fe01606f41d5af81442d20102f130cc2ca491,H,1.0,0.0,1.0,b,ISIC_0010479,ISIC_0010479,2,0.4480720776761756,0.8027186242841814,0.016208648681640625
P2-IMA-M-v2,17,B,1703ca22a1c39afeca05ffd0c12fe01606f41d5af81442d20102f130cc2ca491,H,1.0,0.0,1.0,b,ISIC_0010596,ISIC_0010596,3,0.5183918787975709,0.9807881066369483,0.030175526936848957
P2-IMA-M-v2,17,B,1703ca22a1c39afeca05ffd0c12fe01606f41d5af81442d20102f130cc2ca491,H,1.0,0.0,1.0,b,ISIC_0011107,ISIC_0011107,3,0.4288660294087568,1.3076581050267673,0.0177764892578125
P2-IMA-M-v2,17,B,1703ca22a1c39afeca05ffd0c12fe01606f41d5af81442d20102f130cc2ca491,H,1.0,0.0,1.0,b,ISIC_0011110,ISIC_0011110,3,0.7596897105520468,0.8818936116184802,0.002239227294921875
P2-IMA-M-v2,17,B,1703ca22a1c39afeca05ffd0c12fe01606f41d5af81442d20102f130cc2ca491,H,1.0,0.0,1.0,b,ISIC_0011121,ISIC_0011121,2,0.6124621018323482,0.9359820789528956,0.019677480061848957
P2-IMA-M-v2,17,B,1703ca22a1c39afeca05ffd0c12fe01606f41d5af81442d20102f130cc2ca491,H,1.0,0.0,1.0,b,ISIC_0011169,ISIC_0011169,2,0.49577942820575116,1.0983177217917377,0.034434000651041664
P2-IMA-M-v2,17,B,1703ca22a1c39afeca05ffd0c12fe01606f41d5af81442d20102f130cc2ca491,H,1.0,0.0,1.0,b,ISIC_0011349,ISIC_0011349,4,0.5083432042692386,1.6006731020343687,0.13040669759114584
P2-IMA-M-v2,17,B,1703ca22a1c39afeca05ffd0c12fe01606f41d5af81442d20102f130cc2ca491,H,1.0,0.0,1.0,b,ISIC_0011350,ISIC_0011350,2,0.5488062088860867,0.5689459990168293,0.020294189453125
P2-IMA-M-v2,17,B,1703ca22a1c39afeca05ffd0c12fe01606f41d5af81442d20102f130cc2ca491,H,1.0,0.0,1.0,b,ISIC_0012149,ISIC_0012149,2,0.4377535452458094,0.99313250761727,0.003537566489361702
P2-IMA-M-v2,17,B,1703ca22a1c39afeca05ffd0c12fe01606f41d5af81442d20102f130cc2ca491,H,1.0,0.0,1.0,b,ISIC_0012191,ISIC_0012191,2,0.6046062640766608,1.2716212699331864,0.0005611702127659575
P2-IMA-M-v2,17,B,1703ca22a1c39afeca05ffd0c12fe01606f41d5af81442d20102f130cc2ca491,H,1.0,0.0,1.0,b,ISIC_0012228,ISIC_0012228,2,0.615763040224598,0.9143316969681553,0.0008801017734361899
P2-IMA-M-v2,17,B,1703ca22a1c39afeca05ffd0c12fe01606f41d5af81442d20102f130cc2ca491,H,1.0,0.0,1.0,b,ISIC_0012261,ISIC_0012261,2,0.43729802562790554,1.1322905213125725,0.0019932487317625355
P2-IMA-M-v2,17,B,1703ca22a1c39afeca05ffd0c12fe01606f41d5af81442d20102f130cc2ca491,H,1.0,0.0,1.0,b,ISIC_0012400,ISIC_0012400,2,0.7450145721792811,1.4705816842691046,0.005318605358041254
P2-IMA-M-v2,17,B,1703ca22a1c39afeca05ffd0c12fe01606f41d5af81442d20102f130cc2ca491,H,1.0,0.0,1.0,b,ISIC_0012623,ISIC_0012623,2,0.4822737912098605,2.405074769928657,0.06086858113606771
P2-IMA-M-v2,17,B,1703ca22a1c39afeca05ffd0c12fe01606f41d5af81442d20102f130cc2ca491,H,1.0,0.0,1.0,b,ISIC_0012806,ISIC_0012806,2,0.5568970818695165,3.4630657583234163,0.023600609153402716
P2-IMA-M-v2,17,B,1703ca22a1c39afeca05ffd0c12fe01606f41d5af81442d20102f130cc2ca491,H,1.0,0.0,1.0,b,ISIC_0013159,ISIC_0013159,2,0.519188758472509,3.072877104563034,0.033960780468829714
P2-IMA-M-v2,17,B,1703ca22a1c39afeca05ffd0c12fe01606f41d5af81442d20102f130cc2ca491,H,1.0,0.0,1.0,b,ISIC_0013196,ISIC_0013196,2,0.35213815518141833,0.9041798795659618,0.00017835771276595745
P2-IMA-M-v2,17,B,1703ca22a1c39afeca05ffd0c12fe01606f41d5af81442d20102f130cc2ca491,H,1.0,0.0,1.0,b,ISIC_0013207,ISIC_0013207,2,0.4283050053776721,2.8923278158462264,0.018988364361702127
P2-IMA-M-v2,17,B,1703ca22a1c39afeca05ffd0c12fe01606f41d5af81442d20102f130cc2ca491,H,1.0,0.0,1.0,b,ISIC_0013651,ISIC_0013651,2,0.5052845417860026,2.07964192165133,0.008388234608208955
P2-IMA-M-v2,17,B,1703ca22a1c39afeca05ffd0c12fe01606f41d5af81442d20102f130cc2ca491,H,1.0,0.0,1.0,b,ISIC_0013721,ISIC_0013721,2,0.5268924613447435,3.4392089128138648,0.006694813829787234
P2-IMA-M-v2,17,B,1703ca22a1c39afeca05ffd0c12fe01606f41d5af81442d20102f130cc2ca491,H,1.0,0.0,1.0,b,ISIC_0013747,ISIC_0013747,2,0.633827669868755,1.4046485363543024,0.013706184884915311
P2-IMA-M-v2,17,B,1703ca22a1c39afeca05ffd0c12fe01606f41d5af81442d20102f130cc2ca491,H,1.0,0.0,1.0,b,ISIC_0013986,ISIC_0013986,2,0.5340144469011187,2.5545667773277416,0.029968085106382977
P2-IMA-M-v2,17,B,1703ca22a1c39afeca05ffd0c12fe01606f41d5af81442d20102f130cc2ca491,H,1.0,0.0,1.0,b,ISIC_0014151,ISIC_0014151,2,0.7107361992721581,2.3695199667774784,0.011977670897618649
P2-IMA-M-v2,17,B,1703ca22a1c39afeca05ffd0c12fe01606f41d5af81442d20102f130cc2ca491,H,1.0,0.0,1.0,b,ISIC_0014699,ISIC_0011454,2,0.6636750301401265,1.150314540077888,0.013747808820858251
P2-IMA-M-v2,17,B,1703ca22a1c39afeca05ffd0c12fe01606f41d5af81442d20102f130cc2ca491,H,1.0,0.0,1.0,b,ISIC_0015502,ISIC_0015014,2,0.5501448234365869,0.45872443842945443,0.006212243279294726
P2-IMA-M-v2,17,B,1703ca22a1c39afeca05ffd0c12fe01606f41d5af81442d20102f130cc2ca491,H,1.0,0.0,1.0,b,ISIC_0015633,ISIC_0015633,2,0.41270703172209844,1.1050476690196491,0.003324992149881245
P2-IMA-M-v2,17,B,1703ca22a1c39afeca05ffd0c12fe01606f41d5af81442d20102f130cc2ca491,H,1.0,0.0,1.0,b,ISIC_0016804,ISIC_0016804,2,0.6891101833570024,1.1520141062407676,0.00404296875
P2-IMA-M-v2,17,B,1703ca22a1c39afeca05ffd0c12fe01606f41d5af81442d20102f130cc2ca491,H,1.0,0.0,1.0,b,ISIC_0017427,ISIC_0017427,2,0.5274198486843511,0.7772947888688524,0.04133138020833333
P2-IMA-M-v2,17,B,1703ca22a1c39afeca05ffd0c12fe01606f41d5af81442d20102f130cc2ca491,H,1.0,0.0,1.0,b,ISIC_0017891,ISIC_0017891,2,0.6698709339167845,0.7362238013989132,0.00845703125
P2-IMA-M-v2,17,B,1703ca22a1c39afeca05ffd0c12fe01606f41d5af81442d20102f130cc2ca491,H,1.0,0.0,1.0,b,ISIC_0019545,ISIC_0019540,2,0.8507944191716589,2.085037400664486,0.010296223958333333
P2-IMA-M-v2,17,B,1703ca22a1c39afeca05ffd0c12fe01606f41d5af81442d20102f130cc2ca491,H,1.0,0.0,1.0,b,ISIC_0019696,ISIC_0019695,2,0.46114431837426423,1.7379383318532693,0.047548828125
P2-IMA-M-v2,17,B,1703ca22a1c39afeca05ffd0c12fe01606f41d5af81442d20102f130cc2ca491,H,1.0,0.0,1.0,b,ISIC_0020226,ISIC_0020226,2,0.5453459250496252,2.57436582950698,0.025423177083333335
P2-IMA-M-v2,17,B,1703ca22a1c39afeca05ffd0c12fe01606f41d5af81442d20102f130cc2ca491,H,1.0,0.0,1.0,b,ISIC_0021448,ISIC_0021447,2,0.5316588504685344,1.9472134967831085,0.02883218835901331
P2-IMA-M-v2,17,B,1703ca22a1c39afeca05ffd0c12fe01606f41d5af81442d20102f130cc2ca491,H,1.0,0.0,1.0,b,ISIC_0021837,ISIC_0021837,2,0.3426493650045595,3.7213222889958013,0.008500982213903356
P2-IMA-M-v2,17,B,1703ca22a1c39afeca05ffd0c12fe01606f41d5af81442d20102f130cc2ca491,H,1.0,0.0,1.0,b,ISIC_0021932,ISIC_0021930,2,0.43643425179879825,1.0009255590727355,0.00418373390480324
P2-IMA-M-v2,17,B,1703ca22a1c39afeca05ffd0c12fe01606f41d5af81442d20102f130cc2ca491,H,1.0,0.0,1.0,b,ISIC_0022662,ISIC_0022662,2,0.4292198083436747,1.6633850376721833,0.07500729357973676
P2-IMA-M-v2,17,B,1703ca22a1c39afeca05ffd0c12fe01606f41d5af81442d20102f130cc2ca491,H,1.0,0.0,1.0,b,ISIC_0023628,ISIC_0023625,3,0.5645901860710373,2.2992588111015033,0.005772343388310185
P2-IMA-M-v2,17,B,1703ca22a1c39afeca05ffd0c12fe01606f41d5af81442d20102f130cc2ca491,H,1.0,0.0,1.0,b,ISIC_0036170,ISIC_0036170,2,0.3956857055795144,1.3039647530501441,0.0011414421929253472
P2-IMA-M-v2,17,Anchor,1703ca22a1c39afeca05ffd0c12fe01606f41d5af81442d20102f130cc2ca491,H,0.0,0.0,0.0,anchor,ISIC_0000289,ISIC_0000289,3,0.0,0.0,0.0
P2-IMA-M-v2,17,Anchor,1703ca22a1c39afeca05ffd0c12fe01606f41d5af81442d20102f130cc2ca491,H,0.0,0.0,0.0,anchor,ISIC_0000547,ISIC_0000547,2,0.0,0.0,0.0
P2-IMA-M-v2,17,Anchor,1703ca22a1c39afeca05ffd0c12fe01606f41d5af81442d20102f130cc2ca491,H,0.0,0.0,0.0,anchor,ISIC_0002412,ISIC_0002412,2,0.0,0.0,0.0
P2-IMA-M-v2,17,Anchor,1703ca22a1c39afeca05ffd0c12fe01606f41d5af81442d20102f130cc2ca491,H,0.0,0.0,0.0,anchor,ISIC_0003185,ISIC_0003185,2,0.0,0.0,0.0
P2-IMA-M-v2,17,Anchor,1703ca22a1c39afeca05ffd0c12fe01606f41d5af81442d20102f130cc2ca491,H,0.0,0.0,0.0,anchor,ISIC_0004110,ISIC_0004110,2,0.0,0.0,0.0
P2-IMA-M-v2,17,Anchor,1703ca22a1c39afeca05ffd0c12fe01606f41d5af81442d20102f130cc2ca491,H,0.0,0.0,0.0,anchor,ISIC_0005842,ISIC_0005842,2,0.0,0.0,0.0
P2-IMA-M-v2,17,Anchor,1703ca22a1c39afeca05ffd0c12fe01606f41d5af81442d20102f130cc2ca491,H,0.0,0.0,0.0,anchor,ISIC_0009942,ISIC_0009942,2,0.0,0.0,0.0
P2-IMA-M-v2,17,Anchor,1703ca22a1c39afeca05ffd0c12fe01606f41d5af81442d20102f130cc2ca491,H,0.0,0.0,0.0,anchor,ISIC_0010175,ISIC_0010175,4,0.0,0.0,0.0
P2-IMA-M-v2,17,Anchor,1703ca22a1c39afeca05ffd0c12fe01606f41d5af81442d20102f130cc2ca491,H,0.0,0.0,0.0,anchor,ISIC_0010190,ISIC_0010190,3,0.0,0.0,0.0
P2-IMA-M-v2,17,Anchor,1703ca22a1c39afeca05ffd0c12fe01606f41d5af81442d20102f130cc2ca491,H,0.0,0.0,0.0,anchor,ISIC_0010479,ISIC_0010479,2,0.0,0.0,0.0
P2-IMA-M-v2,17,Anchor,1703ca22a1c39afeca05ffd0c12fe01606f41d5af81442d20102f130cc2ca491,H,0.0,0.0,0.0,anchor,ISIC_0010596,ISIC_0010596,3,0.0,0.0,0.0
P2-IMA-M-v2,17,Anchor,1703ca22a1c39afeca05ffd0c12fe01606f41d5af81442d20102f130cc2ca491,H,0.0,0.0,0.0,anchor,ISIC_0011107,ISIC_0011107,3,0.0,0.0,0.0
P2-IMA-M-v2,17,Anchor,1703ca22a1c39afeca05ffd0c12fe01606f41d5af81442d20102f130cc2ca491,H,0.0,0.0,0.0,anchor,ISIC_0011110,ISIC_0011110,3,0.0,0.0,0.0
P2-IMA-M-v2,17,Anchor,1703ca22a1c39afeca05ffd0c12fe01606f41d5af81442d20102f130cc2ca491,H,0.0,0.0,0.0,anchor,ISIC_0011121,ISIC_0011121,2,0.0,0.0,0.0
P2-IMA-M-v2,17,Anchor,1703ca22a1c39afeca05ffd0c12fe01606f41d5af81442d20102f130cc2ca491,H,0.0,0.0,0.0,anchor,ISIC_0011169,ISIC_0011169,2,0.0,0.0,0.0
P2-IMA-M-v2,17,Anchor,1703ca22a1c39afeca05ffd0c12fe01606f41d5af81442d20102f130cc2ca491,H,0.0,0.0,0.0,anchor,ISIC_0011349,ISIC_0011349,4,0.0,0.0,0.0
P2-IMA-M-v2,17,Anchor,1703ca22a1c39afeca05ffd0c12fe01606f41d5af81442d20102f130cc2ca491,H,0.0,0.0,0.0,anchor,ISIC_0011350,ISIC_0011350,2,0.0,0.0,0.0
P2-IMA-M-v2,17,Anchor,1703ca22a1c39afeca05ffd0c12fe01606f41d5af81442d20102f130cc2ca491,H,0.0,0.0,0.0,anchor,ISIC_0012149,ISIC_0012149,2,0.0,0.0,0.0
P2-IMA-M-v2,17,Anchor,1703ca22a1c39afeca05ffd0c12fe01606f41d5af81442d20102f130cc2ca491,H,0.0,0.0,0.0,anchor,ISIC_0012191,ISIC_0012191,2,0.0,0.0,0.0
P2-IMA-M-v2,17,Anchor,1703ca22a1c39afeca05ffd0c12fe01606f41d5af81442d20102f130cc2ca491,H,0.0,0.0,0.0,anchor,ISIC_0012228,ISIC_0012228,2,0.0,0.0,0.0
P2-IMA-M-v2,17,Anchor,1703ca22a1c39afeca05ffd0c12fe01606f41d5af81442d20102f130cc2ca491,H,0.0,0.0,0.0,anchor,ISIC_0012261,ISIC_0012261,2,0.0,0.0,0.0
P2-IMA-M-v2,17,Anchor,1703ca22a1c39afeca05ffd0c12fe01606f41d5af81442d20102f130cc2ca491,H,0.0,0.0,0.0,anchor,ISIC_0012400,ISIC_0012400,2,0.0,0.0,0.0
P2-IMA-M-v2,17,Anchor,1703ca22a1c39afeca05ffd0c12fe01606f41d5af81442d20102f130cc2ca491,H,0.0,0.0,0.0,anchor,ISIC_0012623,ISIC_0012623,2,0.0,0.0,0.0
P2-IMA-M-v2,17,Anchor,1703ca22a1c39afeca05ffd0c12fe01606f41d5af81442d20102f130cc2ca491,H,0.0,0.0,0.0,anchor,ISIC_0012806,ISIC_0012806,2,0.0,0.0,0.0
P2-IMA-M-v2,17,Anchor,1703ca22a1c39afeca05ffd0c12fe01606f41d5af81442d20102f130cc2ca491,H,0.0,0.0,0.0,anchor,ISIC_0013159,ISIC_0013159,2,0.0,0.0,0.0
P2-IMA-M-v2,17,Anchor,1703ca22a1c39afeca05ffd0c12fe01606f41d5af81442d20102f130cc2ca491,H,0.0,0.0,0.0,anchor,ISIC_0013196,ISIC_0013196,2,0.0,0.0,0.0
P2-IMA-M-v2,17,Anchor,1703ca22a1c39afeca05ffd0c12fe01606f41d5af81442d20102f130cc2ca491,H,0.0,0.0,0.0,anchor,ISIC_0013207,ISIC_0013207,2,0.0,0.0,0.0
P2-IMA-M-v2,17,Anchor,1703ca22a1c39afeca05ffd0c12fe01606f41d5af81442d20102f130cc2ca491,H,0.0,0.0,0.0,anchor,ISIC_0013651,ISIC_0013651,2,0.0,0.0,0.0
P2-IMA-M-v2,17,Anchor,1703ca22a1c39afeca05ffd0c12fe01606f41d5af81442d20102f130cc2ca491,H,0.0,0.0,0.0,anchor,ISIC_0013721,ISIC_0013721,2,0.0,0.0,0.0
P2-IMA-M-v2,17,Anchor,1703ca22a1c39afeca05ffd0c12fe01606f41d5af81442d20102f130cc2ca491,H,0.0,0.0,0.0,anchor,ISIC_0013747,ISIC_0013747,2,0.0,0.0,0.0
P2-IMA-M-v2,17,Anchor,1703ca22a1c39afeca05ffd0c12fe01606f41d5af81442d20102f130cc2ca491,H,0.0,0.0,0.0,anchor,ISIC_0013986,ISIC_0013986,2,0.0,0.0,0.0
P2-IMA-M-v2,17,Anchor,1703ca22a1c39afeca05ffd0c12fe01606f41d5af81442d20102f130cc2ca491,H,0.0,0.0,0.0,anchor,ISIC_0014151,ISIC_0014151,2,0.0,0.0,0.0
P2-IMA-M-v2,17,Anchor,1703ca22a1c39afeca05ffd0c12fe01606f41d5af81442d20102f130cc2ca491,H,0.0,0.0,0.0,anchor,ISIC_0014699,ISIC_0011454,2,0.0,0.0,0.0
P2-IMA-M-v2,17,Anchor,1703ca22a1c39afeca05ffd0c12fe01606f41d5af81442d20102f130cc2ca491,H,0.0,0.0,0.0,anchor,ISIC_0015502,ISIC_0015014,2,0.0,0.0,0.0
P2-IMA-M-v2,17,Anchor,1703ca22a1c39afeca05ffd0c12fe01606f41d5af81442d20102f130cc2ca491,H,0.0,0.0,0.0,anchor,ISIC_0015633,ISIC_0015633,2,0.0,0.0,0.0
P2-IMA-M-v2,17,Anchor,1703ca22a1c39afeca05ffd0c12fe01606f41d5af81442d20102f130cc2ca491,H,0.0,0.0,0.0,anchor,ISIC_0016804,ISIC_0016804,2,0.0,0.0,0.0
P2-IMA-M-v2,17,Anchor,1703ca22a1c39afeca05ffd0c12fe01606f41d5af81442d20102f130cc2ca491,H,0.0,0.0,0.0,anchor,ISIC_0017427,ISIC_0017427,2,0.0,0.0,0.0
P2-IMA-M-v2,17,Anchor,1703ca22a1c39afeca05ffd0c12fe01606f41d5af81442d20102f130cc2ca491,H,0.0,0.0,0.0,anchor,ISIC_0017891,ISIC_0017891,2,0.0,0.0,0.0
P2-IMA-M-v2,17,Anchor,1703ca22a1c39afeca05ffd0c12fe01606f41d5af81442d20102f130cc2ca491,H,0.0,0.0,0.0,anchor,ISIC_0019545,ISIC_0019540,2,0.0,0.0,0.0
P2-IMA-M-v2,17,Anchor,1703ca22a1c39afeca05ffd0c12fe01606f41d5af81442d20102f130cc2ca491,H,0.0,0.0,0.0,anchor,ISIC_0019696,ISIC_0019695,2,0.0,0.0,0.0
P2-IMA-M-v2,17,Anchor,1703ca22a1c39afeca05ffd0c12fe01606f41d5af81442d20102f130cc2ca491,H,0.0,0.0,0.0,anchor,ISIC_0020226,ISIC_0020226,2,0.0,0.0,0.0
P2-IMA-M-v2,17,Anchor,1703ca22a1c39afeca05ffd0c12fe01606f41d5af81442d20102f130cc2ca491,H,0.0,0.0,0.0,anchor,ISIC_0021448,ISIC_0021447,2,0.0,0.0,0.0
P2-IMA-M-v2,17,Anchor,1703ca22a1c39afeca05ffd0c12fe01606f41d5af81442d20102f130cc2ca491,H,0.0,0.0,0.0,anchor,ISIC_0021837,ISIC_0021837,2,0.0,0.0,0.0
P2-IMA-M-v2,17,Anchor,1703ca22a1c39afeca05ffd0c12fe01606f41d5af81442d20102f130cc2ca491,H,0.0,0.0,0.0,anchor,ISIC_0021932,ISIC_0021930,2,0.0,0.0,0.0
P2-IMA-M-v2,17,Anchor,1703ca22a1c39afeca05ffd0c12fe01606f41d5af81442d20102f130cc2ca491,H,0.0,0.0,0.0,anchor,ISIC_0022662,ISIC_0022662,2,0.0,0.0,0.0
P2-IMA-M-v2,17,Anchor,1703ca22a1c39afeca05ffd0c12fe01606f41d5af81442d20102f130cc2ca491,H,0.0,0.0,0.0,anchor,ISIC_0023628,ISIC_0023625,3,0.0,0.0,0.0
P2-IMA-M-v2,17,Anchor,1703ca22a1c39afeca05ffd0c12fe01606f41d5af81442d20102f130cc2ca491,H,0.0,0.0,0.0,anchor,ISIC_0036170,ISIC_0036170,2,0.0,0.0,0.0
P2-IMA-M-v2,17,B,1703ca22a1c39afeca05ffd0c12fe01606f41d5af81442d20102f130cc2ca491,T1,1.0,0.0,1.0,b,ISIC_0000289,ISIC_0000289,3,0.49440517965768366,1.1651034029163552,0.019463857014973957
P2-IMA-M-v2,17,B,1703ca22a1c39afeca05ffd0c12fe01606f41d5af81442d20102f130cc2ca491,T1,1.0,0.0,1.0,b,ISIC_0000547,ISIC_0000547,2,0.5960170293042716,1.8021729273069729,0.06279622452975411
P2-IMA-M-v2,17,B,1703ca22a1c39afeca05ffd0c12fe01606f41d5af81442d20102f130cc2ca491,T1,1.0,0.0,1.0,b,ISIC_0002412,ISIC_0002412,2,0.43892448876525686,2.924505238058991,0.008374636505836903
P2-IMA-M-v2,17,B,1703ca22a1c39afeca05ffd0c12fe01606f41d5af81442d20102f130cc2ca491,T1,1.0,0.0,1.0,b,ISIC_0003185,ISIC_0003185,2,0.6294113367282068,0.7264021191422997,0.003060994845469052
P2-IMA-M-v2,17,B,1703ca22a1c39afeca05ffd0c12fe01606f41d5af81442d20102f130cc2ca491,T1,1.0,0.0,1.0,b,ISIC_0004110,ISIC_0004110,2,0.49456445880039174,1.261090914026054,0.010963548227933148
P2-IMA-M-v2,17,B,1703ca22a1c39afeca05ffd0c12fe01606f41d5af81442d20102f130cc2ca491,T1,1.0,0.0,1.0,b,ISIC_0005842,ISIC_0005842,2,0.332058839235856,0.6147325246123426,0.00032166608927521625
P2-IMA-M-v2,17,B,1703ca22a1c39afeca05ffd0c12fe01606f41d5af81442d20102f130cc2ca491,T1,1.0,0.0,1.0,b,ISIC_0009942,ISIC_0009942,2,0.688186390097889,1.0617193493338157,0.025447845458984375
P2-IMA-M-v2,17,B,1703ca22a1c39afeca05ffd0c12fe01606f41d5af81442d20102f130cc2ca491,T1,1.0,0.0,1.0,b,ISIC_0010175,ISIC_0010175,4,0.526694031964628,0.5363057839656431,0.010576883951822916
P2-IMA-M-v2,17,B,1703ca22a1c39afeca05ffd0c12fe01606f41d5af81442d20102f130cc2ca491,T1,1.0,0.0,1.0,b,ISIC_0010190,ISIC_0010190,3,0.5934120810334899,0.3874409692597743,0.006345113118489583
P2-IMA-M-v2,17,B,1703ca22a1c39afeca05ffd0c12fe01606f41d5af81442d20102f130cc2ca491,T1,1.0,0.0,1.0,b,ISIC_0010479,ISIC_0010479,2,0.4480720776761756,0.8027186242841814,0.016208648681640625
P2-IMA-M-v2,17,B,1703ca22a1c39afeca05ffd0c12fe01606f41d5af81442d20102f130cc2ca491,T1,1.0,0.0,1.0,b,ISIC_0010596,ISIC_0010596,3,0.5183918787975709,0.9807881066369483,0.030175526936848957
P2-IMA-M-v2,17,B,1703ca22a1c39afeca05ffd0c12fe01606f41d5af81442d20102f130cc2ca491,T1,1.0,0.0,1.0,b,ISIC_0011107,ISIC_0011107,3,0.4288660294087568,1.3076581050267673,0.0177764892578125
P2-IMA-M-v2,17,B,1703ca22a1c39afeca05ffd0c12fe01606f41d5af81442d20102f130cc2ca491,T1,1.0,0.0,1.0,b,ISIC_0011110,ISIC_0011110,3,0.7596897105520468,0.8818936116184802,0.002239227294921875
P2-IMA-M-v2,17,B,1703ca22a1c39afeca05ffd0c12fe01606f41d5af81442d20102f130cc2ca491,T1,1.0,0.0,1.0,b,ISIC_0011121,ISIC_0011121,2,0.6124621018323482,0.9359820789528956,0.019677480061848957
P2-IMA-M-v2,17,B,1703ca22a1c39afeca05ffd0c12fe01606f41d5af81442d20102f130cc2ca491,T1,1.0,0.0,1.0,b,ISIC_0011169,ISIC_0011169,2,0.49577942820575116,1.0983177217917377,0.034434000651041664
P2-IMA-M-v2,17,B,1703ca22a1c39afeca05ffd0c12fe01606f41d5af81442d20102f130cc2ca491,T1,1.0,0.0,1.0,b,ISIC_0011349,ISIC_0011349,4,0.5083432042692386,1.6006731020343687,0.13040669759114584
P2-IMA-M-v2,17,B,1703ca22a1c39afeca05ffd0c12fe01606f41d5af81442d20102f130cc2ca491,T1,1.0,0.0,1.0,b,ISIC_0011350,ISIC_0011350,2,0.5488062088860867,0.5689459990168293,0.020294189453125
P2-IMA-M-v2,17,B,1703ca22a1c39afeca05ffd0c12fe01606f41d5af81442d20102f130cc2ca491,T1,1.0,0.0,1.0,b,ISIC_0019696,ISIC_0019695,2,0.46114431837426423,1.7379383318532693,0.047548828125
P2-IMA-M-v2,17,B,1703ca22a1c39afeca05ffd0c12fe01606f41d5af81442d20102f130cc2ca491,T1,1.0,0.0,1.0,b,ISIC_0023628,ISIC_0023625,2,0.5645901860710373,2.2992588111015033,0.005772343388310185
P2-IMA-M-v2,17,B,1703ca22a1c39afeca05ffd0c12fe01606f41d5af81442d20102f130cc2ca491,T1,1.0,0.0,1.0,b,ISIC_0036170,ISIC_0036170,2,0.3956857055795144,1.3039647530501441,0.0011414421929253472
P2-IMA-M-v2,17,Anchor,1703ca22a1c39afeca05ffd0c12fe01606f41d5af81442d20102f130cc2ca491,T1,0.0,0.0,0.0,anchor,ISIC_0000289,ISIC_0000289,3,0.0,0.0,0.0
P2-IMA-M-v2,17,Anchor,1703ca22a1c39afeca05ffd0c12fe01606f41d5af81442d20102f130cc2ca491,T1,0.0,0.0,0.0,anchor,ISIC_0000547,ISIC_0000547,2,0.0,0.0,0.0
P2-IMA-M-v2,17,Anchor,1703ca22a1c39afeca05ffd0c12fe01606f41d5af81442d20102f130cc2ca491,T1,0.0,0.0,0.0,anchor,ISIC_0002412,ISIC_0002412,2,0.0,0.0,0.0
P2-IMA-M-v2,17,Anchor,1703ca22a1c39afeca05ffd0c12fe01606f41d5af81442d20102f130cc2ca491,T1,0.0,0.0,0.0,anchor,ISIC_0003185,ISIC_0003185,2,0.0,0.0,0.0
P2-IMA-M-v2,17,Anchor,1703ca22a1c39afeca05ffd0c12fe01606f41d5af81442d20102f130cc2ca491,T1,0.0,0.0,0.0,anchor,ISIC_0004110,ISIC_0004110,2,0.0,0.0,0.0
P2-IMA-M-v2,17,Anchor,1703ca22a1c39afeca05ffd0c12fe01606f41d5af81442d20102f130cc2ca491,T1,0.0,0.0,0.0,anchor,ISIC_0005842,ISIC_0005842,2,0.0,0.0,0.0
P2-IMA-M-v2,17,Anchor,1703ca22a1c39afeca05ffd0c12fe01606f41d5af81442d20102f130cc2ca491,T1,0.0,0.0,0.0,anchor,ISIC_0009942,ISIC_0009942,2,0.0,0.0,0.0
P2-IMA-M-v2,17,Anchor,1703ca22a1c39afeca05ffd0c12fe01606f41d5af81442d20102f130cc2ca491,T1,0.0,0.0,0.0,anchor,ISIC_0010175,ISIC_0010175,4,0.0,0.0,0.0
P2-IMA-M-v2,17,Anchor,1703ca22a1c39afeca05ffd0c12fe01606f41d5af81442d20102f130cc2ca491,T1,0.0,0.0,0.0,anchor,ISIC_0010190,ISIC_0010190,3,0.0,0.0,0.0
P2-IMA-M-v2,17,Anchor,1703ca22a1c39afeca05ffd0c12fe01606f41d5af81442d20102f130cc2ca491,T1,0.0,0.0,0.0,anchor,ISIC_0010479,ISIC_0010479,2,0.0,0.0,0.0
P2-IMA-M-v2,17,Anchor,1703ca22a1c39afeca05ffd0c12fe01606f41d5af81442d20102f130cc2ca491,T1,0.0,0.0,0.0,anchor,ISIC_0010596,ISIC_0010596,3,0.0,0.0,0.0
P2-IMA-M-v2,17,Anchor,1703ca22a1c39afeca05ffd0c12fe01606f41d5af81442d20102f130cc2ca491,T1,0.0,0.0,0.0,anchor,ISIC_0011107,ISIC_0011107,3,0.0,0.0,0.0
P2-IMA-M-v2,17,Anchor,1703ca22a1c39afeca05ffd0c12fe01606f41d5af81442d20102f130cc2ca491,T1,0.0,0.0,0.0,anchor,ISIC_0011110,ISIC_0011110,3,0.0,0.0,0.0
P2-IMA-M-v2,17,Anchor,1703ca22a1c39afeca05ffd0c12fe01606f41d5af81442d20102f130cc2ca491,T1,0.0,0.0,0.0,anchor,ISIC_0011121,ISIC_0011121,2,0.0,0.0,0.0
P2-IMA-M-v2,17,Anchor,1703ca22a1c39afeca05ffd0c12fe01606f41d5af81442d20102f130cc2ca491,T1,0.0,0.0,0.0,anchor,ISIC_0011169,ISIC_0011169,2,0.0,0.0,0.0
P2-IMA-M-v2,17,Anchor,1703ca22a1c39afeca05ffd0c12fe01606f41d5af81442d20102f130cc2ca491,T1,0.0,0.0,0.0,anchor,ISIC_0011349,ISIC_0011349,4,0.0,0.0,0.0
P2-IMA-M-v2,17,Anchor,1703ca22a1c39afeca05ffd0c12fe01606f41d5af81442d20102f130cc2ca491,T1,0.0,0.0,0.0,anchor,ISIC_0011350,ISIC_0011350,2,0.0,0.0,0.0
P2-IMA-M-v2,17,Anchor,1703ca22a1c39afeca05ffd0c12fe01606f41d5af81442d20102f130cc2ca491,T1,0.0,0.0,0.0,anchor,ISIC_0019696,ISIC_0019695,2,0.0,0.0,0.0
P2-IMA-M-v2,17,Anchor,1703ca22a1c39afeca05ffd0c12fe01606f41d5af81442d20102f130cc2ca491,T1,0.0,0.0,0.0,anchor,ISIC_0023628,ISIC_0023625,2,0.0,0.0,0.0
P2-IMA-M-v2,17,Anchor,1703ca22a1c39afeca05ffd0c12fe01606f41d5af81442d20102f130cc2ca491,T1,0.0,0.0,0.0,anchor,ISIC_0036170,ISIC_0036170,2,0.0,0.0,0.0
