model,seed,alpha,dice,iou,bf1,hd95,assd,moved_fraction,repair_precision,repair_recall,keep_accuracy,wrong_move_rate
CNN,17,,0.8530507408537263,0.7801278692964201,0.5137836627358982,16.178161313798118,8.564328713154719,,,,,
CNN,23,,0.8530507408537263,0.7801278692964201,0.5137836627358982,16.178161313798118,8.564328713154719,,,,,
CNN,42,,0.8530507408537263,0.7801278692964201,0.5137836627358982,16.178161313798118,8.564328713154719,,,,,
local,17,0.05,0.8519588028282247,0.7797369397413451,0.5425935399511532,16.55369908628748,8.488083626194763,0.5993923611111112,0.5560451787274622,0.47741539140461986,0.42597911971267566,0.5740208802873242
local,23,0.2,0.852872114451713,0.7799776828787681,0.518691368509445,16.179050219622425,8.567380017867151,0.07118055555555555,0.5262844865722152,0.050030804099906484,0.9375097476313649,0.06249025236863511
local,42,0.1,0.8545235743949202,0.7832197335515942,0.5372251295089234,16.030401047621293,8.498381896227556,0.32342960858585856,0.5865232021380514,0.3117240131535114,0.7184345762697272,0.2815654237302729
local_large,17,0.05,0.854556615957642,0.7830788419404847,0.5418616141503955,16.14442090071374,8.471114096645712,0.5766650883838383,0.5582099362471655,0.47446709997014075,0.47239257590005085,0.5276074240999492
local_large,23,0.1,0.856529099142849,0.7858631615841215,0.5481227617578474,16.119365382564848,8.452813862417667,0.44527304292929293,0.6067853278628954,0.41471468797211897,0.5922275004479659,0.4077724995520341
local_large,42,0.05,0.8558205822716661,0.7838893415958759,0.5447009544896156,16.105199778863444,8.477881171463016,0.5308159722222222,0.583352656984365,0.45574243875689774,0.5204797900693324,0.4795202099306675
local8,17,0.2,0.8537880660523693,0.7814313823472341,0.5206733025642365,16.1730050215277,8.554290202666094,0.04549400252525253,0.6642101127738638,0.05799260914601712,0.9641530351200486,0.03584696487995147
local8,23,0.2,0.8540225864012285,0.7820327947641116,0.5268713235304449,16.163962140231728,8.523715803443732,0.1380997474747475,0.6421940957971938,0.17861636563901423,0.8761436956135039,0.12385630438649607
local8,42,0.2,0.853986923092457,0.7811420945700008,0.5173204645884935,16.1703154598913,8.540650265308903,0.029947916666666668,0.6578401039746746,0.030363807104566928,0.9832350397643659,0.016764960235634112
medium32,17,0.2,0.853793241715932,0.7814320982278683,0.521010657309861,16.171676965598706,8.555914291688252,0.04281092171717172,0.6489270617427167,0.060069593249917445,0.967567017598159,0.03243298240184096
medium32,23,0.2,0.8538232246293902,0.7816484340895679,0.5246424296404936,16.168491664067897,8.537262182064374,0.12977430555555555,0.6564306089944978,0.16463863063816095,0.886282713616988,0.11371728638301216
medium32,42,0.2,0.8532516066926276,0.7804514160799081,0.5146990863936965,16.18686481523038,8.564324501734866,0.008601641414141414,0.6168350168350168,0.011760672845883724,0.9963121888095714,0.0036878111904285115
global,17,0.2,0.853420330357387,0.780807975703067,0.5179931351582444,16.192753446594935,8.564383526275842,0.033025568181818184,0.6977539698265631,0.043254611355698705,0.9782101052532964,0.02178989474670375
global,23,0.2,0.8541616944436754,0.782193085937282,0.5262559710211108,16.16318669624174,8.535880631261728,0.1076388888888889,0.7012562085322412,0.15958635255430062,0.9156149154900852,0.08438508450991478
global,42,0.2,0.8532268341464595,0.780434838217265,0.5147669507949596,16.19736174376996,8.566384742030795,0.00891729797979798,0.731879606879607,0.013817568149700121,0.9948710215445296,0.005128978455470557
