protocol_id,seed,run_id,checkpoint_hash,subset,action,lambda,alpha,method,n_images,n_references,mean_gain,G_plus,H_minus,H_epsilon,any_harm,worst_reference_mean,worst_tail_10pct,worst_tail_n,sign_flip,sign_flip_n,sign_flip_exceed_subset,sign_flip_exceed_n,sign_flip_changed_subset,sign_flip_changed_n,H_epsilon_0p0,any_harm_0p0,H_epsilon_0p002,any_harm_0p002,H_epsilon_0p005,any_harm_0p005,H_epsilon_0p01,any_harm_0p01,dice,iou,thresholded_jaccard,bf1,bf1_025,bf1_1pct,hd95,hd95_normalized,loss,bce,soft_dice,loss_orig,pred_empty,gt_empty,both_empty,one_empty,dice_anchor,dice_D0,gain_dice,gain_loss,gain_vs_D0,fp_added,fn_added,fp_removed,fn_removed,message_rms,logit_delta_rms,changed_pixel_fraction,empty_prediction_count,empty_prediction_fraction,loss_negative_dice_neutral,zero_loss_negative_dice_negative,loss_positive_dice_neutral,zero_loss_positive_dice_positive,loss_negative_dice_negative,loss_positive_dice_positive,zero_loss_positive_dice_negative,loss_positive_dice_negative,loss_negative_dice_positive,zero_loss_negative_dice_positive,zero_loss_positive_dice_neutral,zero_loss_negative_dice_neutral,loss_neutral_dice_positive,loss_neutral_dice_neutral,loss_neutral_dice_negative,zero_loss_neutral_dice_positive,zero_loss_neutral_dice_neutral,zero_loss_neutral_dice_negative,split,interval_scope,dice_vs_anchor_difference,dice_vs_anchor_ci_low,dice_vs_anchor_ci_high,dice_vs_anchor_bootstrap_unit,dice_vs_anchor_bootstrap_units,dice_vs_anchor_bootstrap_repeats,dice_vs_anchor_bootstrap_seed,dice_vs_D0_difference,dice_vs_D0_ci_low,dice_vs_D0_ci_high,dice_vs_D0_bootstrap_unit,dice_vs_D0_bootstrap_units,dice_vs_D0_bootstrap_repeats,dice_vs_D0_bootstrap_seed,G_plus_vs_D0_difference,G_plus_vs_D0_ci_low,G_plus_vs_D0_ci_high,G_plus_vs_D0_bootstrap_unit,G_plus_vs_D0_bootstrap_units,G_plus_vs_D0_bootstrap_repeats,G_plus_vs_D0_bootstrap_seed,H_epsilon_vs_D0_difference,H_epsilon_vs_D0_ci_low,H_epsilon_vs_D0_ci_high,H_epsilon_vs_D0_bootstrap_unit,H_epsilon_vs_D0_bootstrap_units,H_epsilon_vs_D0_bootstrap_repeats,H_epsilon_vs_D0_bootstrap_seed,any_harm_vs_D0_difference,any_harm_vs_D0_ci_low,any_harm_vs_D0_ci_high,any_harm_vs_D0_bootstrap_unit,any_harm_vs_D0_bootstrap_units,any_harm_vs_D0_bootstrap_repeats,any_harm_vs_D0_bootstrap_seed,worst_reference_vs_D0_difference,worst_reference_vs_D0_ci_low,worst_reference_vs_D0_ci_high,worst_reference_vs_D0_bootstrap_unit,worst_reference_vs_D0_bootstrap_units,worst_reference_vs_D0_bootstrap_repeats,worst_reference_vs_D0_bootstrap_seed,workpoint_selected,workpoint_status
P2-IMA-M-v2,17,B,1703ca22a1c39afeca05ffd0c12fe01606f41d5af81442d20102f130cc2ca491,M,1.0,0.0,1.0,b,223,471,0.0031217520805409188,0.011903312882738803,0.008781560802197882,0.0067438898745179774,0.600896860986547,-0.012942089849007299,-0.06193025400077063,23,0.40358744394618834,223,0.4787234042553192,188,0.40358744394618834,223,0.008781560802197882,0.8116591928251121,0.007873825860984897,0.7219730941704036,0.0067438898745179774,0.600896860986547,0.005269160390665608,0.45739910313901344,0.8583737524417797,0.7755375099324165,0.6987280789928993,0.3806204766280753,0.219428350090096,0.5815666348788837,187.44914237683105,0.052788022730477224,0.15468505128204646,0.15215047356524325,0.8427803697651756,0.15466196949653355,0.0,0.0,0.0,0.0,0.8552520003612387,0.858316915574831,0.0031217520805409188,0.004866169679280711,5.6836866948728446e-05,48452.69730941703,15074.58258594918,19760.031763826606,45846.33856502243,0.5448845091851863,1.1220629092472727,0.016037291036094116,0,0.0,0.10426008968609872,0.39088191330343897,0.17563527653213779,0.46636771300448565,0.29970104633781836,0.35650224215246734,0.10164424514200306,0.03811659192825112,0.02578475336322869,0.03662182361733931,0.002242152466367713,0.002242152466367713,0.0,0.0,0.0,0.0,0.0,0.0,val,exploratory selected-development outputs,0.0031217520805409127,0.000676849629290171,0.005776971289877636,known_case_group,222,2000,17,5.683686694872837e-05,-0.0006281059306919971,0.0007217008173740612,known_case_group,222,2000,17,-0.0006495593846318582,-0.0013459368558496297,0.0001289691781275519,known_case_group,222,2000,17,-0.0006783120074817978,-0.0012915397831382044,-4.2437444682484046e-05,known_case_group,222,2000,17,-0.02242152466367713,-0.07174887892376682,0.026785714285714284,known_case_group,222,2000,17,0.0008704937176061457,-0.0004354979885211579,0.0020762608572811782,known_case_group,222,2000,17,False,
P2-IMA-M-v2,17,Anchor,1703ca22a1c39afeca05ffd0c12fe01606f41d5af81442d20102f130cc2ca491,M,0.0,0.0,0.0,anchor,223,471,0.0,0.0,0.0,0.0,0.0,0.0,0.0,23,0.0,223,nan,0,nan,0,0.0,0.0,0.0,0.0,0.0,0.0,0.0,0.0,0.8552520003612387,0.7712988339685611,0.689989287840007,0.3886079197875741,0.2238025948857011,0.5797458381689296,187.64819463248088,0.053639315683159126,0.15955122096132718,0.14955452714806738,0.8304520855019375,0.15951223071780027,0.0,0.0,0.0,0.0,0.8552520003612387,0.858316915574831,0.0,0.0,-0.0030649152135921896,0.0,0.0,0.0,0.0,0.0,0.0,0.0,0,0.0,0.0,0.0,0.0,0.0,0.0,0.0,0.0,0.0,0.0,0.0,0.0,0.0,0.0,1.0000000000000007,0.0,0.0,1.0000000000000007,0.0,val,exploratory selected-development outputs,0.0,0.0,0.0,known_case_group,222,2000,17,-0.003064915213592184,-0.005960417091519355,-0.00044952275667436314,known_case_group,222,2000,17,-0.012552872267370662,-0.015159721823721342,-0.010398665699488843,known_case_group,222,2000,17,-0.0074222018819997725,-0.008905656402203414,-0.006067176422306309,known_case_group,222,2000,17,-0.6233183856502242,-0.6846846846846847,-0.5585585585585585,known_case_group,222,2000,17,0.013812583566613443,0.01065539650038222,0.016963117198871426,known_case_group,222,2000,17,False,
P2-IMA-M-v2,17,B,1703ca22a1c39afeca05ffd0c12fe01606f41d5af81442d20102f130cc2ca491,H,1.0,0.0,1.0,b,47,104,0.009993568115628446,0.017659298311039982,0.00766573019541154,0.005872287924145452,0.6170212765957447,-0.007889383974134233,-0.056630292500970694,5,0.46808510638297873,47,0.5365853658536586,41,0.46808510638297873,47,0.00766573019541154,0.7446808510638298,0.0069043257487009894,0.6595744680851063,0.005872287924145452,0.6170212765957447,0.00451180938283945,0.46808510638297873,0.8249517619576547,0.7345991190929028,0.6284498412238376,0.23985451063058896,0.13438469739803055,0.42557127161363173,193.52791836578774,0.06680448220777924,0.20995943423968255,0.22682872391677403,0.8069098554220442,0.20984968788573943,0.0,0.0,0.0,0.0,0.8149581938420262,0.8255253035873007,0.009993568115628446,0.01013337217059964,-0.0005735416296460328,19734.464539007095,9419.597517730495,19592.0195035461,23105.343971631206,0.5377559301057929,1.547586181999415,0.01963846897148298,0,0.0,0.06914893617021277,0.3191489361702127,0.15425531914893614,0.4840425531914896,0.2659574468085105,0.3794326241134752,0.10283687943262412,0.05319148936170213,0.07801418439716312,0.08333333333333334,0.0,0.010638297872340425,0.0,0.0,0.0,0.0,0.0,0.0,val,exploratory selected-development outputs,0.009993568115628432,0.0037883107353703553,0.017275204270694726,known_case_group,47,2000,17,-0.00057354162964604,-0.0025199253591759604,0.0011262863862678523,known_case_group,47,2000,17,-0.0003676261297585192,-0.0021847171861440148,0.0012880841330523453,known_case_group,47,2000,17,8.456754308176065e-05,-0.0009464580413781564,0.0012504008856793346,known_case_group,47,2000,17,0.0425531914893617,0.0,0.10638297872340426,known_case_group,47,2000,17,-0.0006698031730941683,-0.003324583416216158,0.0018091088790669013,known_case_group,47,2000,17,False,
P2-IMA-M-v2,17,Anchor,1703ca22a1c39afeca05ffd0c12fe01606f41d5af81442d20102f130cc2ca491,H,0.0,0.0,0.0,anchor,47,104,0.0,0.0,0.0,0.0,0.0,0.0,0.0,5,0.0,47,nan,0,nan,0,0.0,0.0,0.0,0.0,0.0,0.0,0.0,0.0,0.8149581938420262,0.722216178015042,0.610136492624857,0.24001946218359105,0.13496483836013265,0.4127066241775352,204.36709473738685,0.07160556074306546,0.22009280641028223,0.2212892971785924,0.7811036847494848,0.22000206158386001,0.0,0.0,0.0,0.0,0.8149581938420262,0.8255253035873007,0.0,0.0,-0.010567109745274477,0.0,0.0,0.0,0.0,0.0,0.0,0.0,0,0.0,0.0,0.0,0.0,0.0,0.0,0.0,0.0,0.0,0.0,0.0,0.0,0.0,0.0,0.9999999999999984,0.0,0.0,0.9999999999999984,0.0,val,exploratory selected-development outputs,0.0,0.0,0.0,known_case_group,47,2000,17,-0.01056710974527447,-0.017965677084707997,-0.004351990530580878,known_case_group,47,2000,17,-0.018026924440798505,-0.02480176095947219,-0.012031511428884407,known_case_group,47,2000,17,-0.005787720381063693,-0.008095028043232713,-0.003696414761083283,known_case_group,47,2000,17,-0.574468085106383,-0.723404255319149,-0.425531914893617,known_case_group,47,2000,17,0.007219580801040064,-0.0021517169594449754,0.016487109063002096,known_case_group,47,2000,17,False,
P2-IMA-M-v2,17,B,1703ca22a1c39afeca05ffd0c12fe01606f41d5af81442d20102f130cc2ca491,T1,1.0,0.0,1.0,b,20,49,0.007292400753814125,0.013768162358729411,0.006475761604915285,0.004739870690619865,0.6,-0.006438286890669026,-0.057064675499188255,2,0.35,20,0.3888888888888889,18,0.35,20,0.006475761604915285,0.7,0.005755915320946241,0.6,0.004739870690619865,0.6,0.003461538387812369,0.45,0.8549395092154161,0.7740840494980071,0.6862655069738246,0.25411697158653124,0.1389961722937671,0.4512309198143914,130.05619320443256,0.06352511734441721,0.20327782553310197,0.2523083035911744,0.8457526534795761,0.20298447368128306,0.0,0.0,0.0,0.0,0.847647108461602,0.8554848208728814,0.007292400753814125,0.0015075778899093465,-0.0005453116574653867,2689.1583333333333,7740.445833333333,4547.704166666666,10081.641666666666,0.5267752342620232,1.1998806236994688,0.02365128216885801,0,0.0,0.0875,0.36666666666666675,0.1375,0.4708333333333335,0.2916666666666667,0.35000000000000003,0.04166666666666667,0.025,0.10833333333333334,0.12083333333333332,0.0,0.0,0.0,0.0,0.0,0.0,0.0,0.0,val,exploratory selected-development outputs,0.00729240075381411,-5.785767401575527e-05,0.01646403835944091,known_case_group,20,2000,17,-0.0005453116574653972,-0.003858781941592379,0.0019038942189704103,known_case_group,20,2000,17,-0.0008289943280993552,-0.003230880853355134,0.0009441574825378544,known_case_group,20,2000,17,-0.0004577058390381115,-0.0012154612493349068,0.00025857947886832736,known_case_group,20,2000,17,0.05,0.0,0.15,known_case_group,20,2000,17,-2.6059762900162987e-05,-0.0034241448368269862,0.002750948579615964,known_case_group,20,2000,17,False,
P2-IMA-M-v2,17,Anchor,1703ca22a1c39afeca05ffd0c12fe01606f41d5af81442d20102f130cc2ca491,T1,0.0,0.0,0.0,anchor,20,49,0.0,0.0,0.0,0.0,0.0,0.0,0.0,2,0.0,20,nan,0,nan,0,0.0,0.0,0.0,0.0,0.0,0.0,0.0,0.0,0.847647108461602,0.762493513549044,0.67527476964469,0.23388609452810988,0.13048392727678376,0.4147215520463618,135.89430343440048,0.06622242439280127,0.2047854034230113,0.24316759017917017,0.8335967816412448,0.2044637444419212,0.0,0.0,0.0,0.0,0.847647108461602,0.8554848208728814,0.0,0.0,-0.00783771241127951,0.0,0.0,0.0,0.0,0.0,0.0,0.0,0,0.0,0.0,0.0,0.0,0.0,0.0,0.0,0.0,0.0,0.0,0.0,0.0,0.0,0.0,1.0000000000000007,0.0,0.0,1.0000000000000007,0.0,val,exploratory selected-development outputs,0.0,0.0,0.0,known_case_group,20,2000,17,-0.007837712411279507,-0.01719173644684905,-0.0003490963061150778,known_case_group,20,2000,17,-0.014597156686828766,-0.02294952166230337,-0.008242775090707581,known_case_group,20,2000,17,-0.005197576529657977,-0.008569292947136308,-0.00228050623152767,known_case_group,20,2000,17,-0.55,-0.75,-0.35,known_case_group,20,2000,17,0.006412227127768863,-0.0071433926278214885,0.019197861758163313,known_case_group,20,2000,17,False,
P2-IMA-M-v2,17,D0,6e0811712543811a10b6cde1ec29db65b7bb4f25142c6991f2738d3d5c073f0a,M,1.0,0.0,1.0,d0,223,471,0.0030649152135921896,0.012552872267370662,0.009487957053778473,0.0074222018819997725,0.6233183856502242,-0.013812583566613443,-0.06666460902230338,23,0.42152466367713004,223,0.48205128205128206,195,0.42152466367713004,223,0.009487957053778473,0.7847533632286996,0.008594419909036416,0.7309417040358744,0.0074222018819997725,0.6233183856502242,0.005835094162595868,0.5112107623318386,0.858316915574831,0.7752951481186273,0.6953457042321619,0.3803099174830215,0.21931091895986743,0.5812617008170544,186.71883120506132,0.052603580986980106,0.1539851270312574,0.14980114680215137,0.841830892524535,0.15395645851260165,0.0,0.0,0.0,0.0,0.8552520003612387,0.858316915574831,0.0030649152135921896,0.00556609393006973,0.0,44658.63826606876,22850.47346786248,27008.185724962634,43215.56352765321,0.5537203169380424,1.1581989799741819,0.017116719721224975,0,0.0,0.08034379671150975,0.37369207772795315,0.15620328849028423,0.4775784753363243,0.31539611360239245,0.38116591928251226,0.10089686098654717,0.043348281016442454,0.02354260089686098,0.043348281016442454,0.002242152466367713,0.002242152466367713,0.0,0.0,0.0,0.0,0.0,0.0,val,exploratory selected-development outputs,0.003064915213592184,0.0004495227566743582,0.0059604170915193485,known_case_group,222,2000,17,0.0,0.0,0.0,known_case_group,222,2000,17,0.0,0.0,0.0,known_case_group,222,2000,17,0.0,0.0,0.0,known_case_group,222,2000,17,0.0,0.0,0.0,known_case_group,222,2000,17,0.0,0.0,0.0,known_case_group,222,2000,17,True,
P2-IMA-M-v2,17,D0,6e0811712543811a10b6cde1ec29db65b7bb4f25142c6991f2738d3d5c073f0a,H,1.0,0.0,1.0,d0,47,104,0.010567109745274477,0.018026924440798505,0.007459814695524027,0.005787720381063693,0.574468085106383,-0.007219580801040064,-0.05794142116732668,5,0.44680851063829785,47,0.5121951219512195,41,0.44680851063829785,47,0.007459814695524027,0.7021276595744681,0.006748207026063355,0.6595744680851063,0.005787720381063693,0.574468085106383,0.00439432111961448,0.5106382978723404,0.8255253035873007,0.7350900907206728,0.6209810422844424,0.2403868682310032,0.133263234458589,0.4251556828737232,193.33473550692392,0.06673486552728539,0.2089820848976044,0.22406689796170734,0.8061027287175169,0.20886263439558078,0.0,0.0,0.0,0.0,0.8149581938420262,0.8255253035873007,0.010567109745274477,0.011110721512677823,0.0,16426.77659574468,14412.64716312057,24745.629432624115,21186.351063829785,0.5511957602828149,1.561624850728891,0.02152789912581525,0,0.0,0.0549645390070922,0.28368794326241126,0.15780141843971626,0.5354609929078017,0.2446808510638297,0.41489361702127675,0.09042553191489362,0.05319148936170213,0.07446808510638298,0.0797872340425532,0.0,0.010638297872340425,0.0,0.0,0.0,0.0,0.0,0.0,val,exploratory selected-development outputs,0.01056710974527447,0.004351990530580875,0.01796567708470799,known_case_group,47,2000,17,0.0,0.0,0.0,known_case_group,47,2000,17,0.0,0.0,0.0,known_case_group,47,2000,17,0.0,0.0,0.0,known_case_group,47,2000,17,0.0,0.0,0.0,known_case_group,47,2000,17,0.0,0.0,0.0,known_case_group,47,2000,17,False,
P2-IMA-M-v2,17,D0,6e0811712543811a10b6cde1ec29db65b7bb4f25142c6991f2738d3d5c073f0a,T1,1.0,0.0,1.0,d0,20,49,0.00783771241127951,0.014597156686828766,0.006759444275549255,0.005197576529657977,0.55,-0.006412227127768863,-0.06454127006817767,2,0.35,20,0.3888888888888889,18,0.35,20,0.006759444275549255,0.6,0.006107265805132482,0.55,0.005197576529657977,0.55,0.003879365166870754,0.45,0.8554848208728814,0.7744003509217026,0.6853174809618701,0.2537101814259652,0.13630878642372002,0.44801352516778836,129.85992451379303,0.06364091315807203,0.201767320279032,0.2491297678090632,0.8455951280891896,0.20145208314800261,0.0,0.0,0.0,0.0,0.847647108461602,0.8554848208728814,0.00783771241127951,0.0030180831439793115,0.0,2598.5583333333334,9408.420833333334,5138.329166666666,10736.391666666666,0.5435935532872397,1.264414377682803,0.02656947265971899,0,0.0,0.029166666666666667,0.3083333333333334,0.14583333333333334,0.5416666666666667,0.2916666666666667,0.4333333333333334,0.037500000000000006,0.0,0.09999999999999999,0.11249999999999999,0.0,0.0,0.0,0.0,0.0,0.0,0.0,0.0,val,exploratory selected-development outputs,0.007837712411279507,0.0003490963061150688,0.017191736446849036,known_case_group,20,2000,17,0.0,0.0,0.0,known_case_group,20,2000,17,0.0,0.0,0.0,known_case_group,20,2000,17,0.0,0.0,0.0,known_case_group,20,2000,17,0.0,0.0,0.0,known_case_group,20,2000,17,0.0,0.0,0.0,known_case_group,20,2000,17,False,
P2-IMA-M-v2,17,RSI-1,1e4601988e0929a2a1e1f936c88503f6bfbcf754a6b56807b3bdae26349b1a94,M,1.0,1.0,1.0,rsi,223,471,0.0031275890595799443,0.008773162467152143,0.005645573407572198,0.0038679211496023703,0.5112107623318386,-0.007797784427664569,-0.041122508708104674,23,0.3542600896860987,223,0.4514285714285714,175,0.3542600896860987,223,0.005645573407572198,0.7623318385650224,0.004830235321346644,0.6502242152466368,0.0038679211496023703,0.5112107623318386,0.0026599521750332914,0.3901345291479821,0.8583795894208186,0.7758117517518015,0.6994412670296268,0.3894684310610939,0.2239791564473355,0.5881212917514534,186.7025554505804,0.05278175116620032,0.15456934561549238,0.15157700535816576,0.8424383150243955,0.1545310450299026,0.0,0.0,0.0,0.0,0.8552520003612387,0.858316915574831,0.0031275890595799443,0.0049818753458347916,6.267384598775418e-05,24387.120702541102,17270.05979073244,23504.626307922277,27549.39050822123,0.4970903751251149,1.0390178461343595,0.011733369814335627,0,0.0,0.12630792227204798,0.3337070254110622,0.21823617339312448,0.48654708520179524,0.24065769805680162,0.3467862481315405,0.11733931240657709,0.04110612855007474,0.02690582959641255,0.05792227204783259,0.002242152466367713,0.002242152466367713,0.0,0.0,0.0,0.0,0.0,0.0,val,exploratory selected-development outputs,0.0031275890595799396,0.001481682125456161,0.00485224124788725,known_case_group,222,2000,17,6.267384598775557e-05,-0.001398364058994414,0.0013952502223837761,known_case_group,222,2000,17,-0.0037797098002185195,-0.005173727780066335,-0.002599691890940417,known_case_group,222,2000,17,-0.003554280732397405,-0.004481784642690023,-0.0027303912017966124,known_case_group,222,2000,17,-0.11210762331838565,-0.16216216216216217,-0.0625,known_case_group,222,2000,17,0.006014799138948875,0.004361512703720104,0.007741764993396312,known_case_group,222,2000,17,True,eligible
P2-IMA-M-v2,17,RSI-1,1e4601988e0929a2a1e1f936c88503f6bfbcf754a6b56807b3bdae26349b1a94,H,1.0,1.0,1.0,rsi,47,104,0.006367352334955242,0.011573339670672636,0.005205987335717393,0.003554683920970211,0.5531914893617021,-0.0051780465827538005,-0.04255160126645041,5,0.3829787234042553,47,0.45,40,0.3829787234042553,47,0.005205987335717393,0.7021276595744681,0.004500520608607878,0.6170212765957447,0.003554683920970211,0.5531914893617021,0.0023431292011821016,0.40425531914893614,0.8213255461769815,0.7305131018179736,0.6140589487524301,0.2412214524695765,0.1360893189945752,0.42358027112833113,197.3739790506186,0.06803763278143864,0.21284790600630196,0.22961436184403874,0.8039185516046978,0.2127283398351924,0.0,0.0,0.0,0.0,0.8149581938420262,0.8255253035873007,0.006367352334955242,0.007244900403980244,-0.004199757410319235,10498.63475177305,10995.847517730495,16563.59929078014,13359.641843971633,0.5025790056827808,1.3679289047849197,0.015074475099329219,0,0.0,0.10283687943262412,0.24113475177304955,0.15780141843971626,0.47872340425531945,0.19148936170212763,0.37765957446808524,0.15248226950354607,0.09574468085106383,0.07446808510638298,0.11702127659574468,0.0,0.010638297872340425,0.0,0.0,0.0,0.0,0.0,0.0,val,exploratory selected-development outputs,0.00636735233495524,0.0023793533077543674,0.01086856823053168,known_case_group,47,2000,17,-0.00419975741031923,-0.007564311792853096,-0.0013072430866871644,known_case_group,47,2000,17,-0.006453584770125868,-0.009888545795798825,-0.0034693959334578823,known_case_group,47,2000,17,-0.0022330364600934827,-0.0035221826811544224,-0.0010422166574030394,known_case_group,47,2000,17,-0.02127659574468085,-0.0851063829787234,0.0425531914893617,known_case_group,47,2000,17,0.0020415342182862634,-0.001902413028090098,0.006034893257071119,known_case_group,47,2000,17,False,
P2-IMA-M-v2,17,RSI-1,1e4601988e0929a2a1e1f936c88503f6bfbcf754a6b56807b3bdae26349b1a94,T1,1.0,1.0,1.0,rsi,20,49,0.005166281129723872,0.010389899247119427,0.005223618117395555,0.0034851921350893427,0.6,-0.004900623349365996,-0.04393679947708612,2,0.35,20,0.3888888888888889,18,0.35,20,0.005223618117395555,0.65,0.004509954408284479,0.6,0.0034851921350893427,0.6,0.0022815502796602414,0.35,0.8528133895913257,0.77112307402968,0.684115176469341,0.2449160731984889,0.13856142986581518,0.44653023704631706,132.47600232086285,0.06447674397281403,0.20422355813595158,0.252740423893556,0.8442933061470587,0.20391429899361074,0.0,0.0,0.0,0.0,0.847647108461602,0.8554848208728814,0.005166281129723872,0.0005618452870597438,-0.0026714312815556396,1509.1833333333334,7493.8083333333325,4267.491666666667,6522.166666666667,0.49016217308195564,1.0893668473985163,0.019189720027002616,0,0.0,0.09166666666666667,0.2833333333333334,0.09583333333333333,0.4583333333333334,0.24166666666666667,0.4208333333333334,0.13333333333333333,0.07500000000000001,0.07500000000000001,0.125,0.0,0.0,0.0,0.0,0.0,0.0,0.0,0.0,val,exploratory selected-development outputs,0.005166281129723879,-0.00018562861280292683,0.011882171637282406,known_case_group,20,2000,17,-0.002671431281555628,-0.0063979878884885795,0.0007754329318629641,known_case_group,20,2000,17,-0.004207257439709339,-0.007241709698225083,-0.0016896966902923936,known_case_group,20,2000,17,-0.0017123843945686349,-0.0034373017760352402,-5.731109592828738e-05,known_case_group,20,2000,17,0.05,0.0,0.15,known_case_group,20,2000,17,0.0015116037784028674,-0.0034634291889584974,0.006325046537224817,known_case_group,20,2000,17,False,
