protocol_id,seed,run_id,checkpoint_hash,subset,action,lambda,alpha,method,report,image_subset,reference_subset,n_images,n_references,mean_gain,G_plus,H_minus,H_epsilon,any_harm,worst_reference_mean,worst_tail_10pct,worst_tail_n,sign_flip,sign_flip_n,sign_flip_exceed_subset,sign_flip_exceed_n,sign_flip_changed_subset,sign_flip_changed_n,H_epsilon_0p0,any_harm_0p0,H_epsilon_0p002,any_harm_0p002,H_epsilon_0p005,any_harm_0p005,H_epsilon_0p01,any_harm_0p01,dice,iou,thresholded_jaccard,bf1,bf1_025,bf1_1pct,hd95,hd95_normalized,loss,bce,soft_dice,loss_orig,pred_empty,gt_empty,both_empty,one_empty,dice_anchor,dice_D0,gain_dice,gain_loss,gain_vs_D0,fp_added,fn_added,fp_removed,fn_removed,message_rms,logit_delta_rms,changed_pixel_fraction,empty_prediction_count,empty_prediction_fraction,loss_negative_dice_neutral,zero_loss_negative_dice_negative,loss_positive_dice_neutral,zero_loss_positive_dice_positive,loss_negative_dice_negative,loss_positive_dice_positive,zero_loss_positive_dice_negative,loss_positive_dice_negative,loss_negative_dice_positive,zero_loss_negative_dice_positive,zero_loss_positive_dice_neutral,zero_loss_negative_dice_neutral,loss_neutral_dice_positive,loss_neutral_dice_neutral,loss_neutral_dice_negative,zero_loss_neutral_dice_positive,zero_loss_neutral_dice_neutral,zero_loss_neutral_dice_negative,stratum,fixed_two_seed,source_tool,source_minus_M_difference,source_minus_M_ci_low,source_minus_M_ci_high,source_minus_M_bootstrap_unit,source_minus_M_bootstrap_units,source_minus_M_bootstrap_repeats,source_minus_M_bootstrap_seed
P2-IMA-M-v2,17,B,1703ca22a1c39afeca05ffd0c12fe01606f41d5af81442d20102f130cc2ca491,M,1.0,0.0,1.0,b,native_source_subset,M,M,223,471,0.0031217520805409188,0.011903312882738803,0.008781560802197882,0.0067438898745179774,0.600896860986547,-0.012942089849007299,-0.06193025400077063,23,0.40358744394618834,223,0.4787234042553192,188,0.40358744394618834,223,0.008781560802197882,0.8116591928251121,0.007873825860984897,0.7219730941704036,0.0067438898745179774,0.600896860986547,0.005269160390665608,0.45739910313901344,0.8583737524417797,0.7755375099324165,0.6987280789928993,0.3806204766280753,0.219428350090096,0.5815666348788837,187.44914237683105,0.052788022730477224,0.15468505128204646,0.15215047356524325,0.8427803697651756,0.15466196949653355,0.0,0.0,0.0,0.0,0.8552520003612387,0.858316915574831,0.0031217520805409188,0.004866169679280711,5.6836866948728446e-05,48452.69730941703,15074.58258594918,19760.031763826606,45846.33856502243,0.5448845091851863,1.1220629092472727,0.016037291036094116,0,0.0,0.10426008968609872,0.39088191330343897,0.17563527653213779,0.46636771300448565,0.29970104633781836,0.35650224215246734,0.10164424514200306,0.03811659192825112,0.02578475336322869,0.03662182361733931,0.002242152466367713,0.002242152466367713,0.0,0.0,0.0,0.0,0.0,0.0,,,,,,,,,,
P2-IMA-M-v2,17,B,1703ca22a1c39afeca05ffd0c12fe01606f41d5af81442d20102f130cc2ca491,M,1.0,0.0,1.0,b,reference_count,,,203,406,0.002589675440955189,0.01127622104026535,0.008686545599310157,0.0065936268737348406,0.6059113300492611,-0.012133356911630139,-0.05534961654090676,21,0.39408866995073893,203,0.4678362573099415,171,0.39408866995073893,203,0.008686545599310157,0.8226600985221675,0.0077524494164938835,0.7339901477832512,0.0065936268737348406,0.6059113300492611,0.005081285255760004,0.458128078817734,0.8649234369642684,0.7838273918056635,0.7136969883814754,0.3972680477588562,0.2283762102120369,0.6055614596469825,171.42579283452298,0.04647013133666053,0.13704399129586853,0.12407930600605997,0.8499913219992298,0.13702902630567612,0.0,0.0,0.0,0.0,0.8623337615233133,0.864800460635338,0.002589675440955189,0.005621528115325373,0.00012297632893034911,45231.65763546798,15499.307881773399,20741.628078817736,40397.50492610838,0.5426332309369485,1.1266314754561384,0.013250717605855986,0,0.0,0.10098522167487677,0.40147783251231484,0.17733990147783235,0.46798029556650195,0.3103448275862066,0.3596059113300489,0.10344827586206888,0.03694581280788177,0.01477832512315271,0.022167487684729065,0.0024630541871921183,0.0024630541871921183,0.0,0.0,0.0,0.0,0.0,0.0,m=2,,,,,,,,,
P2-IMA-M-v2,17,B,1703ca22a1c39afeca05ffd0c12fe01606f41d5af81442d20102f130cc2ca491,M,1.0,0.0,1.0,b,reference_count,,,20,65,0.008522329972336071,0.018268295083844362,0.009745965111508294,0.008269059332466818,0.55,-0.02115072916338548,-0.10320773371604347,2,0.5,20,0.5882352941176471,17,0.5,20,0.009745965111508294,0.7,0.009105796772568698,0.6,0.008269059332466818,0.55,0.0071760930099574825,0.45,0.7918944545385191,0.6913952089189581,0.5467936486988525,0.21164762965064887,0.128607569852396,0.338019163482682,350.08614023125784,0.11691462037771667,0.33374181014175214,0.43707282429095357,0.769589204589526,0.33363634288373645,0.0,0.0,0.0,0.0,0.7833721245661831,0.7925089332106839,0.008522329972336071,-0.0028007184465726207,-0.000614478672164721,81146.25000000001,10763.620833333334,9796.829166666666,101151.99999999997,0.5677349834048002,1.0756919622272876,0.04432101135301115,0,0.0,0.13749999999999998,0.2833333333333333,0.15833333333333333,0.45,0.19166666666666665,0.325,0.08333333333333333,0.05,0.13749999999999998,0.18333333333333332,0.0,0.0,0.0,0.0,0.0,0.0,0.0,0.0,m>=3,,,,,,,,,
P2-IMA-M-v2,17,B,1703ca22a1c39afeca05ffd0c12fe01606f41d5af81442d20102f130cc2ca491,M,1.0,0.0,1.0,b,fixed_two_references,,,223,446,0.0024487095335659938,0.011599368634604115,0.009150659101038117,0.007090240806737267,0.5919282511210763,-0.012713722604763347,-0.06193025400077063,23,0.3811659192825112,223,0.45454545454545453,187,0.3811659192825112,223,0.009150659101038117,0.8071748878923767,0.00823415605060786,0.7174887892376681,0.007090240806737267,0.5919282511210763,0.005599557673254886,0.452914798206278,0.857337112342149,0.7743897363257081,0.6975083107969263,0.37941019115361596,0.2188386714175697,0.5798523618145515,190.682322446106,0.05334180965775452,0.15532147257083467,0.1527587555285184,0.8421158094265124,0.15530810279600543,0.0,0.0,0.0,0.0,0.854888402808583,0.8572851765265763,0.0024487095335659938,0.004598976626591297,5.193581557284292e-05,49401.38340807175,15273.02466367713,19561.589686098654,44897.65246636771,0.5448845091851863,1.1220629092472727,0.016037291036094116,0,0.0,0.10313901345291492,0.3946188340807184,0.17713004484304964,0.4641255605381177,0.3026905829596419,0.35426008968609946,0.10313901345291492,0.03811659192825112,0.02466367713004484,0.033632286995515695,0.002242152466367713,0.002242152466367713,0.0,0.0,0.0,0.0,0.0,0.0,,17,,,,,,,,
P2-IMA-M-v2,17,B,1703ca22a1c39afeca05ffd0c12fe01606f41d5af81442d20102f130cc2ca491,M,1.0,0.0,1.0,b,tool_sensitivity,,,166,209,0.007417106506539207,0.015336434515337782,0.007919328008798575,0.0059049462267650454,0.3855421686746988,0.00472277405301688,-0.05153311295706,17,0.35294117647058826,34,0.375,32,0.35294117647058826,34,0.007919328008798575,0.536144578313253,0.007038153156030472,0.46987951807228917,0.0059049462267650454,0.3855421686746988,0.004476826861440172,0.29518072289156627,0.867008265929301,0.7794870664410705,0.7072715897828823,0.3231130240761755,0.17991705678300224,0.5125518514176427,174.52737942413478,0.052919503240083626,0.15582906274895472,0.15983494251627986,0.8481768153338547,0.15567854768854017,0.0,0.0,0.0,0.0,0.8595911594227618,0.8678347524489172,0.007417106506539207,0.010226605475008728,-0.0008264865196161137,21165.93473895582,17619.692269076306,10319.12700803213,79278.89658634539,0.5345503564457228,1.1370012966389291,0.01822180251937099,0,0.0,0.10090361445783132,0.36947791164658644,0.14307228915662654,0.49046184738955867,0.2761044176706827,0.3915662650602414,0.10140562248995985,0.0572289156626506,0.03112449799196787,0.038654618473895584,0.0,0.0,0.0,0.0,0.0,0.0,0.0,0.0,,,T1,,,,,,,
P2-IMA-M-v2,17,B,1703ca22a1c39afeca05ffd0c12fe01606f41d5af81442d20102f130cc2ca491,M,1.0,0.0,1.0,b,tool_sensitivity,,,86,86,-0.0040405510043682305,0.01047279774214428,0.014513348746512514,0.012085843365482272,0.4186046511627907,-0.0040405510043682305,-0.06112049177594167,9,nan,0,nan,0,nan,0,0.014513348746512514,0.5465116279069767,0.013446364833990573,0.5,0.012085843365482272,0.4186046511627907,0.010104140502505524,0.37209302325581395,0.7820741210115774,0.6950512589592656,0.5731200619340358,0.29551807318847473,0.16946501483362164,0.4771779702437417,364.0510408162771,0.08587810174576585,0.22796239439657953,0.2181408595088003,0.7622160717699359,0.22820800155069412,0.0,0.0,0.0,0.0,0.7861146720159454,0.7800811527295488,-0.0040405510043682305,0.00016734285583329755,0.0019929682820282427,151411.2558139535,19901.39534883721,50192.523255813954,44526.36046511628,0.5586454065597701,1.3846534406619442,0.02211757864812622,0,0.0,0.06976744186046512,0.4302325581395351,0.1976744186046511,0.38372093023255827,0.3953488372093025,0.2906976744186046,0.11627906976744184,0.023255813953488372,0.023255813953488372,0.046511627906976744,0.011627906976744186,0.011627906976744186,0.0,0.0,0.0,0.0,0.0,0.0,,,T2,,,,,,,
P2-IMA-M-v2,17,B,1703ca22a1c39afeca05ffd0c12fe01606f41d5af81442d20102f130cc2ca491,M,1.0,0.0,1.0,b,tool_sensitivity,,,147,176,0.0033432381232296714,0.010861010509006008,0.007517772385776339,0.0056395801271926825,0.3401360544217687,0.001821965152683789,-0.04971716815941501,15,0.14285714285714285,28,0.19047619047619047,21,0.14285714285714285,28,0.007517772385776339,0.5170068027210885,0.006658413304684098,0.4217687074829932,0.0056395801271926825,0.3401360544217687,0.004330335272492982,0.23129251700680273,0.8759529569712277,0.7966145881398318,0.7247421141908078,0.46939153279370016,0.2790492386217154,0.6827985764817999,155.7893759611064,0.042503914029909245,0.13268879325870347,0.13017498705585753,0.8647973988619116,0.13274802260209057,0.0,0.0,0.0,0.0,0.8726097188479979,0.8758472808475124,0.0033432381232296714,0.0014368948545687053,0.00010567612371504202,41645.55668934241,12087.299319727892,16268.809523809523,33174.60657596371,0.555279248746236,0.9795506654267601,0.013062245052367966,0,0.0,0.119047619047619,0.3843537414965989,0.18934240362811797,0.48979591836734726,0.2789115646258505,0.3616780045351476,0.09183673469387751,0.030612244897959183,0.02040816326530612,0.03401360544217687,0.0,0.0,0.0,0.0,0.0,0.0,0.0,0.0,,,T3,,,,,,,
P2-IMA-M-v2,17,Anchor,1703ca22a1c39afeca05ffd0c12fe01606f41d5af81442d20102f130cc2ca491,M,0.0,0.0,0.0,anchor,native_source_subset,M,M,223,471,0.0,0.0,0.0,0.0,0.0,0.0,0.0,23,0.0,223,nan,0,nan,0,0.0,0.0,0.0,0.0,0.0,0.0,0.0,0.0,0.8552520003612387,0.7712988339685611,0.689989287840007,0.3886079197875741,0.2238025948857011,0.5797458381689296,187.64819463248088,0.053639315683159126,0.15955122096132718,0.14955452714806738,0.8304520855019375,0.15951223071780027,0.0,0.0,0.0,0.0,0.8552520003612387,0.858316915574831,0.0,0.0,-0.0030649152135921896,0.0,0.0,0.0,0.0,0.0,0.0,0.0,0,0.0,0.0,0.0,0.0,0.0,0.0,0.0,0.0,0.0,0.0,0.0,0.0,0.0,0.0,1.0000000000000007,0.0,0.0,1.0000000000000007,0.0,,,,,,,,,,
P2-IMA-M-v2,17,Anchor,1703ca22a1c39afeca05ffd0c12fe01606f41d5af81442d20102f130cc2ca491,M,0.0,0.0,0.0,anchor,reference_count,,,203,406,0.0,0.0,0.0,0.0,0.0,0.0,0.0,21,0.0,203,nan,0,nan,0,0.0,0.0,0.0,0.0,0.0,0.0,0.0,0.0,0.8623337615233133,0.7802624068234245,0.7084031411749417,0.4061089279165733,0.23335178790453504,0.6040069392802494,173.09896136767262,0.047655876270378664,0.1426655194111939,0.123354742826356,0.8380237045333031,0.1426388265752987,0.0,0.0,0.0,0.0,0.8623337615233133,0.864800460635338,0.0,0.0,-0.0024666991120248396,0.0,0.0,0.0,0.0,0.0,0.0,0.0,0,0.0,0.0,0.0,0.0,0.0,0.0,0.0,0.0,0.0,0.0,0.0,0.0,0.0,0.0,1.00000000000001,0.0,0.0,1.00000000000001,0.0,m=2,,,,,,,,,
P2-IMA-M-v2,17,Anchor,1703ca22a1c39afeca05ffd0c12fe01606f41d5af81442d20102f130cc2ca491,M,0.0,0.0,0.0,anchor,reference_count,,,20,65,0.0,0.0,0.0,0.0,0.0,0.0,0.0,2,0.0,20,nan,0,nan,0,0.0,0.0,0.0,0.0,0.0,0.0,0.0,0.0,0.7833721245661831,0.680318569491698,0.50308867649042,0.21097268727823257,0.12687828574453683,0.33349566188903507,335.3229122702849,0.11437122572288079,0.33094109169517955,0.4154823380134379,0.7536001523335775,0.33077728276419094,0.0,0.0,0.0,0.0,0.7833721245661831,0.7925089332106839,0.0,0.0,-0.009136808644500791,0.0,0.0,0.0,0.0,0.0,0.0,0.0,0,0.0,0.0,0.0,0.0,0.0,0.0,0.0,0.0,0.0,0.0,0.0,0.0,0.0,0.0,1.0000000000000016,0.0,0.0,1.0000000000000016,0.0,m>=3,,,,,,,,,
P2-IMA-M-v2,17,Anchor,1703ca22a1c39afeca05ffd0c12fe01606f41d5af81442d20102f130cc2ca491,M,0.0,0.0,0.0,anchor,fixed_two_references,,,223,446,0.0,0.0,0.0,0.0,0.0,0.0,0.0,23,0.0,223,nan,0,nan,0,0.0,0.0,0.0,0.0,0.0,0.0,0.0,0.0,0.854888402808583,0.7709955725489392,0.6912719643412631,0.38798143140413044,0.22344967384822925,0.5791667644049819,189.98695527282445,0.05387301361041002,0.15992044919742596,0.14988114200978783,0.8300402441573537,0.15989006545058732,0.0,0.0,0.0,0.0,0.854888402808583,0.8572851765265763,0.0,0.0,-0.002396773717993152,0.0,0.0,0.0,0.0,0.0,0.0,0.0,0,0.0,0.0,0.0,0.0,0.0,0.0,0.0,0.0,0.0,0.0,0.0,0.0,0.0,0.0,1.0000000000000027,0.0,0.0,1.0000000000000027,0.0,,17,,,,,,,,
P2-IMA-M-v2,17,Anchor,1703ca22a1c39afeca05ffd0c12fe01606f41d5af81442d20102f130cc2ca491,M,0.0,0.0,0.0,anchor,tool_sensitivity,,,166,209,0.0,0.0,0.0,0.0,0.0,0.0,0.0,17,0.0,34,nan,0,nan,0,0.0,0.0,0.0,0.0,0.0,0.0,0.0,0.0,0.8595911594227618,0.7695948548569463,0.6863192108160431,0.32448672921968497,0.18225108053324343,0.49949289862703267,180.19904648890983,0.05468583216576237,0.16605566822396348,0.1640245171180126,0.8319131803799824,0.16588221656722105,0.0,0.0,0.0,0.0,0.8595911594227618,0.8678347524489172,0.0,0.0,-0.008243593026155323,0.0,0.0,0.0,0.0,0.0,0.0,0.0,0,0.0,0.0,0.0,0.0,0.0,0.0,0.0,0.0,0.0,0.0,0.0,0.0,0.0,0.0,0.9999999999999997,0.0,0.0,0.9999999999999997,0.0,,,T1,,,,,,,
P2-IMA-M-v2,17,Anchor,1703ca22a1c39afeca05ffd0c12fe01606f41d5af81442d20102f130cc2ca491,M,0.0,0.0,0.0,anchor,tool_sensitivity,,,86,86,0.0,0.0,0.0,0.0,0.0,0.0,0.0,9,nan,0,nan,0,nan,0,0.0,0.0,0.0,0.0,0.0,0.0,0.0,0.0,0.7861146720159454,0.7004749312136894,0.5709566726469026,0.32345700919002185,0.1770818911554834,0.5020604257829707,345.5425721079044,0.08292589375962788,0.22812973725241284,0.20519081865394012,0.7489313455807014,0.22833462684727385,0.0,0.0,0.0,0.0,0.7861146720159454,0.7800811527295488,0.0,0.0,0.006033519286396471,0.0,0.0,0.0,0.0,0.0,0.0,0.0,0,0.0,0.0,0.0,0.0,0.0,0.0,0.0,0.0,0.0,0.0,0.0,0.0,0.0,0.0,1.000000000000001,0.0,0.0,1.000000000000001,0.0,,,T2,,,,,,,
P2-IMA-M-v2,17,Anchor,1703ca22a1c39afeca05ffd0c12fe01606f41d5af81442d20102f130cc2ca491,M,0.0,0.0,0.0,anchor,tool_sensitivity,,,147,176,0.0,0.0,0.0,0.0,0.0,0.0,0.0,15,0.0,28,nan,0,nan,0,0.0,0.0,0.0,0.0,0.0,0.0,0.0,0.0,0.8726097188479979,0.7924147318368207,0.7183643942830785,0.47344862627540546,0.2833347323624682,0.6811374916851499,156.44949981335384,0.04335613496966034,0.1341256881132722,0.12376168769939493,0.8555103116615964,0.13420993684097118,0.0,0.0,0.0,0.0,0.8726097188479979,0.8758472808475124,0.0,0.0,-0.0032375619995146294,0.0,0.0,0.0,0.0,0.0,0.0,0.0,0,0.0,0.0,0.0,0.0,0.0,0.0,0.0,0.0,0.0,0.0,0.0,0.0,0.0,0.0,1.0000000000000009,0.0,0.0,1.0000000000000009,0.0,,,T3,,,,,,,
P2-IMA-M-v2,17,B,1703ca22a1c39afeca05ffd0c12fe01606f41d5af81442d20102f130cc2ca491,H,1.0,0.0,1.0,b,native_source_subset,H,H,47,104,0.009993568115628446,0.017659298311039982,0.00766573019541154,0.005872287924145452,0.6170212765957447,-0.007889383974134233,-0.056630292500970694,5,0.46808510638297873,47,0.5365853658536586,41,0.46808510638297873,47,0.00766573019541154,0.7446808510638298,0.0069043257487009894,0.6595744680851063,0.005872287924145452,0.6170212765957447,0.00451180938283945,0.46808510638297873,0.8249517619576547,0.7345991190929028,0.6284498412238376,0.23985451063058896,0.13438469739803055,0.42557127161363173,193.52791836578774,0.06680448220777924,0.20995943423968255,0.22682872391677403,0.8069098554220442,0.20984968788573943,0.0,0.0,0.0,0.0,0.8149581938420262,0.8255253035873007,0.009993568115628446,0.01013337217059964,-0.0005735416296460328,19734.464539007095,9419.597517730495,19592.0195035461,23105.343971631206,0.5377559301057929,1.547586181999415,0.01963846897148298,0,0.0,0.06914893617021277,0.3191489361702127,0.15425531914893614,0.4840425531914896,0.2659574468085105,0.3794326241134752,0.10283687943262412,0.05319148936170213,0.07801418439716312,0.08333333333333334,0.0,0.010638297872340425,0.0,0.0,0.0,0.0,0.0,0.0,,,,,,,,,,
P2-IMA-M-v2,17,B,1703ca22a1c39afeca05ffd0c12fe01606f41d5af81442d20102f130cc2ca491,H,1.0,0.0,1.0,b,reference_count,,,39,78,0.011293998428293331,0.019696921362548782,0.008402922934255453,0.006452627351260789,0.6410256410256411,-0.007370681490520297,-0.05380327077861166,4,0.48717948717948717,39,0.5428571428571428,35,0.48717948717948717,39,0.008402922934255453,0.7435897435897436,0.007580980627007205,0.6923076923076923,0.006452627351260789,0.6410256410256411,0.0049786787286314966,0.48717948717948717,0.8102391565287734,0.7169996011244958,0.5989490530396249,0.2444058933667381,0.13800731341096034,0.4348769857103659,205.37785291888494,0.06665869799825305,0.21403891932314786,0.21827725331651238,0.7901994140785786,0.21392902736835162,0.0,0.0,0.0,0.0,0.7989451581004803,0.8108885804397054,0.011293998428293331,0.013189612720639277,-0.000649423910931816,23457.910256410258,9156.346153846154,21907.01282051282,26645.858974358973,0.5353881131594311,1.6301904784977603,0.017955177002701907,0,0.0,0.05128205128205128,0.32051282051282065,0.14102564102564102,0.5000000000000002,0.28205128205128216,0.41025641025641046,0.11538461538461536,0.0641025641025641,0.05128205128205128,0.05128205128205128,0.0,0.01282051282051282,0.0,0.0,0.0,0.0,0.0,0.0,m=2,,,,,,,,,
P2-IMA-M-v2,17,B,1703ca22a1c39afeca05ffd0c12fe01606f41d5af81442d20102f130cc2ca491,H,1.0,0.0,1.0,b,reference_count,,,8,26,0.003653970341387123,0.007725885934934592,0.004071915593547468,0.0030431332169581914,0.5,-0.010418058581752168,-0.06793837939040681,1,0.375,8,0.5,6,0.375,8,0.004071915593547468,0.75,0.003605633216958192,0.5,0.0030431332169581914,0.5,0.002235821322103223,0.375,0.8966757134234505,0.8203967691888875,0.7722661836218747,0.21766651979186188,0.11672444433499779,0.3802059153920525,135.7594874194388,0.0675151802292194,0.19007194445778927,0.2685171430930495,0.8883732569714387,0.18996290790800538,0.0,0.0,0.0,0.0,0.8930217430820635,0.8968793289318284,0.003653970341387123,-0.004765800510843595,-0.00020361550837783945,1582.6666666666665,10702.947916666668,8306.427083333332,5845.333333333334,0.5492990377193064,1.14489023656998,0.027844517319290725,0,0.0,0.15624999999999997,0.3125,0.21874999999999997,0.40625,0.18749999999999997,0.22916666666666666,0.041666666666666664,0.0,0.20833333333333331,0.23958333333333331,0.0,0.0,0.0,0.0,0.0,0.0,0.0,0.0,m>=3,,,,,,,,,
P2-IMA-M-v2,17,B,1703ca22a1c39afeca05ffd0c12fe01606f41d5af81442d20102f130cc2ca491,H,1.0,0.0,1.0,b,fixed_two_references,,,47,94,0.00960217778699821,0.017504212663624973,0.007902034876626766,0.006107988432562183,0.5957446808510638,-0.007155578664805885,-0.056630292500970694,5,0.425531914893617,47,0.4878048780487805,41,0.425531914893617,47,0.007902034876626766,0.723404255319149,0.0071400262571177184,0.6382978723404256,0.006107988432562183,0.5957446808510638,0.004769669568727673,0.44680851063829785,0.8247450432105591,0.7343639610328366,0.6304970170179698,0.2405138884120032,0.13302448787416818,0.4278275498681963,191.64159276146648,0.06669276944716418,0.21190918629315306,0.23055906979084767,0.8067406978628996,0.21174927980291958,0.0,0.0,0.0,0.0,0.815142865423561,0.8251954415974091,0.00960217778699821,0.008943952580398701,-0.0004503983868498279,19674.478723404256,9684.18085106383,19327.436170212764,23165.32978723404,0.5377559301057929,1.547586181999415,0.01963846897148298,0,0.0,0.06382978723404255,0.3191489361702127,0.15957446808510634,0.47872340425531934,0.2659574468085105,0.37234042553191493,0.10638297872340426,0.05319148936170213,0.0851063829787234,0.0851063829787234,0.0,0.010638297872340425,0.0,0.0,0.0,0.0,0.0,0.0,,17,,,,,,,,
P2-IMA-M-v2,17,B,1703ca22a1c39afeca05ffd0c12fe01606f41d5af81442d20102f130cc2ca491,H,1.0,0.0,1.0,b,tool_sensitivity,,,47,76,0.01215203438453047,0.0188972987290517,0.00674526434452123,0.004949592380458632,0.44680851063829785,0.0063091885783674246,-0.051094763466831415,5,0.35,20,0.3888888888888889,18,0.35,20,0.00674526434452123,0.5531914893617021,0.006001717086185657,0.46808510638297873,0.004949592380458632,0.44680851063829785,0.003629200634810337,0.3191489361702128,0.8510563159241441,0.7603410165334602,0.6575193980513863,0.25042327305717854,0.14286474966729346,0.427737892990487,165.4470144776176,0.05879576942070041,0.18406700714101606,0.19954271341181948,0.831408699776264,0.18392932164546183,0.0,0.0,0.0,0.0,0.8389042815396137,0.8522067521152912,0.01215203438453047,0.01291001430904189,-0.0011504361911467706,12658.939716312057,11352.381205673759,17659.235815602835,30180.86879432624,0.5377559301057929,1.547586181999415,0.01963846897148298,0,0.0,0.05851063829787234,0.28368794326241137,0.14361702127659573,0.4982269503546097,0.2304964539007092,0.40425531914893603,0.14539007092198583,0.09574468085106383,0.0673758865248227,0.07269503546099292,0.0,0.0,0.0,0.0,0.0,0.0,0.0,0.0,,,T1,,,,,,,
P2-IMA-M-v2,17,B,1703ca22a1c39afeca05ffd0c12fe01606f41d5af81442d20102f130cc2ca491,H,1.0,0.0,1.0,b,tool_sensitivity,,,28,28,0.007788634852107926,0.017857216416419713,0.010068581564311787,0.008182777770186968,0.32142857142857145,0.007788634852107926,-0.04850274209842409,3,nan,0,nan,0,nan,0,0.010068581564311787,0.42857142857142855,0.009227092117777069,0.39285714285714285,0.008182777770186968,0.32142857142857145,0.0066258756946699,0.2857142857142857,0.7592600131796655,0.6619761716809675,0.5271872472135704,0.2159453100372942,0.11766388514532641,0.40925032933122035,300.23469509142245,0.08571091054067335,0.260229111649096,0.25840353892583934,0.7379453134099094,0.2602637015143609,0.0,0.0,0.0,0.0,0.7514713783275575,0.7588887806437409,0.007788634852107926,0.010625446614410197,0.0003712325359244453,43094.82142857143,7990.785714285715,33307.46428571428,19774.571428571428,0.5465576505643874,1.8227927461101652,0.016276955059673213,0,0.0,0.07142857142857142,0.35714285714285704,0.17857142857142855,0.46428571428571414,0.32142857142857134,0.35714285714285704,0.07142857142857142,0.0,0.07142857142857142,0.07142857142857142,0.0,0.03571428571428571,0.0,0.0,0.0,0.0,0.0,0.0,,,T2,,,,,,,
P2-IMA-M-v2,17,Anchor,1703ca22a1c39afeca05ffd0c12fe01606f41d5af81442d20102f130cc2ca491,H,0.0,0.0,0.0,anchor,native_source_subset,H,H,47,104,0.0,0.0,0.0,0.0,0.0,0.0,0.0,5,0.0,47,nan,0,nan,0,0.0,0.0,0.0,0.0,0.0,0.0,0.0,0.0,0.8149581938420262,0.722216178015042,0.610136492624857,0.24001946218359105,0.13496483836013265,0.4127066241775352,204.36709473738685,0.07160556074306546,0.22009280641028223,0.2212892971785924,0.7811036847494848,0.22000206158386001,0.0,0.0,0.0,0.0,0.8149581938420262,0.8255253035873007,0.0,0.0,-0.010567109745274477,0.0,0.0,0.0,0.0,0.0,0.0,0.0,0,0.0,0.0,0.0,0.0,0.0,0.0,0.0,0.0,0.0,0.0,0.0,0.0,0.0,0.0,0.9999999999999984,0.0,0.0,0.9999999999999984,0.0,,,,,,,,,,
P2-IMA-M-v2,17,Anchor,1703ca22a1c39afeca05ffd0c12fe01606f41d5af81442d20102f130cc2ca491,H,0.0,0.0,0.0,anchor,reference_count,,,39,78,0.0,0.0,0.0,0.0,0.0,0.0,0.0,4,0.0,39,nan,0,nan,0,0.0,0.0,0.0,0.0,0.0,0.0,0.0,0.0,0.7989451581004803,0.7033662764876559,0.5784226578952192,0.2459910298176449,0.13868259012828366,0.4225412257127772,217.83421731553753,0.07200811384505786,0.22722853204378715,0.21529125190901163,0.7608341880225523,0.2271543285064839,0.0,0.0,0.0,0.0,0.7989451581004803,0.8108885804397054,0.0,0.0,-0.011943422339225148,0.0,0.0,0.0,0.0,0.0,0.0,0.0,0,0.0,0.0,0.0,0.0,0.0,0.0,0.0,0.0,0.0,0.0,0.0,0.0,0.0,0.0,0.9999999999999984,0.0,0.0,0.9999999999999984,0.0,m=2,,,,,,,,,
P2-IMA-M-v2,17,Anchor,1703ca22a1c39afeca05ffd0c12fe01606f41d5af81442d20102f130cc2ca491,H,0.0,0.0,0.0,anchor,reference_count,,,8,26,0.0,0.0,0.0,0.0,0.0,0.0,0.0,1,0.0,8,nan,0,nan,0,0.0,0.0,0.0,0.0,0.0,0.0,0.0,0.0,0.8930217430820635,0.8141094479610494,0.764741436931842,0.21090806996757872,0.11684079849039646,0.3647629416932312,138.71487216890233,0.0696431143708524,0.18530614394694567,0.2505297678677986,0.8799174812932808,0.1851347603360685,0.0,0.0,0.0,0.0,0.8930217430820635,0.8968793289318284,0.0,0.0,-0.0038575858497649617,0.0,0.0,0.0,0.0,0.0,0.0,0.0,0,0.0,0.0,0.0,0.0,0.0,0.0,0.0,0.0,0.0,0.0,0.0,0.0,0.0,0.0,0.9999999999999998,0.0,0.0,0.9999999999999998,0.0,m>=3,,,,,,,,,
P2-IMA-M-v2,17,Anchor,1703ca22a1c39afeca05ffd0c12fe01606f41d5af81442d20102f130cc2ca491,H,0.0,0.0,0.0,anchor,fixed_two_references,,,47,94,0.0,0.0,0.0,0.0,0.0,0.0,0.0,5,0.0,47,nan,0,nan,0,0.0,0.0,0.0,0.0,0.0,0.0,0.0,0.0,0.815142865423561,0.722683239307488,0.6129396415001924,0.24012408799307877,0.13287045861421262,0.4166643868499248,202.31320726839476,0.07135628721084655,0.22085313887355176,0.2228880768587337,0.7811817995955588,0.22072030886872587,0.0,0.0,0.0,0.0,0.815142865423561,0.8251954415974091,0.0,0.0,-0.010052576173848039,0.0,0.0,0.0,0.0,0.0,0.0,0.0,0,0.0,0.0,0.0,0.0,0.0,0.0,0.0,0.0,0.0,0.0,0.0,0.0,0.0,0.0,0.9999999999999983,0.0,0.0,0.9999999999999983,0.0,,17,,,,,,,,
P2-IMA-M-v2,17,Anchor,1703ca22a1c39afeca05ffd0c12fe01606f41d5af81442d20102f130cc2ca491,H,0.0,0.0,0.0,anchor,tool_sensitivity,,,47,76,0.0,0.0,0.0,0.0,0.0,0.0,0.0,5,0.0,20,nan,0,nan,0,0.0,0.0,0.0,0.0,0.0,0.0,0.0,0.0,0.8389042815396137,0.7443401011815208,0.6363050588685911,0.24969922313355336,0.14851884478850705,0.4096416307763294,178.43214332165502,0.06387897748069327,0.19697702145005794,0.1967829173110452,0.8028288765790614,0.19687137886040212,0.0,0.0,0.0,0.0,0.8389042815396137,0.8522067521152912,0.0,0.0,-0.013302470575677237,0.0,0.0,0.0,0.0,0.0,0.0,0.0,0,0.0,0.0,0.0,0.0,0.0,0.0,0.0,0.0,0.0,0.0,0.0,0.0,0.0,0.0,1.0000000000000004,0.0,0.0,1.0000000000000004,0.0,,,T1,,,,,,,
P2-IMA-M-v2,17,Anchor,1703ca22a1c39afeca05ffd0c12fe01606f41d5af81442d20102f130cc2ca491,H,0.0,0.0,0.0,anchor,tool_sensitivity,,,28,28,0.0,0.0,0.0,0.0,0.0,0.0,0.0,3,nan,0,nan,0,nan,0,0.0,0.0,0.0,0.0,0.0,0.0,0.0,0.0,0.7514713783275575,0.6556572507826562,0.5089282276356467,0.23219173196172935,0.11688468839574537,0.42426693201115656,310.75608320711075,0.09139549280156971,0.2708545582635062,0.2495455057360232,0.707836388447114,0.2709251585986613,0.0,0.0,0.0,0.0,0.7514713783275575,0.7588887806437409,0.0,0.0,-0.00741740231618348,0.0,0.0,0.0,0.0,0.0,0.0,0.0,0,0.0,0.0,0.0,0.0,0.0,0.0,0.0,0.0,0.0,0.0,0.0,0.0,0.0,0.0,0.9999999999999997,0.0,0.0,0.9999999999999997,0.0,,,T2,,,,,,,
P2-IMA-M-v2,17,B,1703ca22a1c39afeca05ffd0c12fe01606f41d5af81442d20102f130cc2ca491,T1,1.0,0.0,1.0,b,native_source_subset,T1,T1,20,49,0.007292400753814125,0.013768162358729411,0.006475761604915285,0.004739870690619865,0.6,-0.006438286890669026,-0.057064675499188255,2,0.35,20,0.3888888888888889,18,0.35,20,0.006475761604915285,0.7,0.005755915320946241,0.6,0.004739870690619865,0.6,0.003461538387812369,0.45,0.8549395092154161,0.7740840494980071,0.6862655069738246,0.25411697158653124,0.1389961722937671,0.4512309198143914,130.05619320443256,0.06352511734441721,0.20327782553310197,0.2523083035911744,0.8457526534795761,0.20298447368128306,0.0,0.0,0.0,0.0,0.847647108461602,0.8554848208728814,0.007292400753814125,0.0015075778899093465,-0.0005453116574653867,2689.1583333333333,7740.445833333333,4547.704166666666,10081.641666666666,0.5267752342620232,1.1998806236994688,0.02365128216885801,0,0.0,0.0875,0.36666666666666675,0.1375,0.4708333333333335,0.2916666666666667,0.35000000000000003,0.04166666666666667,0.025,0.10833333333333334,0.12083333333333332,0.0,0.0,0.0,0.0,0.0,0.0,0.0,0.0,,,,,,,,,,
P2-IMA-M-v2,17,B,1703ca22a1c39afeca05ffd0c12fe01606f41d5af81442d20102f130cc2ca491,T1,1.0,0.0,1.0,b,reference_count,,,13,26,0.008638173575719084,0.01670157427362484,0.008063400697905752,0.00576948588201902,0.6923076923076923,-0.004422683722776996,-0.04422324817460366,2,0.38461538461538464,13,0.38461538461538464,13,0.38461538461538464,13,0.008063400697905752,0.6923076923076923,0.007140323774828829,0.6923076923076923,0.00576948588201902,0.6923076923076923,0.004043217864277213,0.5384615384615384,0.8259720195903776,0.7399408627550798,0.6048354127178759,0.2841065554294327,0.154086292314443,0.5051215484296079,162.08681888043049,0.06804373710180442,0.21630116222569576,0.2489308900772952,0.8163285645154806,0.21583590634358307,0.0,0.0,0.0,0.0,0.8173338460146586,0.8267371441305992,0.008638173575719084,0.003859670259631597,-0.0007651245402214942,3191.576923076923,7373.538461538462,2800.0,12060.73076923077,0.5158232745813115,1.31828841481008,0.019695526785472657,0,0.0,0.038461538461538464,0.423076923076923,0.07692307692307693,0.4999999999999999,0.3846153846153846,0.423076923076923,0.038461538461538464,0.038461538461538464,0.038461538461538464,0.038461538461538464,0.0,0.0,0.0,0.0,0.0,0.0,0.0,0.0,m=2,,,,,,,,,
P2-IMA-M-v2,17,B,1703ca22a1c39afeca05ffd0c12fe01606f41d5af81442d20102f130cc2ca491,T1,1.0,0.0,1.0,b,reference_count,,,7,23,0.004793108370276343,0.00832039737392362,0.003527289003647275,0.0028277281923071496,0.42857142857142855,-0.010181549916754224,-0.06793837939040681,1,0.2857142857142857,7,0.4,5,0.2857142857142857,7,0.003527289003647275,0.7142857142857143,0.0031848710494500067,0.42857142857142855,0.0028277281923071496,0.42857142857142855,0.0023812765029490902,0.2857142857142857,0.9087362756619155,0.8374928248777292,0.8374928248777292,0.19842203016400026,0.1109716636839403,0.35114832381470346,70.57074552043643,0.05513339493784097,0.1790916288182849,0.2585806429740929,0.900397390127182,0.17911752730844016,0.0,0.0,0.0,0.0,0.903943167291639,0.9088733633942626,0.004793108370276343,-0.0028605936538605463,-0.00013708773234690153,1756.095238095238,8421.845238095239,7793.440476190476,6406.190476190476,0.5471145879547735,0.979980440208334,0.03099768502371652,0,0.0,0.17857142857142855,0.26190476190476186,0.25,0.4166666666666666,0.11904761904761904,0.21428571428571425,0.047619047619047616,0.0,0.23809523809523808,0.2738095238095238,0.0,0.0,0.0,0.0,0.0,0.0,0.0,0.0,m>=3,,,,,,,,,
P2-IMA-M-v2,17,B,1703ca22a1c39afeca05ffd0c12fe01606f41d5af81442d20102f130cc2ca491,T1,1.0,0.0,1.0,b,fixed_two_references,,,20,40,0.00619115122975879,0.013314603440753855,0.007123452210995066,0.005344474823956509,0.55,-0.004713844413747409,-0.057064675499188255,2,0.25,20,0.2777777777777778,18,0.25,20,0.007123452210995066,0.65,0.006385519454282884,0.55,0.005344474823956509,0.55,0.0040765510965403585,0.4,0.8528892999088045,0.7710029202434454,0.683184377719263,0.2530237195449726,0.13382324215445182,0.4540024116679732,131.76857781361497,0.06486291782034095,0.20954097835347057,0.2632219478255138,0.8441399931907654,0.20914551095330225,0.0,0.0,0.0,0.0,0.8466981486790457,0.8531620317509093,0.00619115122975879,-0.0014220994897186756,-0.0002727318421049292,2538.975,8624.35,3663.8,10231.825,0.5267752342620232,1.1998806236994688,0.02365128216885801,0,0.0,0.07500000000000001,0.37500000000000006,0.15,0.4500000000000001,0.3,0.325,0.05,0.025,0.125,0.125,0.0,0.0,0.0,0.0,0.0,0.0,0.0,0.0,,17,,,,,,,,
P2-IMA-M-v2,17,B,1703ca22a1c39afeca05ffd0c12fe01606f41d5af81442d20102f130cc2ca491,T1,1.0,0.0,1.0,b,tool_sensitivity,,,20,49,0.007292400753814125,0.013768162358729411,0.006475761604915285,0.004739870690619865,0.6,-0.006438286890669026,-0.057064675499188255,2,0.35,20,0.3888888888888889,18,0.35,20,0.006475761604915285,0.7,0.005755915320946241,0.6,0.004739870690619865,0.6,0.003461538387812369,0.45,0.8549395092154161,0.7740840494980071,0.6862655069738246,0.25411697158653124,0.1389961722937671,0.4512309198143914,130.05619320443256,0.06352511734441721,0.20327782553310197,0.2523083035911744,0.8457526534795761,0.20298447368128306,0.0,0.0,0.0,0.0,0.847647108461602,0.8554848208728814,0.007292400753814125,0.0015075778899093465,-0.0005453116574653867,2689.1583333333333,7740.445833333333,4547.704166666666,10081.641666666666,0.5267752342620232,1.1998806236994688,0.02365128216885801,0,0.0,0.0875,0.36666666666666675,0.1375,0.4708333333333335,0.2916666666666667,0.35000000000000003,0.04166666666666667,0.025,0.10833333333333334,0.12083333333333332,0.0,0.0,0.0,0.0,0.0,0.0,0.0,0.0,,,T1,,,,,,,
P2-IMA-M-v2,17,Anchor,1703ca22a1c39afeca05ffd0c12fe01606f41d5af81442d20102f130cc2ca491,T1,0.0,0.0,0.0,anchor,native_source_subset,T1,T1,20,49,0.0,0.0,0.0,0.0,0.0,0.0,0.0,2,0.0,20,nan,0,nan,0,0.0,0.0,0.0,0.0,0.0,0.0,0.0,0.0,0.847647108461602,0.762493513549044,0.67527476964469,0.23388609452810988,0.13048392727678376,0.4147215520463618,135.89430343440048,0.06622242439280127,0.2047854034230113,0.24316759017917017,0.8335967816412448,0.2044637444419212,0.0,0.0,0.0,0.0,0.847647108461602,0.8554848208728814,0.0,0.0,-0.00783771241127951,0.0,0.0,0.0,0.0,0.0,0.0,0.0,0,0.0,0.0,0.0,0.0,0.0,0.0,0.0,0.0,0.0,0.0,0.0,0.0,0.0,0.0,1.0000000000000007,0.0,0.0,1.0000000000000007,0.0,,,,,,,,,,
P2-IMA-M-v2,17,Anchor,1703ca22a1c39afeca05ffd0c12fe01606f41d5af81442d20102f130cc2ca491,T1,0.0,0.0,0.0,anchor,reference_count,,,13,26,0.0,0.0,0.0,0.0,0.0,0.0,0.0,2,0.0,13,nan,0,nan,0,0.0,0.0,0.0,0.0,0.0,0.0,0.0,0.0,0.8173338460146586,0.7262255386388663,0.5920428557090911,0.2571985967947412,0.14239175980280078,0.462228201416936,169.46364004825585,0.07093962237950895,0.22016083248532736,0.2428725233588081,0.8025508557374661,0.2197028579466827,0.0,0.0,0.0,0.0,0.8173338460146586,0.8267371441305992,0.0,0.0,-0.00940329811594058,0.0,0.0,0.0,0.0,0.0,0.0,0.0,0,0.0,0.0,0.0,0.0,0.0,0.0,0.0,0.0,0.0,0.0,0.0,0.0,0.0,0.0,0.9999999999999996,0.0,0.0,0.9999999999999996,0.0,m=2,,,,,,,,,
P2-IMA-M-v2,17,Anchor,1703ca22a1c39afeca05ffd0c12fe01606f41d5af81442d20102f130cc2ca491,T1,0.0,0.0,0.0,anchor,reference_count,,,7,23,0.0,0.0,0.0,0.0,0.0,0.0,0.0,1,0.0,7,nan,0,nan,0,0.0,0.0,0.0,0.0,0.0,0.0,0.0,0.0,0.903943167291639,0.8298483240965167,0.8298483240965167,0.19059144746150894,0.10836938115703784,0.3264949175010096,73.55124972295481,0.057461913846058435,0.17623103516442434,0.24371557141698544,0.891253501176834,0.1761625336473641,0.0,0.0,0.0,0.0,0.903943167291639,0.9088733633942626,0.0,0.0,-0.004930196102623245,0.0,0.0,0.0,0.0,0.0,0.0,0.0,0,0.0,0.0,0.0,0.0,0.0,0.0,0.0,0.0,0.0,0.0,0.0,0.0,0.0,0.0,1.0000000000000002,0.0,0.0,1.0000000000000002,0.0,m>=3,,,,,,,,,
P2-IMA-M-v2,17,Anchor,1703ca22a1c39afeca05ffd0c12fe01606f41d5af81442d20102f130cc2ca491,T1,0.0,0.0,0.0,anchor,fixed_two_references,,,20,40,0.0,0.0,0.0,0.0,0.0,0.0,0.0,2,0.0,20,nan,0,nan,0,0.0,0.0,0.0,0.0,0.0,0.0,0.0,0.0,0.8466981486790457,0.7613560827366039,0.67413733883225,0.23508490747984756,0.1270667357337914,0.4220357453302107,137.18289903309454,0.067229139704281,0.20811887886375188,0.24892499060370027,0.8326872311532497,0.2077114206744041,0.0,0.0,0.0,0.0,0.8466981486790457,0.8531620317509093,0.0,0.0,-0.00646388307186372,0.0,0.0,0.0,0.0,0.0,0.0,0.0,0,0.0,0.0,0.0,0.0,0.0,0.0,0.0,0.0,0.0,0.0,0.0,0.0,0.0,0.0,1.0000000000000004,0.0,0.0,1.0000000000000004,0.0,,17,,,,,,,,
P2-IMA-M-v2,17,Anchor,1703ca22a1c39afeca05ffd0c12fe01606f41d5af81442d20102f130cc2ca491,T1,0.0,0.0,0.0,anchor,tool_sensitivity,,,20,49,0.0,0.0,0.0,0.0,0.0,0.0,0.0,2,0.0,20,nan,0,nan,0,0.0,0.0,0.0,0.0,0.0,0.0,0.0,0.0,0.847647108461602,0.762493513549044,0.67527476964469,0.23388609452810988,0.13048392727678376,0.4147215520463618,135.89430343440048,0.06622242439280127,0.2047854034230113,0.24316759017917017,0.8335967816412448,0.2044637444419212,0.0,0.0,0.0,0.0,0.847647108461602,0.8554848208728814,0.0,0.0,-0.00783771241127951,0.0,0.0,0.0,0.0,0.0,0.0,0.0,0,0.0,0.0,0.0,0.0,0.0,0.0,0.0,0.0,0.0,0.0,0.0,0.0,0.0,0.0,1.0000000000000007,0.0,0.0,1.0000000000000007,0.0,,,T1,,,,,,,
P2-IMA-M-v2,17,D0,6e0811712543811a10b6cde1ec29db65b7bb4f25142c6991f2738d3d5c073f0a,M,1.0,0.0,1.0,d0,native_source_subset,M,M,223,471,0.0030649152135921896,0.012552872267370662,0.009487957053778473,0.0074222018819997725,0.6233183856502242,-0.013812583566613443,-0.06666460902230338,23,0.42152466367713004,223,0.48205128205128206,195,0.42152466367713004,223,0.009487957053778473,0.7847533632286996,0.008594419909036416,0.7309417040358744,0.0074222018819997725,0.6233183856502242,0.005835094162595868,0.5112107623318386,0.858316915574831,0.7752951481186273,0.6953457042321619,0.3803099174830215,0.21931091895986743,0.5812617008170544,186.71883120506132,0.052603580986980106,0.1539851270312574,0.14980114680215137,0.841830892524535,0.15395645851260165,0.0,0.0,0.0,0.0,0.8552520003612387,0.858316915574831,0.0030649152135921896,0.00556609393006973,0.0,44658.63826606876,22850.47346786248,27008.185724962634,43215.56352765321,0.5537203169380424,1.1581989799741819,0.017116719721224975,0,0.0,0.08034379671150975,0.37369207772795315,0.15620328849028423,0.4775784753363243,0.31539611360239245,0.38116591928251226,0.10089686098654717,0.043348281016442454,0.02354260089686098,0.043348281016442454,0.002242152466367713,0.002242152466367713,0.0,0.0,0.0,0.0,0.0,0.0,,,,,,,,,,
P2-IMA-M-v2,17,D0,6e0811712543811a10b6cde1ec29db65b7bb4f25142c6991f2738d3d5c073f0a,M,1.0,0.0,1.0,d0,reference_count,,,203,406,0.0024666991120248396,0.011909954368256618,0.009443255256231778,0.007320389021338022,0.625615763546798,-0.012974560037501411,-0.06031310321803489,21,0.4088669950738916,203,0.4689265536723164,177,0.4088669950738916,203,0.009443255256231778,0.7881773399014779,0.008522393234660076,0.7389162561576355,0.007320389021338022,0.625615763546798,0.005694053297100482,0.5172413793103449,0.864800460635338,0.7834951395824548,0.7099748021208784,0.39674553832590526,0.22808808248657708,0.6050644982567187,170.87763255344,0.04634120914030982,0.13689606393150655,0.12285185220830253,0.8490597240883505,0.1368761446901202,0.0,0.0,0.0,0.0,0.8623337615233133,0.864800460635338,0.0024666991120248396,0.005769455479687364,0.0,40997.80049261084,23205.55172413793,27361.463054187192,37262.67733990148,0.5502919624908921,1.1615980136802895,0.013937894985947523,0,0.0,0.08128078817733984,0.38423645320197003,0.15763546798029543,0.4778325123152704,0.32266009852216715,0.3817733990147779,0.10344827586206888,0.044334975369458116,0.012315270935960592,0.02955665024630542,0.0024630541871921183,0.0024630541871921183,0.0,0.0,0.0,0.0,0.0,0.0,m=2,,,,,,,,,
P2-IMA-M-v2,17,D0,6e0811712543811a10b6cde1ec29db65b7bb4f25142c6991f2738d3d5c073f0a,M,1.0,0.0,1.0,d0,reference_count,,,20,65,0.009136808644500791,0.019078488943378206,0.00994168029887741,0.008455602417716571,0.6,-0.022318522387100602,-0.10850634915602378,2,0.55,20,0.6111111111111112,18,0.55,20,0.00994168029887741,0.75,0.009325490653956273,0.65,0.008455602417716571,0.6,0.00726665894737402,0.45,0.7925089332106839,0.6920652347607783,0.5468603606616893,0.21348836592775186,0.13022270916376438,0.3396633068044633,347.5069975190179,0.11616665523068352,0.3274391174937288,0.4233364869297172,0.7684582521518071,0.3273216438107885,0.0,0.0,0.0,0.0,0.7833721245661831,0.7925089332106839,0.009136808644500791,0.0035019742014507443,0.0,81816.14166666668,19246.429166666665,23422.420833333334,103637.35833333334,0.5885181145766176,1.1236987878571925,0.04938179078429113,0,0.0,0.07083333333333333,0.26666666666666666,0.14166666666666666,0.475,0.24166666666666664,0.37500000000000006,0.075,0.03333333333333333,0.13749999999999998,0.18333333333333332,0.0,0.0,0.0,0.0,0.0,0.0,0.0,0.0,m>=3,,,,,,,,,
P2-IMA-M-v2,17,D0,6e0811712543811a10b6cde1ec29db65b7bb4f25142c6991f2738d3d5c073f0a,M,1.0,0.0,1.0,d0,fixed_two_references,,,223,446,0.002396773717993152,0.012278208504832567,0.009881434786839413,0.007790893761113273,0.6143497757847534,-0.013546835458277248,-0.06666460902230338,23,0.39461883408071746,223,0.4536082474226804,194,0.39461883408071746,223,0.009881434786839413,0.7713004484304933,0.008978761143729226,0.7174887892376681,0.007790893761113273,0.6143497757847534,0.006187907557304139,0.5067264573991032,0.8572851765265763,0.7741276819196611,0.6940511902452372,0.3789380263258262,0.21854181170175047,0.5795158665038211,189.92471047093346,0.053176357352116316,0.15479271652202034,0.15072820376763496,0.8411427705544323,0.15477362286872587,0.0,0.0,0.0,0.0,0.854888402808583,0.8572851765265763,0.002396773717993152,0.005127732675405628,0.0,45620.16816143498,22968.026905829596,26890.632286995515,42254.033632287,0.5537203169380424,1.1581989799741819,0.017116719721224975,0,0.0,0.07847533632287,0.37892376681614437,0.1591928251121079,0.4730941704035886,0.32062780269058366,0.37443946188340893,0.1008968609865472,0.042600896860986545,0.02466367713004484,0.042600896860986545,0.002242152466367713,0.002242152466367713,0.0,0.0,0.0,0.0,0.0,0.0,,17,,,,,,,,
P2-IMA-M-v2,17,D0,6e0811712543811a10b6cde1ec29db65b7bb4f25142c6991f2738d3d5c073f0a,M,1.0,0.0,1.0,d0,tool_sensitivity,,,166,209,0.008243593026155323,0.01634778984494443,0.008104196818789105,0.0060943277545675864,0.39156626506024095,0.005304174364985821,-0.04983518412265918,17,0.4117647058823529,34,0.4827586206896552,29,0.4117647058823529,34,0.008104196818789105,0.5240963855421686,0.0072247470819403435,0.463855421686747,0.0060943277545675864,0.39156626506024095,0.0045507487695674136,0.3253012048192771,0.8678347524489172,0.7800594991885765,0.7060326187448179,0.3240560939441434,0.18140834649797002,0.5146383205817111,174.60741335364057,0.05279591318298191,0.1553450888359403,0.158066724964238,0.8473765460482563,0.15518526540628963,0.0,0.0,0.0,0.0,0.8595911594227618,0.8678347524489172,0.008243593026155323,0.010710579388023141,0.0,17205.43473895582,28513.17419678715,15115.367971887552,75991.08333333333,0.5432306633346716,1.169235039656284,0.019756698535048422,0,0.0,0.09989959839357432,0.36244979919678727,0.12299196787148596,0.47791164658634594,0.2941767068273093,0.41666666666666713,0.10692771084337353,0.045180722891566265,0.02108433734939759,0.052710843373493965,0.0,0.0,0.0,0.0,0.0,0.0,0.0,0.0,,,T1,,,,,,,
P2-IMA-M-v2,17,D0,6e0811712543811a10b6cde1ec29db65b7bb4f25142c6991f2738d3d5c073f0a,M,1.0,0.0,1.0,d0,tool_sensitivity,,,86,86,-0.006033519286396471,0.009003784814702586,0.015037304101099058,0.012702711589044527,0.4186046511627907,-0.006033519286396471,-0.06610471464522577,9,nan,0,nan,0,nan,0,0.015037304101099058,0.5,0.014056220102194513,0.4883720930232558,0.012702711589044527,0.4186046511627907,0.010663281272986675,0.3953488372093023,0.7800811527295488,0.6926799608563274,0.5577638531086698,0.28759779304734945,0.1622043778543269,0.4740151590398757,361.1866860471253,0.08559160486192886,0.226483567141343,0.21295870325073255,0.7599915708739032,0.2267442549050689,0.0,0.0,0.0,0.0,0.7861146720159454,0.7800811527295488,-0.006033519286396471,0.0016461701110698456,0.0,139775.38372093023,31513.593023255813,71070.96511627907,41083.29069767442,0.5722047154199199,1.4206366998202078,0.023257906766126556,0,0.0,0.06976744186046512,0.3953488372093025,0.18604651162790692,0.4069767441860467,0.37209302325581406,0.2906976744186046,0.10465116279069767,0.046511627906976744,0.03488372093023256,0.06976744186046512,0.011627906976744186,0.011627906976744186,0.0,0.0,0.0,0.0,0.0,0.0,,,T2,,,,,,,
P2-IMA-M-v2,17,D0,6e0811712543811a10b6cde1ec29db65b7bb4f25142c6991f2738d3d5c073f0a,M,1.0,0.0,1.0,d0,tool_sensitivity,,,147,176,0.0032375619995146294,0.011905517915839216,0.008667955916324585,0.006661617135874342,0.3877551020408163,0.0011822943468998259,-0.05585592191179005,15,0.21428571428571427,28,0.24,25,0.21428571428571427,28,0.008667955916324585,0.5034013605442177,0.007796313973399348,0.4557823129251701,0.006661617135874342,0.3877551020408163,0.005236802008036486,0.2653061224489796,0.8758472808475124,0.7964994490245799,0.7271992820838495,0.4718610267385539,0.28045512484887597,0.6818680276179696,155.17638906695788,0.04217634796794517,0.13146376117954112,0.12703576134417477,0.864108238816937,0.1315232391773348,0.0,0.0,0.0,0.0,0.8726097188479979,0.8758472808475124,0.0032375619995146294,0.002661926933731081,0.0,42197.26984126984,15813.074829931973,20590.863945578232,31490.70294784581,0.5621211080784241,1.0254864308797538,0.013722543322086998,0,0.0,0.0600907029478458,0.3730158730158732,0.17687074829931976,0.5079365079365082,0.316326530612245,0.3888888888888891,0.0952380952380952,0.03741496598639456,0.02040816326530612,0.023809523809523808,0.0,0.0,0.0,0.0,0.0,0.0,0.0,0.0,,,T3,,,,,,,
P2-IMA-M-v2,17,D0,6e0811712543811a10b6cde1ec29db65b7bb4f25142c6991f2738d3d5c073f0a,H,1.0,0.0,1.0,d0,native_source_subset,H,H,47,104,0.010567109745274477,0.018026924440798505,0.007459814695524027,0.005787720381063693,0.574468085106383,-0.007219580801040064,-0.05794142116732668,5,0.44680851063829785,47,0.5121951219512195,41,0.44680851063829785,47,0.007459814695524027,0.7021276595744681,0.006748207026063355,0.6595744680851063,0.005787720381063693,0.574468085106383,0.00439432111961448,0.5106382978723404,0.8255253035873007,0.7350900907206728,0.6209810422844424,0.2403868682310032,0.133263234458589,0.4251556828737232,193.33473550692392,0.06673486552728539,0.2089820848976044,0.22406689796170734,0.8061027287175169,0.20886263439558078,0.0,0.0,0.0,0.0,0.8149581938420262,0.8255253035873007,0.010567109745274477,0.011110721512677823,0.0,16426.77659574468,14412.64716312057,24745.629432624115,21186.351063829785,0.5511957602828149,1.561624850728891,0.02152789912581525,0,0.0,0.0549645390070922,0.28368794326241126,0.15780141843971626,0.5354609929078017,0.2446808510638297,0.41489361702127675,0.09042553191489362,0.05319148936170213,0.07446808510638298,0.0797872340425532,0.0,0.010638297872340425,0.0,0.0,0.0,0.0,0.0,0.0,,,,,,,,,,
P2-IMA-M-v2,17,D0,6e0811712543811a10b6cde1ec29db65b7bb4f25142c6991f2738d3d5c073f0a,H,1.0,0.0,1.0,d0,reference_count,,,39,78,0.011943422339225148,0.020060564105118986,0.00811714176589384,0.006329026667005433,0.5897435897435898,-0.006573711270805192,-0.05298376922976139,4,0.46153846153846156,39,0.5294117647058824,34,0.46153846153846156,39,0.00811714176589384,0.717948717948718,0.007353362226120665,0.6923076923076923,0.006329026667005433,0.5897435897435898,0.004823149621792102,0.5384615384615384,0.8108885804397054,0.7175649378996245,0.5899501378271802,0.24531177671961638,0.13565444285085484,0.4353942251668515,205.32549717490258,0.06665392788188623,0.2127324052584859,0.21473069404526493,0.7892658841923409,0.2126134581799299,0.0,0.0,0.0,0.0,0.7989451581004803,0.8108885804397054,0.011943422339225148,0.014496126785301246,0.0,19469.628205128207,14973.076923076924,28044.51282051282,24147.910256410258,0.5481174290990473,1.627979256318321,0.01977061144955576,0,0.0,0.05128205128205128,0.294871794871795,0.15384615384615385,0.5512820512820513,0.2564102564102565,0.4358974358974361,0.10256410256410255,0.0641025641025641,0.038461538461538464,0.038461538461538464,0.0,0.01282051282051282,0.0,0.0,0.0,0.0,0.0,0.0,m=2,,,,,,,,,
P2-IMA-M-v2,17,D0,6e0811712543811a10b6cde1ec29db65b7bb4f25142c6991f2738d3d5c073f0a,H,1.0,0.0,1.0,d0,reference_count,,,8,26,0.0038575858497649617,0.008112931077236155,0.004255345227471193,0.0031488522370977075,0.5,-0.010368194760935062,-0.07777202891758783,1,0.375,8,0.42857142857142855,7,0.375,8,0.004255345227471193,0.625,0.0037980754257839686,0.5,0.0031488522370977075,0.5,0.0023037821714985782,0.375,0.8968793289318284,0.8205252107232823,0.7722567015135959,0.21637793934901356,0.12160609354629295,0.37524278919472254,134.87977237552806,0.06712943654860613,0.19069927313830703,0.2695808920543641,0.88818234577775,0.19057736844687834,0.0,0.0,0.0,0.0,0.8930217430820635,0.8968793289318284,0.0038575858497649617,-0.005393129191361368,0.0,1592.875,11680.552083333334,8663.572916666666,6748.75,0.5662026248036822,1.2381471234804182,0.030094676547580294,0,0.0,0.07291666666666666,0.22916666666666663,0.17708333333333331,0.45833333333333337,0.18749999999999997,0.3125,0.03125,0.0,0.24999999999999997,0.28125,0.0,0.0,0.0,0.0,0.0,0.0,0.0,0.0,m>=3,,,,,,,,,
P2-IMA-M-v2,17,D0,6e0811712543811a10b6cde1ec29db65b7bb4f25142c6991f2738d3d5c073f0a,H,1.0,0.0,1.0,d0,fixed_two_references,,,47,94,0.010052576173848039,0.017860662041076007,0.007808085867227968,0.006108909324762549,0.5531914893617021,-0.0065602227644465765,-0.05794142116732668,5,0.40425531914893614,47,0.4634146341463415,41,0.40425531914893614,47,0.007808085867227968,0.6808510638297872,0.007084157363581149,0.6382978723404256,0.006108909324762549,0.5531914893617021,0.004731242818104975,0.48936170212765956,0.8251954415974091,0.7346437855865044,0.6228236112905561,0.24057427982682703,0.13112551461402552,0.427136468736604,191.54934764466785,0.06668466598939439,0.21131043233215174,0.2284220391413831,0.8058011755036669,0.2111415135268223,0.0,0.0,0.0,0.0,0.815142865423561,0.8251954415974091,0.010052576173848039,0.009542706541400006,0.0,16396.17021276596,14709.340425531915,24448.936170212764,21216.957446808512,0.5511957602828149,1.561624850728891,0.02152789912581525,0,0.0,0.05319148936170213,0.2872340425531914,0.15957446808510634,0.521276595744681,0.24468085106382964,0.40425531914893625,0.09574468085106383,0.05319148936170213,0.0851063829787234,0.0851063829787234,0.0,0.010638297872340425,0.0,0.0,0.0,0.0,0.0,0.0,,17,,,,,,,,
P2-IMA-M-v2,17,D0,6e0811712543811a10b6cde1ec29db65b7bb4f25142c6991f2738d3d5c073f0a,H,1.0,0.0,1.0,d0,tool_sensitivity,,,47,76,0.013302470575677237,0.01996519865679148,0.00666272808111424,0.004823006226312462,0.425531914893617,0.007238666516507717,-0.049199222977223234,5,0.35,20,0.3888888888888889,18,0.35,20,0.00666272808111424,0.5319148936170213,0.005871645424639751,0.48936170212765956,0.004823006226312462,0.425531914893617,0.003350034616727236,0.3617021276595745,0.8522067521152912,0.7615236062922511,0.6707493436805996,0.25545283038450967,0.14570965432385724,0.4308565666953246,166.14881491771675,0.05875629424312946,0.18246034029474917,0.19589691282685925,0.8309762316181305,0.18229907867018189,0.0,0.0,0.0,0.0,0.8389042815396137,0.8522067521152912,0.013302470575677237,0.014516681155308764,0.0,9384.28014184397,17842.945035460994,21315.331560283685,28228.8475177305,0.5511957602828149,1.561624850728891,0.02152789912581525,0,0.0,0.054964539007092195,0.2801418439716312,0.14716312056737585,0.5070921985815601,0.2304964539007092,0.4184397163120566,0.14361702127659576,0.0851063829787234,0.06382978723404255,0.06914893617021277,0.0,0.0,0.0,0.0,0.0,0.0,0.0,0.0,,,T1,,,,,,,
P2-IMA-M-v2,17,D0,6e0811712543811a10b6cde1ec29db65b7bb4f25142c6991f2738d3d5c073f0a,H,1.0,0.0,1.0,d0,tool_sensitivity,,,28,28,0.00741740231618348,0.016698988714219164,0.009281586398035684,0.00775280365521084,0.2857142857142857,0.00741740231618348,-0.05223981736073987,3,nan,0,nan,0,nan,0,0.009281586398035684,0.32142857142857145,0.008638729255178541,0.32142857142857145,0.00775280365521084,0.2857142857142857,0.006369983262235516,0.25,0.7588887806437409,0.6614382330075106,0.4805685585525517,0.20933150043603496,0.11091256593106136,0.40474604513655466,298.38290962007324,0.08541767176626433,0.2603336736293776,0.2567799261638096,0.736112581195617,0.2603910748712733,0.0,0.0,0.0,0.0,0.7514713783275575,0.7588887806437409,0.00741740231618348,0.010520884634128638,0.0,37591.07142857143,12669.107142857143,44054.92857142857,16248.714285714286,0.5576081333126245,1.8099915367639203,0.01738581951906516,0,0.0,0.07142857142857142,0.28571428571428564,0.17857142857142855,0.5714285714285713,0.24999999999999994,0.39285714285714274,0.03571428571428571,0.03571428571428571,0.07142857142857142,0.07142857142857142,0.0,0.03571428571428571,0.0,0.0,0.0,0.0,0.0,0.0,,,T2,,,,,,,
P2-IMA-M-v2,17,D0,6e0811712543811a10b6cde1ec29db65b7bb4f25142c6991f2738d3d5c073f0a,T1,1.0,0.0,1.0,d0,native_source_subset,T1,T1,20,49,0.00783771241127951,0.014597156686828766,0.006759444275549255,0.005197576529657977,0.55,-0.006412227127768863,-0.06454127006817767,2,0.35,20,0.3888888888888889,18,0.35,20,0.006759444275549255,0.6,0.006107265805132482,0.55,0.005197576529657977,0.55,0.003879365166870754,0.45,0.8554848208728814,0.7744003509217026,0.6853174809618701,0.2537101814259652,0.13630878642372002,0.44801352516778836,129.85992451379303,0.06364091315807203,0.201767320279032,0.2491297678090632,0.8455951280891896,0.20145208314800261,0.0,0.0,0.0,0.0,0.847647108461602,0.8554848208728814,0.00783771241127951,0.0030180831439793115,0.0,2598.5583333333334,9408.420833333334,5138.329166666666,10736.391666666666,0.5435935532872397,1.264414377682803,0.02656947265971899,0,0.0,0.029166666666666667,0.3083333333333334,0.14583333333333334,0.5416666666666667,0.2916666666666667,0.4333333333333334,0.037500000000000006,0.0,0.09999999999999999,0.11249999999999999,0.0,0.0,0.0,0.0,0.0,0.0,0.0,0.0,,,,,,,,,,
P2-IMA-M-v2,17,D0,6e0811712543811a10b6cde1ec29db65b7bb4f25142c6991f2738d3d5c073f0a,T1,1.0,0.0,1.0,d0,reference_count,,,13,26,0.00940329811594058,0.017722149406733702,0.008318851290793124,0.006340486342472278,0.6153846153846154,-0.0043121623040302025,-0.04548094006154252,2,0.38461538461538464,13,0.4166666666666667,12,0.38461538461538464,13,0.008318851290793124,0.6153846153846154,0.007494332496318432,0.6153846153846154,0.006340486342472278,0.6153846153846154,0.004576101722142681,0.5384615384615384,0.8267371441305992,0.7404018340988247,0.6033512649298514,0.2837371668317796,0.14666648221246914,0.5028548001175052,161.96995649164484,0.06836648563474557,0.21275088470429182,0.24178830792124456,0.8162865398021845,0.21226027223497587,0.0,0.0,0.0,0.0,0.8173338460146586,0.8267371441305992,0.00940329811594058,0.007409947781035533,0.0,3130.269230769231,9342.846153846154,3499.5384615384614,12743.73076923077,0.5323806255785622,1.3811379357385123,0.022847167817586507,0,0.0,0.0,0.3846153846153846,0.11538461538461539,0.5769230769230768,0.3846153846153846,0.4999999999999999,0.038461538461538464,0.0,0.0,0.0,0.0,0.0,0.0,0.0,0.0,0.0,0.0,0.0,m=2,,,,,,,,,
P2-IMA-M-v2,17,D0,6e0811712543811a10b6cde1ec29db65b7bb4f25142c6991f2738d3d5c073f0a,T1,1.0,0.0,1.0,d0,reference_count,,,7,23,0.004930196102623245,0.008793598778433885,0.0038634026758106407,0.0030750297344314184,0.42857142857142855,-0.01031234751471209,-0.07777202891758783,1,0.2857142857142857,7,0.3333333333333333,6,0.2857142857142857,7,0.0038634026758106407,0.5714285714285714,0.0035312848072157174,0.42857142857142855,0.0030750297344314184,0.42857142857142855,0.0025854258499371755,0.2857142857142857,0.9088733633942626,0.837540453592762,0.837540453592762,0.1979457799580243,0.11707306567318587,0.3461654431183146,70.22700798349683,0.0548648499871069,0.1813692720606923,0.2627639076007264,0.9000253634793417,0.1813797319864809,0.0,0.0,0.0,0.0,0.903943167291639,0.9088733633942626,0.004930196102623245,-0.005138236896267959,0.0,1611.0952380952383,9530.202380952382,8181.797619047619,7008.47619047619,0.564417561889069,1.047642055579343,0.0334823245093936,0,0.0,0.08333333333333333,0.16666666666666663,0.20238095238095238,0.4761904761904761,0.11904761904761904,0.3095238095238095,0.03571428571428571,0.0,0.2857142857142857,0.3214285714285714,0.0,0.0,0.0,0.0,0.0,0.0,0.0,0.0,m>=3,,,,,,,,,
P2-IMA-M-v2,17,D0,6e0811712543811a10b6cde1ec29db65b7bb4f25142c6991f2738d3d5c073f0a,T1,1.0,0.0,1.0,d0,fixed_two_references,,,20,40,0.00646388307186372,0.014122733618259591,0.007658850546395873,0.00599167289802598,0.5,-0.004862735741774168,-0.06454127006817767,2,0.25,20,0.2777777777777778,18,0.25,20,0.007658850546395873,0.55,0.006961051448974989,0.5,0.00599167289802598,0.5,0.004668766842332439,0.4,0.8531620317509093,0.7708486271620836,0.6817657572022509,0.25155609354443376,0.12926671397497178,0.4502155511570039,131.7312549369798,0.06510289005118672,0.20870566773228347,0.2611778641119599,0.8437665306031704,0.20829046031933976,0.0,0.0,0.0,0.0,0.8466981486790457,0.8531620317509093,0.00646388307186372,-0.0005867888685315847,0.0,2490.0,10371.25,4175.5,10844.95,0.5435935532872397,1.264414377682803,0.02656947265971899,0,0.0,0.025,0.325,0.15,0.5000000000000001,0.3,0.4000000000000001,0.05,0.0,0.125,0.125,0.0,0.0,0.0,0.0,0.0,0.0,0.0,0.0,,17,,,,,,,,
P2-IMA-M-v2,17,D0,6e0811712543811a10b6cde1ec29db65b7bb4f25142c6991f2738d3d5c073f0a,T1,1.0,0.0,1.0,d0,tool_sensitivity,,,20,49,0.00783771241127951,0.014597156686828766,0.006759444275549255,0.005197576529657977,0.55,-0.006412227127768863,-0.06454127006817767,2,0.35,20,0.3888888888888889,18,0.35,20,0.006759444275549255,0.6,0.006107265805132482,0.55,0.005197576529657977,0.55,0.003879365166870754,0.45,0.8554848208728814,0.7744003509217026,0.6853174809618701,0.2537101814259652,0.13630878642372002,0.44801352516778836,129.85992451379303,0.06364091315807203,0.201767320279032,0.2491297678090632,0.8455951280891896,0.20145208314800261,0.0,0.0,0.0,0.0,0.847647108461602,0.8554848208728814,0.00783771241127951,0.0030180831439793115,0.0,2598.5583333333334,9408.420833333334,5138.329166666666,10736.391666666666,0.5435935532872397,1.264414377682803,0.02656947265971899,0,0.0,0.029166666666666667,0.3083333333333334,0.14583333333333334,0.5416666666666667,0.2916666666666667,0.4333333333333334,0.037500000000000006,0.0,0.09999999999999999,0.11249999999999999,0.0,0.0,0.0,0.0,0.0,0.0,0.0,0.0,,,T1,,,,,,,
P2-IMA-M-v2,17,RSI-1,1e4601988e0929a2a1e1f936c88503f6bfbcf754a6b56807b3bdae26349b1a94,M,1.0,1.0,1.0,rsi,native_source_subset,M,M,223,471,0.0031275890595799443,0.008773162467152143,0.005645573407572198,0.0038679211496023703,0.5112107623318386,-0.007797784427664569,-0.041122508708104674,23,0.3542600896860987,223,0.4514285714285714,175,0.3542600896860987,223,0.005645573407572198,0.7623318385650224,0.004830235321346644,0.6502242152466368,0.0038679211496023703,0.5112107623318386,0.0026599521750332914,0.3901345291479821,0.8583795894208186,0.7758117517518015,0.6994412670296268,0.3894684310610939,0.2239791564473355,0.5881212917514534,186.7025554505804,0.05278175116620032,0.15456934561549238,0.15157700535816576,0.8424383150243955,0.1545310450299026,0.0,0.0,0.0,0.0,0.8552520003612387,0.858316915574831,0.0031275890595799443,0.0049818753458347916,6.267384598775418e-05,24387.120702541102,17270.05979073244,23504.626307922277,27549.39050822123,0.4970903751251149,1.0390178461343595,0.011733369814335627,0,0.0,0.12630792227204798,0.3337070254110622,0.21823617339312448,0.48654708520179524,0.24065769805680162,0.3467862481315405,0.11733931240657709,0.04110612855007474,0.02690582959641255,0.05792227204783259,0.002242152466367713,0.002242152466367713,0.0,0.0,0.0,0.0,0.0,0.0,,,,,,,,,,
P2-IMA-M-v2,17,RSI-1,1e4601988e0929a2a1e1f936c88503f6bfbcf754a6b56807b3bdae26349b1a94,M,1.0,1.0,1.0,rsi,reference_count,,,203,406,0.002652168631369348,0.008392153978295198,0.005739985346925848,0.003921928459226269,0.5073891625615764,-0.007745323923964751,-0.03990291196982095,21,0.3448275862068966,203,0.445859872611465,157,0.3448275862068966,203,0.005739985346925848,0.7684729064039408,0.004903342823435422,0.6502463054187192,0.003921928459226269,0.5073891625615764,0.002684366204099314,0.39408866995073893,0.8649859301546825,0.7841171696543621,0.7130721375499008,0.40617857163197707,0.23283306063900988,0.6118600352324886,171.28266248061237,0.04663742234091577,0.13697507031023357,0.1238076747277536,0.8498575346639375,0.13694466395760738,0.0,0.0,0.0,0.0,0.8623337615233133,0.864800460635338,0.002652168631369348,0.005690449100960358,0.00018546951934450824,22826.864532019703,16818.019704433496,22894.418719211822,23307.37684729064,0.4951488780798991,1.0482963562886185,0.009661367081053304,0,0.0,0.12561576354679793,0.3448275862068962,0.22660098522167466,0.48522167487684675,0.2487684729064037,0.34236453201970407,0.11822660098522157,0.03694581280788177,0.019704433497536946,0.04679802955665023,0.0024630541871921183,0.0024630541871921183,0.0,0.0,0.0,0.0,0.0,0.0,m=2,,,,,,,,,
P2-IMA-M-v2,17,RSI-1,1e4601988e0929a2a1e1f936c88503f6bfbcf754a6b56807b3bdae26349b1a94,M,1.0,1.0,1.0,rsi,reference_count,,,20,65,0.007953106405917492,0.012640398629050137,0.0046872922231326435,0.003319746956919803,0.55,-0.008330258540217725,-0.04802700051130196,2,0.45,20,0.5,18,0.45,20,0.0046872922231326435,0.7,0.004088194175145547,0.65,0.003319746956919803,0.55,0.002412149780013165,0.35,0.7913252309721006,0.6915117600408119,0.5610879312488473,0.2198605042666304,0.13411202890184076,0.3471730454189457,343.2144690957561,0.11514668874283826,0.3331512399638693,0.4334357112568493,0.7671332356830438,0.3330328129136988,0.0,0.0,0.0,0.0,0.7833721245661831,0.7925089332106839,0.007953106405917492,-0.002210148268689712,-0.0011837022385833,40223.72083333333,21858.266666666666,29698.23333333333,70605.82916666668,0.5167965701340547,0.944840968068631,0.032764197557151195,0,0.0,0.13333333333333333,0.2208333333333333,0.13333333333333333,0.5,0.15833333333333333,0.3916666666666667,0.10833333333333332,0.08333333333333333,0.09999999999999999,0.1708333333333333,0.0,0.0,0.0,0.0,0.0,0.0,0.0,0.0,m>=3,,,,,,,,,
P2-IMA-M-v2,17,RSI-1,1e4601988e0929a2a1e1f936c88503f6bfbcf754a6b56807b3bdae26349b1a94,M,1.0,1.0,1.0,rsi,fixed_two_references,,,223,446,0.0027538577318140973,0.008590181317132803,0.005836323585318706,0.004020876250318213,0.5067264573991032,-0.007666198231364192,-0.041122508708104674,23,0.34080717488789236,223,0.4393063583815029,173,0.34080717488789236,223,0.005836323585318706,0.757847533632287,0.005004860259607207,0.6457399103139013,0.004020876250318213,0.5067264573991032,0.0027856753207755078,0.3901345291479821,0.8576422605403972,0.7749916548790852,0.6987120304008476,0.3886079563517942,0.22365850457914166,0.5867806640471628,189.73539683848287,0.053263255970804974,0.15506463517505892,0.15200224694260292,0.841872977419746,0.15503706769199432,0.0,0.0,0.0,0.0,0.854888402808583,0.8572851765265763,0.0027538577318140973,0.004855814022367043,0.0003570840138209459,24801.910313901346,17322.33408071749,23452.35201793722,27134.600896860986,0.4970903751251149,1.0390178461343595,0.011733369814335627,0,0.0,0.12780269058295982,0.3385650224215254,0.21524663677130088,0.477578475336324,0.24439461883408123,0.34080717488789314,0.12107623318385667,0.04484304932735426,0.026905829596412554,0.05829596412556053,0.002242152466367713,0.002242152466367713,0.0,0.0,0.0,0.0,0.0,0.0,,17,,,,,,,,
P2-IMA-M-v2,17,RSI-1,1e4601988e0929a2a1e1f936c88503f6bfbcf754a6b56807b3bdae26349b1a94,M,1.0,1.0,1.0,rsi,tool_sensitivity,,,166,209,0.005278308230376543,0.010610947850778289,0.005332639620401746,0.0035012168779855884,0.3433734939759036,0.003145241144735749,-0.03164787483318246,17,0.38235294117647056,34,0.43333333333333335,30,0.38235294117647056,34,0.005332639620401746,0.5,0.0045084538973927816,0.42168674698795183,0.0035012168779855884,0.3433734939759036,0.0022381540014110627,0.2469879518072289,0.8648694676531384,0.7765438272391211,0.705629291355634,0.32630183140955704,0.18135007172060089,0.5096763918212127,176.76997519351053,0.05327777068188889,0.15719049832555484,0.1606867632987146,0.8463057671116297,0.15699797607274224,0.0,0.0,0.0,0.0,0.8595911594227618,0.8678347524489172,0.005278308230376543,0.008865169898408604,-0.0029652847957787787,8419.115461847388,21760.949799196787,12930.044176706826,47788.02911646587,0.48854610670284315,1.0430562640736976,0.013463191129268411,0,0.0,0.14056224899598393,0.34437751004016076,0.16214859437751,0.49497991967871546,0.23393574297188757,0.37901606425702844,0.10341365461847392,0.057228915662650606,0.027108433734939763,0.05722891566265059,0.0,0.0,0.0,0.0,0.0,0.0,0.0,0.0,,,T1,,,,,,,
P2-IMA-M-v2,17,RSI-1,1e4601988e0929a2a1e1f936c88503f6bfbcf754a6b56807b3bdae26349b1a94,M,1.0,1.0,1.0,rsi,tool_sensitivity,,,86,86,-0.000277886097953182,0.007867790752945143,0.008145676850898325,0.006207854210313979,0.3488372093023256,-0.000277886097953182,-0.042332329502176934,9,nan,0,nan,0,nan,0,0.008145676850898325,0.4418604651162791,0.007317866604892146,0.4069767441860465,0.006207854210313979,0.3488372093023256,0.004632914516946399,0.3023255813953488,0.7858367859179922,0.7010886968572073,0.5729180157585466,0.3184270999113757,0.18193532699549939,0.505111453794068,351.9454519559695,0.08396576367827156,0.223804690875113,0.21174544004485185,0.7641360606883524,0.22405343933621027,0.0,0.0,0.0,0.0,0.7861146720159454,0.7800811527295488,-0.000277886097953182,0.00432504637729983,0.00575563318844329,77513.18604651163,20592.883720930233,63102.66279069767,30760.906976744187,0.5166574493684064,1.2358033975888028,0.01520657683039981,0,0.0,0.08139534883720931,0.313953488372093,0.1976744186046511,0.4418604651162793,0.2906976744186046,0.32558139534883723,0.12790697674418602,0.05813953488372093,0.046511627906976744,0.09302325581395349,0.011627906976744186,0.011627906976744186,0.0,0.0,0.0,0.0,0.0,0.0,,,T2,,,,,,,
P2-IMA-M-v2,17,RSI-1,1e4601988e0929a2a1e1f936c88503f6bfbcf754a6b56807b3bdae26349b1a94,M,1.0,1.0,1.0,rsi,tool_sensitivity,,,147,176,0.0032152600687110704,0.008040059598029508,0.004824799529318437,0.003168421208670177,0.2653061224489796,0.002097577259710507,-0.031660251618065564,15,0.17857142857142858,28,0.2631578947368421,19,0.17857142857142858,28,0.004824799529318437,0.5034013605442177,0.004011388812108534,0.3945578231292517,0.003168421208670177,0.2653061224489796,0.00220250458662574,0.19047619047619047,0.8758249789167089,0.7968721672870898,0.7305020136972432,0.47740382624431965,0.28281998075923015,0.6885858091654162,156.83710108281068,0.042813451827847945,0.13350864079550687,0.13100975493004527,0.8639924740862279,0.13357306536660002,0.0,0.0,0.0,0.0,0.8726097188479979,0.8758472808475124,0.0032152600687110704,0.000617047317765332,-2.2301930803559594e-05,22973.51927437642,13824.795918367347,18291.136054421768,18807.24943310658,0.5007951004523471,0.9340982229142551,0.009385086718131045,0,0.0,0.1462585034013605,0.33673469387755117,0.2845804988662133,0.5000000000000003,0.21768707482993205,0.3208616780045353,0.12244897959183668,0.017006802721088433,0.013605442176870748,0.04081632653061224,0.0,0.0,0.0,0.0,0.0,0.0,0.0,0.0,,,T3,,,,,,,
P2-IMA-M-v2,17,RSI-1,1e4601988e0929a2a1e1f936c88503f6bfbcf754a6b56807b3bdae26349b1a94,H,1.0,1.0,1.0,rsi,native_source_subset,H,H,47,104,0.006367352334955242,0.011573339670672636,0.005205987335717393,0.003554683920970211,0.5531914893617021,-0.0051780465827538005,-0.04255160126645041,5,0.3829787234042553,47,0.45,40,0.3829787234042553,47,0.005205987335717393,0.7021276595744681,0.004500520608607878,0.6170212765957447,0.003554683920970211,0.5531914893617021,0.0023431292011821016,0.40425531914893614,0.8213255461769815,0.7305131018179736,0.6140589487524301,0.2412214524695765,0.1360893189945752,0.42358027112833113,197.3739790506186,0.06803763278143864,0.21284790600630196,0.22961436184403874,0.8039185516046978,0.2127283398351924,0.0,0.0,0.0,0.0,0.8149581938420262,0.8255253035873007,0.006367352334955242,0.007244900403980244,-0.004199757410319235,10498.63475177305,10995.847517730495,16563.59929078014,13359.641843971633,0.5025790056827808,1.3679289047849197,0.015074475099329219,0,0.0,0.10283687943262412,0.24113475177304955,0.15780141843971626,0.47872340425531945,0.19148936170212763,0.37765957446808524,0.15248226950354607,0.09574468085106383,0.07446808510638298,0.11702127659574468,0.0,0.010638297872340425,0.0,0.0,0.0,0.0,0.0,0.0,,,,,,,,,,
P2-IMA-M-v2,17,RSI-1,1e4601988e0929a2a1e1f936c88503f6bfbcf754a6b56807b3bdae26349b1a94,H,1.0,1.0,1.0,rsi,reference_count,,,39,78,0.006756803031374475,0.012347505999674154,0.00559070296829968,0.003803757632341974,0.5641025641025641,-0.004719780181319748,-0.039672287769117076,4,0.38461538461538464,39,0.4411764705882353,34,0.38461538461538464,39,0.00559070296829968,0.717948717948718,0.004828227486674547,0.6410256410256411,0.003803757632341974,0.5641025641025641,0.002482842061151392,0.4358974358974359,0.8057019611318547,0.7117797369414353,0.5812766541889273,0.24441550769418932,0.13874592791102056,0.4330648940975459,210.00628437439738,0.06819427315115177,0.21801016269586024,0.22257518036088023,0.786554856342007,0.21788649970538557,0.0,0.0,0.0,0.0,0.7989451581004803,0.8108885804397054,0.006756803031374475,0.009218369347926898,-0.005186619307850674,12439.166666666666,11340.02564102564,18352.923076923078,15063.807692307691,0.5003432565951177,1.4284886096485379,0.013298179508207535,0,0.0,0.08974358974358973,0.24358974358974367,0.15384615384615385,0.48717948717948745,0.19230769230769235,0.3846153846153848,0.16666666666666669,0.11538461538461536,0.0641025641025641,0.08974358974358973,0.0,0.01282051282051282,0.0,0.0,0.0,0.0,0.0,0.0,m=2,,,,,,,,,
P2-IMA-M-v2,17,RSI-1,1e4601988e0929a2a1e1f936c88503f6bfbcf754a6b56807b3bdae26349b1a94,H,1.0,1.0,1.0,rsi,reference_count,,,8,26,0.004468780189911491,0.007799278816790228,0.0033304986268787363,0.002340449578032861,0.5,-0.007412095289744805,-0.054068855255783754,1,0.375,8,0.5,6,0.375,8,0.0033304986268787363,0.625,0.0029029495780328613,0.5,0.002340449578032861,0.5,0.0016620290088318113,0.25,0.897490523271975,0.8218382555910995,0.773872634749506,0.22565043324958933,0.12313835052690397,0.3773427341534097,135.79149059719714,0.06727401097908708,0.18768190464470536,0.26393037157443666,0.8885665660103161,0.18758231046800067,0.0,0.0,0.0,0.0,0.8930217430820635,0.8968793289318284,0.004468780189911491,-0.002375760697759688,0.0006111943401465292,1038.5416666666665,9317.979166666668,7840.645833333334,5051.833333333334,0.5134782824851383,1.0727003435747822,0.023733916106047453,0,0.0,0.16666666666666666,0.22916666666666663,0.17708333333333331,0.4375,0.18749999999999997,0.34375,0.08333333333333333,0.0,0.125,0.24999999999999997,0.0,0.0,0.0,0.0,0.0,0.0,0.0,0.0,m>=3,,,,,,,,,
P2-IMA-M-v2,17,RSI-1,1e4601988e0929a2a1e1f936c88503f6bfbcf754a6b56807b3bdae26349b1a94,H,1.0,1.0,1.0,rsi,fixed_two_references,,,47,94,0.005970096709871643,0.011398882211044757,0.005428785501173114,0.003773265116769495,0.5319148936170213,-0.0046965805597253135,-0.04255160126645041,5,0.3617021276595745,47,0.425,40,0.3617021276595745,47,0.005428785501173114,0.6808510638297872,0.004719101804407161,0.5957446808510638,0.003773265116769495,0.5319148936170213,0.0025678713232184817,0.40425531914893614,0.8211129621334324,0.730254029175897,0.6160743874007261,0.24169326829525467,0.13414419011893425,0.4258522229359628,195.5017935983295,0.06794422258613256,0.21495268933792064,0.23361331306427638,0.8037079358446523,0.21478436211952057,0.0,0.0,0.0,0.0,0.815142865423561,0.8251954415974091,0.005970096709871643,0.005900449535631119,-0.004082479463976394,10470.72340425532,11208.08510638298,16351.36170212766,13387.553191489362,0.5025790056827808,1.3679289047849197,0.015074475099329219,0,0.0,0.10638297872340426,0.24468085106382964,0.14893617021276592,0.4680851063829789,0.19148936170212758,0.37234042553191493,0.14893617021276592,0.09574468085106383,0.0851063829787234,0.1276595744680851,0.0,0.010638297872340425,0.0,0.0,0.0,0.0,0.0,0.0,,17,,,,,,,,
P2-IMA-M-v2,17,RSI-1,1e4601988e0929a2a1e1f936c88503f6bfbcf754a6b56807b3bdae26349b1a94,H,1.0,1.0,1.0,rsi,tool_sensitivity,,,47,76,0.007232902949096509,0.012129220126832034,0.004896317177735524,0.0030018839987102624,0.44680851063829785,0.002949113809058268,-0.032098847691671394,5,0.35,20,0.3888888888888889,18,0.35,20,0.004896317177735524,0.5531914893617021,0.004066994137227492,0.48936170212765956,0.0030018839987102624,0.44680851063829785,0.00165833846924572,0.2765957446808511,0.8461371844887106,0.7538874090805087,0.6544535004781536,0.25268961726684075,0.14477884828985657,0.4239660316701073,171.9859214615997,0.0604267306761286,0.18602252015117424,0.20010322423037538,0.8280581848312777,0.18585723167510365,0.0,0.0,0.0,0.0,0.8389042815396137,0.8522067521152912,0.007232902949096509,0.010954501298883706,-0.006069567626580729,6390.397163120567,14072.939716312057,13486.50709219858,17467.879432624115,0.5025790056827808,1.3679289047849197,0.015074475099329219,0,0.0,0.10283687943262412,0.2695035460992908,0.14716312056737588,0.47163120567375866,0.18794326241134748,0.3705673758865247,0.18439716312056736,0.1382978723404255,0.05319148936170212,0.07446808510638298,0.0,0.0,0.0,0.0,0.0,0.0,0.0,0.0,,,T1,,,,,,,
P2-IMA-M-v2,17,RSI-1,1e4601988e0929a2a1e1f936c88503f6bfbcf754a6b56807b3bdae26349b1a94,H,1.0,1.0,1.0,rsi,tool_sensitivity,,,28,28,0.005341153988453965,0.011187912016287157,0.005846758027833192,0.004605723197145446,0.21428571428571427,0.005341153988453965,-0.038495145918044815,3,nan,0,nan,0,nan,0,0.005846758027833192,0.2857142857142857,0.005332624149421451,0.25,0.004605723197145446,0.21428571428571427,0.0035342946257168745,0.21428571428571427,0.7568125323160115,0.6611375136677804,0.48553523869005183,0.22354281143530547,0.12026393056426059,0.41223299253333634,300.58802693476065,0.08647137944359995,0.2655803146106856,0.26573577782671365,0.73457515445034,0.2656402775973194,0.0,0.0,0.0,0.0,0.7514713783275575,0.7588887806437409,0.005341153988453965,0.005274243652820587,-0.002076248327729515,23441.428571428572,8981.92857142857,30345.64285714286,10875.107142857143,0.5121638973869003,1.5964239301754986,0.011804808759471864,0,0.0,0.10714285714285714,0.17857142857142855,0.21428571428571425,0.49999999999999983,0.17857142857142855,0.35714285714285704,0.10714285714285714,0.03571428571428571,0.10714285714285714,0.17857142857142855,0.0,0.03571428571428571,0.0,0.0,0.0,0.0,0.0,0.0,,,T2,,,,,,,
P2-IMA-M-v2,17,RSI-1,1e4601988e0929a2a1e1f936c88503f6bfbcf754a6b56807b3bdae26349b1a94,T1,1.0,1.0,1.0,rsi,native_source_subset,T1,T1,20,49,0.005166281129723872,0.010389899247119427,0.005223618117395555,0.0034851921350893427,0.6,-0.004900623349365996,-0.04393679947708612,2,0.35,20,0.3888888888888889,18,0.35,20,0.005223618117395555,0.65,0.004509954408284479,0.6,0.0034851921350893427,0.6,0.0022815502796602414,0.35,0.8528133895913257,0.77112307402968,0.684115176469341,0.2449160731984889,0.13856142986581518,0.44653023704631706,132.47600232086285,0.06447674397281403,0.20422355813595158,0.252740423893556,0.8442933061470587,0.20391429899361074,0.0,0.0,0.0,0.0,0.847647108461602,0.8554848208728814,0.005166281129723872,0.0005618452870597438,-0.0026714312815556396,1509.1833333333334,7493.8083333333325,4267.491666666667,6522.166666666667,0.49016217308195564,1.0893668473985163,0.019189720027002616,0,0.0,0.09166666666666667,0.2833333333333334,0.09583333333333333,0.4583333333333334,0.24166666666666667,0.4208333333333334,0.13333333333333333,0.07500000000000001,0.07500000000000001,0.125,0.0,0.0,0.0,0.0,0.0,0.0,0.0,0.0,,,,,,,,,,
P2-IMA-M-v2,17,RSI-1,1e4601988e0929a2a1e1f936c88503f6bfbcf754a6b56807b3bdae26349b1a94,T1,1.0,1.0,1.0,rsi,reference_count,,,13,26,0.0047591257283167,0.011434053286490272,0.0066749275581735705,0.004353276743658911,0.6923076923076923,-0.004028082540485111,-0.03170367344313002,2,0.38461538461538464,13,0.38461538461538464,13,0.38461538461538464,13,0.0066749275581735705,0.6923076923076923,0.005737526394728352,0.6923076923076923,0.004353276743658911,0.6923076923076923,0.002662599367635299,0.46153846153846156,0.8220929717429754,0.7343495350038942,0.600491231064911,0.2655564355025166,0.1489961792576821,0.4996038001531336,166.10440001286676,0.06973808890949824,0.21839162922249392,0.2507597913679022,0.813976529125984,0.21789747638055038,0.0,0.0,0.0,0.0,0.8173338460146586,0.8267371441305992,0.0047591257283167,0.0017692032628334486,-0.004644172387623879,1684.3076923076924,8040.076923076923,2656.923076923077,6935.307692307692,0.47831050177997203,1.184637128258856,0.015365522140651058,0,0.0,0.038461538461538464,0.34615384615384615,0.038461538461538464,0.46153846153846145,0.3076923076923077,0.46153846153846145,0.15384615384615385,0.11538461538461539,0.038461538461538464,0.038461538461538464,0.0,0.0,0.0,0.0,0.0,0.0,0.0,0.0,m=2,,,,,,,,,
P2-IMA-M-v2,17,RSI-1,1e4601988e0929a2a1e1f936c88503f6bfbcf754a6b56807b3bdae26349b1a94,T1,1.0,1.0,1.0,rsi,reference_count,,,7,23,0.005922426875194335,0.008450756031145003,0.0025283291559506675,0.0018730350048887148,0.42857142857142855,-0.006521056280144781,-0.054068855255783754,1,0.2857142857142857,7,0.4,5,0.2857142857142857,7,0.0025283291559506675,0.5714285714285714,0.002230177862031572,0.42857142857142855,0.0018730350048887148,0.42857142857142855,0.0015738876877065626,0.14285714285714285,0.9098655941668335,0.8394167893632821,0.8394167893632821,0.20658397177672327,0.1191826095666338,0.3479650484193721,70.0232637499984,0.05470567480468625,0.1779114261180872,0.2564187414411988,0.9005958920433408,0.1779455409892943,0.0,0.0,0.0,0.0,0.903943167291639,0.9088733633942626,0.005922426875194335,-0.00168039095366285,0.0009922307725710904,1183.9523809523812,6479.309523809524,7258.547619047619,5754.904761904762,0.5121724197856398,0.9124363258007426,0.026291801815941217,0,0.0,0.19047619047619047,0.16666666666666663,0.20238095238095238,0.45238095238095233,0.11904761904761904,0.3452380952380952,0.09523809523809523,0.0,0.14285714285714285,0.2857142857142857,0.0,0.0,0.0,0.0,0.0,0.0,0.0,0.0,m>=3,,,,,,,,,
P2-IMA-M-v2,17,RSI-1,1e4601988e0929a2a1e1f936c88503f6bfbcf754a6b56807b3bdae26349b1a94,T1,1.0,1.0,1.0,rsi,fixed_two_references,,,20,40,0.004045706915624606,0.009898950759086242,0.005853243843461635,0.004063241315796131,0.55,-0.003769178195249051,-0.04393679947708612,2,0.3,20,0.3333333333333333,18,0.3,20,0.005853243843461635,0.6,0.005113003588991268,0.55,0.004063241315796131,0.55,0.0028324109703575383,0.35,0.8507438555946703,0.7679827660418487,0.6809748684815097,0.2434439184237757,0.13240214501120434,0.44946468652400345,134.25435342608154,0.06586608077376614,0.21071579912677407,0.26406149794347583,0.842629897966981,0.21030746633528877,0.0,0.0,0.0,0.0,0.8466981486790457,0.8531620317509093,0.004045706915624606,-0.0025969202630221843,-0.002418176156239113,1443.075,8255.15,3506.15,6588.275,0.49016217308195564,1.0893668473985163,0.019189720027002616,0,0.0,0.1,0.3,0.07500000000000001,0.4250000000000001,0.24999999999999997,0.4000000000000001,0.125,0.07500000000000001,0.1,0.15,0.0,0.0,0.0,0.0,0.0,0.0,0.0,0.0,,17,,,,,,,,
P2-IMA-M-v2,17,RSI-1,1e4601988e0929a2a1e1f936c88503f6bfbcf754a6b56807b3bdae26349b1a94,T1,1.0,1.0,1.0,rsi,tool_sensitivity,,,20,49,0.005166281129723872,0.010389899247119427,0.005223618117395555,0.0034851921350893427,0.6,-0.004900623349365996,-0.04393679947708612,2,0.35,20,0.3888888888888889,18,0.35,20,0.005223618117395555,0.65,0.004509954408284479,0.6,0.0034851921350893427,0.6,0.0022815502796602414,0.35,0.8528133895913257,0.77112307402968,0.684115176469341,0.2449160731984889,0.13856142986581518,0.44653023704631706,132.47600232086285,0.06447674397281403,0.20422355813595158,0.252740423893556,0.8442933061470587,0.20391429899361074,0.0,0.0,0.0,0.0,0.847647108461602,0.8554848208728814,0.005166281129723872,0.0005618452870597438,-0.0026714312815556396,1509.1833333333334,7493.8083333333325,4267.491666666667,6522.166666666667,0.49016217308195564,1.0893668473985163,0.019189720027002616,0,0.0,0.09166666666666667,0.2833333333333334,0.09583333333333333,0.4583333333333334,0.24166666666666667,0.4208333333333334,0.13333333333333333,0.07500000000000001,0.07500000000000001,0.125,0.0,0.0,0.0,0.0,0.0,0.0,0.0,0.0,,,T1,,,,,,,
P2-IMA-M-v2,17,B,1703ca22a1c39afeca05ffd0c12fe01606f41d5af81442d20102f130cc2ca491,H,1.0,0.0,1.0,b,paired_M_references_on_source_images,H,M,47,109,0.010433133606642976,0.017893384141634015,0.007460250534991039,0.005696602408607677,0.6170212765957447,-0.008461009109119457,-0.056630292500970694,5,0.46808510638297873,47,0.5365853658536586,41,0.46808510638297873,47,0.007460250534991039,0.7446808510638298,0.006707363637418532,0.6595744680851063,0.005696602408607677,0.6170212765957447,0.004371584860209475,0.46808510638297873,0.8273276014161204,0.7362414778010036,0.624113063875743,0.24377060314082283,0.13705447608433594,0.4293757707161569,197.4908437214659,0.0676467861091467,0.20647520963630991,0.22173416650076302,0.8087837475661527,0.2063548644149385,0.0,0.0,0.0,0.0,0.8168944678094774,0.8277738870614569,0.010433133606642976,0.011773531160033341,-0.00044628564533655507,19582.092198581562,9194.533687943263,19817.083333333336,23257.71631205674,0.5377559301057929,1.547586181999415,0.01963846897148298,0,0.0,0.07978723404255318,0.3191489361702127,0.14716312056737588,0.4893617021276598,0.2624113475177304,0.39184397163120577,0.09929078014184398,0.04964539007092199,0.06914893617021277,0.08156028368794327,0.0,0.010638297872340425,0.0,0.0,0.0,0.0,0.0,0.0,,,,-0.0023758394584656095,-0.010243490277814299,0.004147545879441115,known_case_group,47,2000,17
P2-IMA-M-v2,17,B,1703ca22a1c39afeca05ffd0c12fe01606f41d5af81442d20102f130cc2ca491,T1,1.0,0.0,1.0,b,paired_M_references_on_source_images,T1,M,20,55,0.00913683465402542,0.014939616475992928,0.00580278182196751,0.004213235519368205,0.6,-0.006513441503374767,-0.057064675499188255,2,0.4,20,0.4444444444444444,18,0.4,20,0.00580278182196751,0.7,0.005129280149694579,0.6,0.004213235519368205,0.6,0.0031015698832273743,0.45,0.8622698249473766,0.7821179985194137,0.6946667056859621,0.27497605911314443,0.15290519307469483,0.4745863493260282,120.02375272279262,0.06250443940079807,0.1942175535329928,0.2401293370872736,0.8516942314803602,0.19388647435471013,0.0,0.0,0.0,0.0,0.8531329902933511,0.8630851035354498,0.00913683465402542,0.004162835547079643,-0.0008152785880733611,2787.2416666666663,6695.554166666666,5592.595833333333,9983.558333333334,0.5267752342620231,1.1998806236994688,0.02365128216885801,0,0.0,0.11249999999999999,0.3500000000000001,0.12083333333333333,0.5000000000000001,0.26666666666666666,0.39583333333333337,0.03333333333333333,0.016666666666666666,0.0875,0.11666666666666665,0.0,0.0,0.0,0.0,0.0,0.0,0.0,0.0,,,,-0.007330315731960524,-0.01928739521855246,0.0030451671129914895,known_case_group,20,2000,17
P2-IMA-M-v2,17,Anchor,1703ca22a1c39afeca05ffd0c12fe01606f41d5af81442d20102f130cc2ca491,H,0.0,0.0,0.0,anchor,paired_M_references_on_source_images,H,M,47,109,0.0,0.0,0.0,0.0,0.0,0.0,0.0,5,0.0,47,nan,0,nan,0,0.0,0.0,0.0,0.0,0.0,0.0,0.0,0.0,0.8168944678094774,0.7230361297646724,0.6003610891481969,0.24127092597306582,0.13742841321761,0.4133533764964996,208.10138643609525,0.07220778735610316,0.21824874079634324,0.21885138729517845,0.7823539074975376,0.21814302904557656,0.0,0.0,0.0,0.0,0.8168944678094774,0.8277738870614569,0.0,0.0,-0.010879419251979532,0.0,0.0,0.0,0.0,0.0,0.0,0.0,0,0.0,0.0,0.0,0.0,0.0,0.0,0.0,0.0,0.0,0.0,0.0,0.0,0.0,0.0,0.9999999999999986,0.0,0.0,0.9999999999999986,0.0,,,,-0.0019362739674510722,-0.01072761463294923,0.0050886672474624445,known_case_group,47,2000,17
P2-IMA-M-v2,17,Anchor,1703ca22a1c39afeca05ffd0c12fe01606f41d5af81442d20102f130cc2ca491,T1,0.0,0.0,0.0,anchor,paired_M_references_on_source_images,T1,M,20,55,0.0,0.0,0.0,0.0,0.0,0.0,0.0,2,0.0,20,nan,0,nan,0,0.0,0.0,0.0,0.0,0.0,0.0,0.0,0.0,0.8531329902933511,0.767957016687941,0.6715219854155638,0.24372929789195025,0.13639008904287886,0.43192559792860025,126.40494620391087,0.06569672584779641,0.19838038908007244,0.23520192650612443,0.8384411476552487,0.19802724393352328,0.0,0.0,0.0,0.0,0.8531329902933511,0.8630851035354498,0.0,0.0,-0.00995211324209878,0.0,0.0,0.0,0.0,0.0,0.0,0.0,0,0.0,0.0,0.0,0.0,0.0,0.0,0.0,0.0,0.0,0.0,0.0,0.0,0.0,0.0,1.0000000000000007,0.0,0.0,1.0000000000000007,0.0,,,,-0.005485881831749223,-0.017621528860189695,0.005426036254927149,known_case_group,20,2000,17
P2-IMA-M-v2,17,D0,6e0811712543811a10b6cde1ec29db65b7bb4f25142c6991f2738d3d5c073f0a,H,1.0,0.0,1.0,d0,paired_M_references_on_source_images,H,M,47,109,0.010879419251979532,0.01808632682752783,0.0072069075755482985,0.00556453843495377,0.574468085106383,-0.00827319174917539,-0.05794142116732668,5,0.44680851063829785,47,0.5121951219512195,41,0.44680851063829785,47,0.0072069075755482985,0.7021276595744681,0.006503748484208751,0.6595744680851063,0.00556453843495377,0.574468085106383,0.004206600166412359,0.5106382978723404,0.8277738870614569,0.7366253078733906,0.6167437373264418,0.24372086237989793,0.1357704270454202,0.42911600339907086,197.38109679768195,0.06760788631172786,0.2052203074216526,0.2184482758612114,0.8080076618826681,0.20509158864372398,0.0,0.0,0.0,0.0,0.8168944678094774,0.8277738870614569,0.010879419251979532,0.01302843337469067,0.0,16389.16843971631,14485.551418439718,24672.72517730497,21223.959219858156,0.5511957602828149,1.561624850728891,0.02152789912581525,0,0.0,0.060283687943262415,0.27482269503546086,0.1524822695035461,0.5265957446808514,0.23758865248226943,0.4273049645390073,0.10638297872340426,0.05319148936170213,0.06914893617021277,0.08156028368794326,0.0,0.010638297872340425,0.0,0.0,0.0,0.0,0.0,0.0,,,,-0.0022485834741561225,-0.009605075523461673,0.004027784866460877,known_case_group,47,2000,17
P2-IMA-M-v2,17,D0,6e0811712543811a10b6cde1ec29db65b7bb4f25142c6991f2738d3d5c073f0a,T1,1.0,0.0,1.0,d0,paired_M_references_on_source_images,T1,M,20,55,0.00995211324209878,0.015932921610832932,0.005980808368734147,0.0045814587124056155,0.55,-0.006413005594834767,-0.06454127006817767,2,0.4,20,0.4444444444444444,18,0.4,20,0.005980808368734147,0.6,0.00539114798788012,0.55,0.0045814587124056155,0.55,0.0034299140162850584,0.45,0.8630851035354498,0.7827957665339851,0.6939869057774438,0.27417786800961474,0.15006823248429121,0.47207631223959856,119.79058328131109,0.06246849455912684,0.191612734599039,0.23503173927310855,0.8518062713245552,0.19125854971228543,0.0,0.0,0.0,0.0,0.8531329902933511,0.8630851035354498,0.00995211324209878,0.0067676544810334836,0.0,2742.320833333333,8283.020833333334,6263.729166666667,10592.629166666666,0.5435935532872397,1.264414377682803,0.02656947265971899,0,0.0,0.04166666666666667,0.2708333333333333,0.13333333333333333,0.5625000000000002,0.25833333333333336,0.4791666666666667,0.05,0.0,0.0875,0.11666666666666665,0.0,0.0,0.0,0.0,0.0,0.0,0.0,0.0,,,,-0.007600282662568481,-0.019515366424957527,0.002654981222352587,known_case_group,20,2000,17
P2-IMA-M-v2,17,RSI-1,1e4601988e0929a2a1e1f936c88503f6bfbcf754a6b56807b3bdae26349b1a94,H,1.0,1.0,1.0,rsi,paired_M_references_on_source_images,H,M,47,109,0.0069035204224879975,0.011877861683096184,0.004974341260608183,0.0033945406154102767,0.5531914893617021,-0.005471212059431782,-0.04255160126645041,5,0.425531914893617,47,0.5,40,0.425531914893617,47,0.004974341260608183,0.7021276595744681,0.004297824111558582,0.6170212765957447,0.0033945406154102767,0.5531914893617021,0.002236586278673899,0.40425531914893614,0.8237979882319653,0.7322061150821288,0.6096079541953991,0.24457033516049453,0.1383915596240345,0.4273272573974729,201.382097776242,0.06891501216162733,0.20964760750083,0.22514877960842156,0.8058535666739527,0.20951517814927875,0.0,0.0,0.0,0.0,0.8168944678094774,0.8277738870614569,0.0069035204224879975,0.008601133295513213,-0.003975898829491534,10424.320921985816,10896.982269503547,16662.464539007095,13433.955673758866,0.5025790056827807,1.3679289047849197,0.015074475099329219,0,0.0,0.0851063829787234,0.23581560283687933,0.16489361702127656,0.5000000000000003,0.18794326241134748,0.3989361702127661,0.14893617021276598,0.0851063829787234,0.07801418439716312,0.10460992907801418,0.0,0.010638297872340425,0.0,0.0,0.0,0.0,0.0,0.0,,,,-0.0024724420549838287,-0.010908839045484241,0.004249669152899115,known_case_group,47,2000,17
P2-IMA-M-v2,17,RSI-1,1e4601988e0929a2a1e1f936c88503f6bfbcf754a6b56807b3bdae26349b1a94,T1,1.0,1.0,1.0,rsi,paired_M_references_on_source_images,T1,M,20,55,0.007006586624165432,0.01145830427885951,0.004451717654694076,0.002968546577272452,0.6,-0.004900623349365996,-0.04393679947708612,2,0.45,20,0.5,18,0.45,20,0.004451717654694076,0.65,0.0038433088504675876,0.6,0.002968546577272452,0.6,0.0019741989553482523,0.35,0.8601395769175164,0.7789697321723785,0.691992899252005,0.2633944487247762,0.14978640285752845,0.4683565214692121,122.40113149420806,0.06350958293831041,0.19619835896107057,0.2426175439342236,0.8502208250264326,0.19584808741716528,0.0,0.0,0.0,0.0,0.8531329902933511,0.8630851035354498,0.007006586624165432,0.002182030119001866,-0.00294552661793335,1531.5791666666669,6433.233333333334,5328.0666666666675,6499.770833333334,0.49016217308195564,1.0893668473985163,0.019189720027002616,0,0.0,0.07500000000000001,0.25416666666666665,0.11249999999999999,0.5250000000000001,0.21666666666666667,0.4625,0.09999999999999999,0.05,0.08333333333333333,0.12083333333333332,0.0,0.0,0.0,0.0,0.0,0.0,0.0,0.0,,,,-0.007326187326190778,-0.02018569390391296,0.003799415686329693,known_case_group,20,2000,17
